split,short_side_640_px,long_side_640_px,area_640_px2,aspect_ratio
train,21.25,27.5,584.375,1.29411764706
train,20,37.5,750,1.875
train,25,35,875,1.4
train,21.25,40,850,1.88235294118
train,27.5,32.5,893.75,1.18181818182
train,26.25,43.75,1148.4375,1.66666666667
train,27.5,45,1237.5,1.63636363636
train,20,26.25,525,1.3125
train,22.5,28.75,646.875,1.27777777778
train,20,41.25,825,2.0625
train,12.5,15,187.5,1.2
train,30,47.5,1425,1.58333333333
train,20,23.75,475,1.1875
train,21.25,31.25,664.0625,1.47058823529
train,23.75,23.75,564.0625,1
train,18.75,22.5,421.875,1.2
train,13.1058020478,13.2642487047,173.838617836,1.01208981002
train,18.566552901,43.1088082902,800.381969619,2.32185309357
train,16.25,18.75,304.6875,1.15384615385
train,15,17.5,262.5,1.16666666667
train,16.25,17.5,284.375,1.07692307692
train,15,20,300,1.33333333333
train,12.5,16.25,203.125,1.3
train,13.75,17.5,240.625,1.27272727273
train,15,23.75,356.25,1.58333333333
train,16.25,17.5,284.375,1.07692307692
train,13.75,15,206.25,1.09090909091
train,16.25,20,325,1.23076923077
train,28.75,37.5,1078.125,1.30434782609
train,12.6010362694,18.0204778157,227.076694548,1.43007903718
train,28.75,35,1006.25,1.21739130435
train,21.25,22.5,478.125,1.05882352941
train,28.75,50,1437.5,1.73913043478
train,22.5,38.75,871.875,1.72222222222
train,17.4744027304,18.5699481865,324.498753294,1.06269430052
train,38.75,50,1937.5,1.29032258065
train,23.75,30,712.5,1.26315789474
train,15,25,375,1.66666666667
train,27.5,37.5,1031.25,1.36363636364
train,21.25,27.5,584.375,1.29411764706
train,12.5,22.5,281.25,1.8
train,15,21.25,318.75,1.41666666667
train,24.5733788396,38.4663212435,945.247484482,1.56536557283
train,22.5,23.75,534.375,1.05555555556
train,20,41.25,825,2.0625
train,25,27.5,687.5,1.1
train,16.25,27.5,446.875,1.69230769231
train,13.75,23.75,326.5625,1.72727272727
train,27.5,30,825,1.09090909091
train,27.5,37.5,1031.25,1.36363636364
train,25,40,1000,1.6
train,16.25,28.75,467.1875,1.76923076923
train,26.25,27.5,721.875,1.04761904762
train,21.2969283276,24.5388601036,522.602344869,1.15222532217
train,30,41.25,1237.5,1.375
train,14.1979522184,19.2331606218,273.071495517,1.35464328418
train,21.2227979275,25.6655290102,544.694335886,1.20933767065
train,15.2901023891,17.2435233161,263.655237051,1.12775721688
train,17.5,20,350,1.14285714286
train,12.5,18.75,234.375,1.5
train,16.25,16.25,264.0625,1
train,32.2184300341,45.7616580311,1474.36877752,1.42035654694
train,32.5,35,1137.5,1.07692307692
train,32.5,36.25,1178.125,1.11538461538
train,16.25,18.75,304.6875,1.15384615385
train,11.25,17.5,196.875,1.55555555556
train,15,21.25,318.75,1.41666666667
train,21.25,21.25,451.5625,1
train,17.5,23.75,415.625,1.35714285714
train,25,35,875,1.4
train,25,35,875,1.4
train,13.75,25,343.75,1.81818181818
train,27.5,28.75,790.625,1.04545454545
train,23.75,30,712.5,1.26315789474
train,18.75,25,468.75,1.33333333333
train,25,30,750,1.2
train,16.25,18.75,304.6875,1.15384615385
train,18.75,18.75,351.5625,1
train,15,23.75,356.25,1.58333333333
train,16.25,27.5,446.875,1.69230769231
train,27.5,30,825,1.09090909091
train,18.75,26.25,492.1875,1.4
train,20,26.25,525,1.3125
train,18.75,25,468.75,1.33333333333
train,15.2538860104,15.2901023891,233.23347893,1.0023742395
train,15.2901023891,16.5803108808,253.514651011,1.0843819393
train,27.5,40,1100,1.45454545455
train,21.25,31.25,664.0625,1.47058823529
train,27.5,41.25,1134.375,1.5
train,17.5,33.75,590.625,1.92857142857
train,20,21.25,425,1.0625
train,17.5,22.5,393.75,1.28571428571
train,37.5,41.25,1546.875,1.1
train,18.75,32.5,609.375,1.73333333333
train,21.25,27.5,584.375,1.29411764706
train,27.5,52.5,1443.75,1.90909090909
train,22.5,25,562.5,1.11111111111
train,17.5,43.75,765.625,2.5
train,8.75,31.25,273.4375,3.57142857143
train,25,30,750,1.2
train,18.75,18.75,351.5625,1
train,18.75,23.75,445.3125,1.26666666667
train,12.5,16.25,203.125,1.3
train,16.25,17.5,284.375,1.07692307692
train,16.25,16.25,264.0625,1
train,26.25,33.75,885.9375,1.28571428571
train,23.75,32.5,771.875,1.36842105263
train,22.5,26.25,590.625,1.16666666667
train,18.75,31.25,585.9375,1.66666666667
train,25,31.25,781.25,1.25
train,22.5,30,675,1.33333333333
train,17.5,25,437.5,1.42857142857
train,23.75,25,593.75,1.05263157895
train,15,30,450,2
train,25,41.25,1031.25,1.65
train,33.75,36.25,1223.4375,1.07407407407
train,27.5,50,1375,1.81818181818
train,28.75,31.25,898.4375,1.08695652174
train,13.75,17.5,240.625,1.27272727273
train,21.25,33.75,717.1875,1.58823529412
train,19.2331606218,25.1194539249,483.126492069,1.30604919383
train,25,25,625,1
train,23.75,23.75,564.0625,1
train,15,28.75,431.25,1.91666666667
train,17.5,28.75,503.125,1.64285714286
train,23.75,32.5,771.875,1.36842105263
train,16.25,28.75,467.1875,1.76923076923
train,17.5,27.5,481.25,1.57142857143
train,16.25,25,406.25,1.53846153846
train,25,35,875,1.4
train,20,23.75,475,1.1875
train,25,28.75,718.75,1.15
train,21.25,22.5,478.125,1.05882352941
train,23.75,31.25,742.1875,1.31578947368
train,20,25,500,1.25
train,13.1058020478,13.2642487047,173.838617836,1.01208981002
train,10.3754266212,14.5906735751,151.384463032,1.40627215708
train,27.5,37.5,1031.25,1.36363636364
train,31.25,37.5,1171.875,1.2
train,20,25,500,1.25
train,17.5,20,350,1.14285714286
train,15,20,300,1.33333333333
train,21.25,25,531.25,1.17647058824
train,20,21.25,425,1.0625
train,33.75,33.75,1139.0625,1
train,17.5,27.5,481.25,1.57142857143
train,27.5,33.75,928.125,1.22727272727
train,15.2901023891,21.8860103627,334.639339334,1.43138415988
train,21.25,25,531.25,1.17647058824
train,26.25,28.75,754.6875,1.09523809524
train,26.25,31.25,820.3125,1.19047619048
train,26.25,30,787.5,1.14285714286
train,32.5,38.75,1259.375,1.19230769231
train,25,27.5,687.5,1.1
train,32.5,33.75,1096.875,1.03846153846
train,26.25,27.5,721.875,1.04761904762
train,18.75,26.25,492.1875,1.4
train,18.75,25,468.75,1.33333333333
train,15,17.5,262.5,1.16666666667
train,12.5,17.5,218.75,1.4
train,20.5595854922,21.843003413,449.083096076,1.06242430915
train,25,33.75,843.75,1.35
train,28.75,30,862.5,1.04347826087
train,23.75,23.75,564.0625,1
train,21.25,23.75,504.6875,1.11764705882
train,23.75,26.25,623.4375,1.10526315789
train,25,28.75,718.75,1.15
train,18.75,36.25,679.6875,1.93333333333
train,25,41.25,1031.25,1.65
train,23.75,31.25,742.1875,1.31578947368
train,31.25,46.25,1445.3125,1.48
train,18.75,35,656.25,1.86666666667
train,25,27.5,687.5,1.1
train,22.5,26.25,590.625,1.16666666667
train,7.00729927007,14.08,98.6627737226,2.00933333333
train,7.00729927007,10.88,76.2394160584,1.55266666667
train,30,42.5,1275,1.41666666667
train,16.25,21.25,345.3125,1.30769230769
train,23.75,30,712.5,1.26315789474
train,16.25,23.75,385.9375,1.46153846154
train,16.25,17.5,284.375,1.07692307692
train,15,17.5,262.5,1.16666666667
train,16.25,21.25,345.3125,1.30769230769
train,13.75,15,206.25,1.09090909091
train,16.25,21.25,345.3125,1.30769230769
train,10.3754266212,11.9378238342,123.860015208,1.15058631034
train,9.9481865285,10.9215017065,108.649136147,1.09783845279
train,15,17.5,262.5,1.16666666667
train,27.5,31.25,859.375,1.13636363636
train,18.75,32.5,609.375,1.73333333333
train,15,16.25,243.75,1.08333333333
train,15,25,375,1.66666666667
train,18.75,26.25,492.1875,1.4
train,27.5,31.25,859.375,1.13636363636
train,20,27.5,550,1.375
train,12.5,17.5,218.75,1.4
train,11.25,15,168.75,1.33333333333
train,10,17.5,175,1.75
train,18.75,23.75,445.3125,1.26666666667
train,16.25,26.25,426.5625,1.61538461538
train,18.75,35,656.25,1.86666666667
train,21.25,38.75,823.4375,1.82352941176
train,16.25,26.25,426.5625,1.61538461538
train,25,35,875,1.4
train,31.25,35,1093.75,1.12
train,20,23.75,475,1.1875
train,22.5,23.75,534.375,1.05555555556
train,25,25,625,1
train,11.4675767918,12.6010362694,144.503351076,1.09884036516
train,20,20,400,1
train,20,20,400,1
train,17.5,22.5,393.75,1.28571428571
train,20,22.5,450,1.125
train,21.25,32.5,690.625,1.52941176471
train,18.75,22.5,421.875,1.2
train,21.25,23.75,504.6875,1.11764705882
train,18.75,20,375,1.06666666667
train,22.5,25,562.5,1.11111111111
train,20,21.25,425,1.0625
train,18.75,31.25,585.9375,1.66666666667
train,16.25,20,325,1.23076923077
train,18.75,18.75,351.5625,1
train,21.25,26.25,557.8125,1.23529411765
train,11.9378238342,13.1058020478,156.454756052,1.09783845279
train,11.4675767918,12.6010362694,144.503351076,1.09884036516
train,12.0136518771,12.6010362694,151.384463032,1.04889307584
train,21.25,27.5,584.375,1.29411764706
train,21.25,27.5,584.375,1.29411764706
train,22.5,28.75,646.875,1.27777777778
train,18.75,22.5,421.875,1.2
train,17.5,20,350,1.14285714286
train,15,17.5,262.5,1.16666666667
train,17.5,25,437.5,1.42857142857
train,31.25,33.75,1054.6875,1.08
train,18.75,22.5,421.875,1.2
train,17.5,25,437.5,1.42857142857
train,17.5,22.5,393.75,1.28571428571
train,20,22.5,450,1.125
train,20,23.75,475,1.1875
train,16.25,23.75,385.9375,1.46153846154
train,18.75,22.5,421.875,1.2
train,20,21.25,425,1.0625
train,12.5,22.5,281.25,1.8
train,16.25,26.25,426.5625,1.61538461538
train,11.25,25,281.25,2.22222222222
train,16.25,25,406.25,1.53846153846
train,20,22.5,450,1.125
train,16.25,25,406.25,1.53846153846
train,22.5,33.75,759.375,1.5
train,22.5,23.75,534.375,1.05555555556
train,22.5,40,900,1.77777777778
train,21.25,40,850,1.88235294118
train,16.25,22.5,365.625,1.38461538462
train,25,53.75,1343.75,2.15
train,27.5,33.75,928.125,1.22727272727
train,18.75,25,468.75,1.33333333333
train,17.5,21.25,371.875,1.21428571429
train,17.5,21.25,371.875,1.21428571429
train,20,25,500,1.25
train,17.5,22.5,393.75,1.28571428571
train,17.5,25,437.5,1.42857142857
train,21.25,21.25,451.5625,1
train,17.5,23.75,415.625,1.35714285714
train,25,35,875,1.4
train,25,35,875,1.4
train,26.25,45,1181.25,1.71428571429
train,26.25,43.75,1148.4375,1.66666666667
train,15,20,300,1.33333333333
train,18.75,18.75,351.5625,1
train,20,25,500,1.25
train,13.1058020478,13.2642487047,173.838617836,1.01208981002
train,10.3754266212,14.5906735751,151.384463032,1.40627215708
train,21.25,30,637.5,1.41176470588
train,22.5,30,675,1.33333333333
train,16.25,28.75,467.1875,1.76923076923
train,18.75,23.75,445.3125,1.26666666667
train,17.5,31.25,546.875,1.78571428571
train,20,35,700,1.75
train,22.5,30,675,1.33333333333
train,20,26.25,525,1.3125
train,23.75,41.25,979.6875,1.73684210526
train,25,40,1000,1.6
train,26.25,31.25,820.3125,1.19047619048
train,17.5,25,437.5,1.42857142857
train,9.82935153584,17.9067357513,176.011600559,1.82176165803
train,18.75,23.75,445.3125,1.26666666667
train,18.75,27.5,515.625,1.46666666667
train,21.25,27.5,584.375,1.29411764706
train,22.5,36.25,815.625,1.61111111111
train,28.75,43.75,1257.8125,1.52173913043
train,17.5,45,787.5,2.57142857143
train,21.25,26.25,557.8125,1.23529411765
train,22.5,25,562.5,1.11111111111
train,20,35,700,1.75
train,30,31.25,937.5,1.04166666667
train,22.5,45,1012.5,2
train,13.75,23.75,326.5625,1.72727272727
train,16.25,20,325,1.23076923077
train,7.9585492228,9.82935153584,78.2273780261,1.23506825939
train,9.28497409326,13.6518771331,126.757325505,1.47031935641
train,18.75,30,562.5,1.6
train,25,28.75,718.75,1.15
train,18.75,36.25,679.6875,1.93333333333
train,22.5,25,562.5,1.11111111111
train,17.5,25,437.5,1.42857142857
train,21.25,30,637.5,1.41176470588
train,25,53.75,1343.75,2.15
train,22.5,25,562.5,1.11111111111
train,18.75,26.25,492.1875,1.4
train,18.75,47.5,890.625,2.53333333333
train,22.5,35,787.5,1.55555555556
train,26.25,51.25,1345.3125,1.95238095238
train,25,52.5,1312.5,2.1
train,23.75,40,950,1.68421052632
train,20,21.25,425,1.0625
train,21.25,31.25,664.0625,1.47058823529
train,26.25,35,918.75,1.33333333333
train,20,21.25,425,1.0625
train,25,32.5,812.5,1.3
train,22.5,28.75,646.875,1.27777777778
train,23.75,28.75,682.8125,1.21052631579
train,22.5,23.75,534.375,1.05555555556
train,20,23.75,475,1.1875
train,23.75,30,712.5,1.26315789474
train,20,28.75,575,1.4375
train,21.25,28.75,610.9375,1.35294117647
train,25,27.5,687.5,1.1
train,21.25,21.25,451.5625,1
train,18.75,33.75,632.8125,1.8
train,23.75,25,593.75,1.05263157895
train,22.5,22.5,506.25,1
train,27.5,28.75,790.625,1.04545454545
train,25,27.5,687.5,1.1
train,15,31.25,468.75,2.08333333333
train,26.25,35,918.75,1.33333333333
train,28.75,32.5,934.375,1.13043478261
train,23.75,25,593.75,1.05263157895
train,28.75,33.75,970.3125,1.17391304348
train,21.25,28.75,610.9375,1.35294117647
train,21.25,30,637.5,1.41176470588
train,26.25,26.25,689.0625,1
train,12.5597269625,15.2538860104,191.584643407,1.21450777202
train,23.75,28.75,682.8125,1.21052631579
train,26.25,31.25,820.3125,1.19047619048
train,18.75,30,562.5,1.6
train,31.25,31.25,976.5625,1
train,25,27.5,687.5,1.1
train,23.75,33.75,801.5625,1.42105263158
train,23.75,27.5,653.125,1.15789473684
train,25,32.5,812.5,1.3
train,17.5,28.75,503.125,1.64285714286
train,23.75,30,712.5,1.26315789474
train,31.25,35,1093.75,1.12
train,31.25,42.5,1328.125,1.36
train,28.75,38.75,1114.0625,1.34782608696
train,18.75,23.75,445.3125,1.26666666667
train,22.5,41.25,928.125,1.83333333333
train,23.75,30,712.5,1.26315789474
train,32.5,41.25,1340.625,1.26923076923
train,26.25,38.75,1017.1875,1.47619047619
train,27.5,35,962.5,1.27272727273
train,23.75,30,712.5,1.26315789474
train,27.5,36.25,996.875,1.31818181818
train,20,45,900,2.25
train,28.75,37.5,1078.125,1.30434782609
train,20,21.25,425,1.0625
train,23.75,26.25,623.4375,1.10526315789
train,23.75,26.25,623.4375,1.10526315789
train,16.25,20,325,1.23076923077
train,17.5,26.25,459.375,1.5
train,20,30,600,1.5
train,20,31.25,625,1.5625
train,26.25,26.25,689.0625,1
train,25,27.5,687.5,1.1
train,22.5,30,675,1.33333333333
train,16.25,27.5,446.875,1.69230769231
train,17.5,18.75,328.125,1.07142857143
train,18.75,25,468.75,1.33333333333
train,26.25,35,918.75,1.33333333333
train,28.75,30,862.5,1.04347826087
train,26.25,33.75,885.9375,1.28571428571
train,21.25,28.75,610.9375,1.35294117647
train,30,35,1050,1.16666666667
train,26.25,31.25,820.3125,1.19047619048
train,17.5,23.75,415.625,1.35714285714
train,27.5,28.75,790.625,1.04545454545
train,16.25,17.5,284.375,1.07692307692
train,23.75,26.25,623.4375,1.10526315789
train,18.75,26.25,492.1875,1.4
train,23.75,32.5,771.875,1.36842105263
train,12.5597269625,12.6010362694,158.265574988,1.00328902906
train,8.73720136519,12.6010362694,110.097791296,1.44222797927
train,7.29533678756,7.64505119454,55.7732232223,1.04793670493
train,7.29533678756,7.64505119454,55.7732232223,1.04793670493
train,7.29533678756,8.73720136519,63.7408265398,1.1976419485
train,6.55290102389,11.274611399,73.8814125802,1.72055267703
train,5.46075085324,7.29533678756,39.8380165874,1.33595854922
train,7.64505119454,10.6113989637,81.1246883234,1.38800888231
train,21.25,33.75,717.1875,1.58823529412
train,27.1917098446,29.4880546075,801.830624768,1.08445017897
train,25,30,750,1.2
train,20,26.25,525,1.3125
train,20,23.75,475,1.1875
train,21.25,31.25,664.0625,1.47058823529
train,23.75,23.75,564.0625,1
train,25,31.25,781.25,1.25
train,27.5,31.25,859.375,1.13636363636
train,11.274611399,11.4675767918,129.292472015,1.01711503714
train,7.64505119454,11.274611399,86.1949813436,1.47475943745
train,26.25,30,787.5,1.14285714286
train,27.5,35,962.5,1.27272727273
train,15,20,300,1.33333333333
train,28.75,33.75,970.3125,1.17391304348
train,27.5,30,825,1.09090909091
train,13.75,27.5,378.125,2
train,25,27.5,687.5,1.1
train,9.82935153584,13.9274611399,136.897911546,1.41692573402
train,30,35,1050,1.16666666667
train,27.5,28.75,790.625,1.04545454545
train,25,25,625,1
train,27.5,30,825,1.09090909091
train,9.28327645051,12.6010362694,116.978903252,1.35739103932
train,25,30,750,1.2
train,17.5,30,525,1.71428571429
train,10.9215017065,12.6010362694,137.62223912,1.15378238342
train,17.5,21.25,371.875,1.21428571429
train,21.25,31.25,664.0625,1.47058823529
train,10.3754266212,11.9378238342,123.860015208,1.15058631034
train,32.5,35,1137.5,1.07692307692
train,45,51.25,2306.25,1.13888888889
train,25,35,875,1.4
train,17.5,28.75,503.125,1.64285714286
train,20,21.25,425,1.0625
train,26.25,35,918.75,1.33333333333
train,27.5,36.25,996.875,1.31818181818
train,23.75,36.25,860.9375,1.52631578947
train,21.25,25,531.25,1.17647058824
train,17.5,21.25,371.875,1.21428571429
train,36.25,40,1450,1.10344827586
train,21.25,23.75,504.6875,1.11764705882
train,20,23.75,475,1.1875
train,23.75,30,712.5,1.26315789474
train,22.5,23.75,534.375,1.05555555556
train,16.25,25,406.25,1.53846153846
train,17.5,22.5,393.75,1.28571428571
train,36.25,38.75,1404.6875,1.06896551724
train,31.25,36.25,1132.8125,1.16
train,26.25,30,787.5,1.14285714286
train,22.5,36.25,815.625,1.61111111111
train,32.5,33.75,1096.875,1.03846153846
train,33.75,46.25,1560.9375,1.37037037037
train,33.75,43.75,1476.5625,1.2962962963
train,38.75,46.25,1792.1875,1.1935483871
train,20,23.75,475,1.1875
train,23.75,27.5,653.125,1.15789473684
train,20,25,500,1.25
train,30,32.5,975,1.08333333333
train,26.25,27.5,721.875,1.04761904762
train,25,30,750,1.2
train,21.25,27.5,584.375,1.29411764706
train,27.5,28.75,790.625,1.04545454545
train,23.75,26.25,623.4375,1.10526315789
train,23.75,23.75,564.0625,1
train,23.75,25,593.75,1.05263157895
train,30,31.25,937.5,1.04166666667
train,35,36.25,1268.75,1.03571428571
train,26.25,46.25,1214.0625,1.7619047619
train,26.25,27.5,721.875,1.04761904762
train,28.75,32.5,934.375,1.13043478261
train,25,25,625,1
train,27.5,30,825,1.09090909091
train,21.25,27.5,584.375,1.29411764706
train,18.75,30,562.5,1.6
train,18.75,25,468.75,1.33333333333
train,17.5,30,525,1.71428571429
train,17.5,25,437.5,1.42857142857
train,17.5,28.75,503.125,1.64285714286
train,27.5,28.75,790.625,1.04545454545
train,18.75,25,468.75,1.33333333333
train,30,40,1200,1.33333333333
train,18.75,31.25,585.9375,1.66666666667
train,31.25,38.75,1210.9375,1.24
train,23.75,32.5,771.875,1.36842105263
train,23.75,30,712.5,1.26315789474
train,37.5,43.75,1640.625,1.16666666667
train,31.25,38.75,1210.9375,1.24
train,36.25,36.25,1314.0625,1
train,28.75,35,1006.25,1.21739130435
train,12.0136518771,13.2642487047,159.35206635,1.10409797456
train,30,40,1200,1.33333333333
train,33.75,36.25,1223.4375,1.07407407407
train,23.75,30,712.5,1.26315789474
train,26.25,41.25,1082.8125,1.57142857143
train,32.5,48.75,1584.375,1.5
train,32.5,45,1462.5,1.38461538462
train,22.5,36.25,815.625,1.61111111111
train,23.75,28.75,682.8125,1.21052631579
train,21.25,37.5,796.875,1.76470588235
train,32.5,52.5,1706.25,1.61538461538
train,32.5,41.25,1340.625,1.26923076923
train,33.75,40,1350,1.18518518519
train,23.75,26.25,623.4375,1.10526315789
train,27.5,40,1100,1.45454545455
train,26.25,35,918.75,1.33333333333
train,26.25,35,918.75,1.33333333333
train,30,33.75,1012.5,1.125
train,33.75,37.5,1265.625,1.11111111111
train,26.25,32.5,853.125,1.2380952381
train,13.75,25,343.75,1.81818181818
train,21.25,23.75,504.6875,1.11764705882
train,28.75,37.5,1078.125,1.30434782609
train,17.5,26.25,459.375,1.5
train,22.5,25,562.5,1.11111111111
train,23.75,31.25,742.1875,1.31578947368
train,12.5,13.75,171.875,1.1
train,13.75,15,206.25,1.09090909091
train,28.75,31.25,898.4375,1.08695652174
train,13.75,17.5,240.625,1.27272727273
train,30,33.75,1012.5,1.125
train,26.25,28.75,754.6875,1.09523809524
train,31.25,43.75,1367.1875,1.4
train,26.25,28.75,754.6875,1.09523809524
train,22.5,26.25,590.625,1.16666666667
train,17.5,25,437.5,1.42857142857
train,16.25,30,487.5,1.84615384615
train,23.75,31.25,742.1875,1.31578947368
train,22.5,32.5,731.25,1.44444444444
train,25,28.75,718.75,1.15
train,30,31.25,937.5,1.04166666667
train,17.5,28.75,503.125,1.64285714286
train,21.25,28.75,610.9375,1.35294117647
train,27.5,35,962.5,1.27272727273
train,26.25,31.25,820.3125,1.19047619048
train,25,28.75,718.75,1.15
train,26.25,38.75,1017.1875,1.47619047619
train,36.25,38.75,1404.6875,1.06896551724
train,38.75,40,1550,1.03225806452
train,31.25,32.5,1015.625,1.04
train,30,42.5,1275,1.41666666667
train,35,36.25,1268.75,1.03571428571
train,36.25,42.5,1540.625,1.1724137931
train,28.75,40,1150,1.39130434783
train,25,28.75,718.75,1.15
train,30,38.75,1162.5,1.29166666667
train,28.75,37.5,1078.125,1.30434782609
train,25,27.5,687.5,1.1
train,28.75,35,1006.25,1.21739130435
train,23.75,32.5,771.875,1.36842105263
train,12.5,37.5,468.75,3
train,15,22.5,337.5,1.5
train,25,33.75,843.75,1.35
train,25,27.5,687.5,1.1
train,28.75,31.25,898.4375,1.08695652174
train,26.25,33.75,885.9375,1.28571428571
train,23.75,25,593.75,1.05263157895
train,26.25,30,787.5,1.14285714286
train,13.6518771331,17.2435233161,235.406461653,1.2630880829
train,25,36.25,906.25,1.45
train,22.5,31.25,703.125,1.38888888889
train,23.75,27.5,653.125,1.15789473684
train,18.75,31.25,585.9375,1.66666666667
train,30,33.75,1012.5,1.125
train,31.25,33.75,1054.6875,1.08
train,26.25,35,918.75,1.33333333333
train,40,50,2000,1.25
train,27.5,30,825,1.09090909091
train,16.25,21.25,345.3125,1.30769230769
train,22.5,28.75,646.875,1.27777777778
train,43.75,46.25,2023.4375,1.05714285714
train,16.25,30,487.5,1.84615384615
train,16.25,22.5,365.625,1.38461538462
train,16.25,30,487.5,1.84615384615
train,21.25,27.5,584.375,1.29411764706
train,17.5,25,437.5,1.42857142857
train,25,26.25,656.25,1.05
train,13.9274611399,14.1979522184,197.741427788,1.01942142045
train,20,35,700,1.75
train,22.5,42.5,956.25,1.88888888889
train,11.9378238342,14.7440273038,176.011600559,1.23506825939
train,20,28.75,575,1.4375
train,21.25,26.25,557.8125,1.23529411765
train,23.75,26.25,623.4375,1.10526315789
train,27.5,27.5,756.25,1
train,12.5,21.25,265.625,1.7
train,28.75,33.75,970.3125,1.17391304348
train,36.25,40,1450,1.10344827586
train,30,31.25,937.5,1.04166666667
train,25,42.5,1062.5,1.7
train,27.5,33.75,928.125,1.22727272727
train,26.25,28.75,754.6875,1.09523809524
train,20,22.5,450,1.125
train,28.75,32.5,934.375,1.13043478261
train,30,35,1050,1.16666666667
train,25,28.75,718.75,1.15
train,15,20,300,1.33333333333
train,16.25,42.5,690.625,2.61538461538
train,20,33.75,675,1.6875
train,35,37.5,1312.5,1.07142857143
train,13.9274611399,18.0204778157,250.979504501,1.29388103364
train,26.25,43.75,1148.4375,1.66666666667
train,21.25,27.5,584.375,1.29411764706
train,27.5,37.5,1031.25,1.36363636364
train,30,38.75,1162.5,1.29166666667
train,26.25,27.5,721.875,1.04761904762
train,26.25,36.25,951.5625,1.38095238095
train,16.25,26.25,426.5625,1.61538461538
train,27.5,32.5,893.75,1.18181818182
train,41.25,56.25,2320.3125,1.36363636364
train,36.25,36.25,1314.0625,1
train,12.5,17.5,218.75,1.4
train,18.75,25,468.75,1.33333333333
train,25,35,875,1.4
train,27.5,40,1100,1.45454545455
train,21.25,36.25,770.3125,1.70588235294
train,30,38.75,1162.5,1.29166666667
train,27.5,28.75,790.625,1.04545454545
train,15,23.75,356.25,1.58333333333
train,30,33.75,1012.5,1.125
train,23.75,35,831.25,1.47368421053
train,22.5,26.25,590.625,1.16666666667
train,28.75,51.25,1473.4375,1.78260869565
train,23.75,26.25,623.4375,1.10526315789
train,28.75,28.75,826.5625,1
train,18.75,27.5,515.625,1.46666666667
train,23.75,27.5,653.125,1.15789473684
train,25,32.5,812.5,1.3
train,28.75,35,1006.25,1.21739130435
train,26.25,33.75,885.9375,1.28571428571
train,25,37.5,937.5,1.5
train,25,30,750,1.2
train,30,40,1200,1.33333333333
train,33.75,58.75,1982.8125,1.74074074074
train,35,35,1225,1
train,27.5,40,1100,1.45454545455
train,12.5,17.5,218.75,1.4
train,11.25,27.5,309.375,2.44444444444
train,16.25,30,487.5,1.84615384615
train,12.5,30,375,2.4
train,11.25,17.5,196.875,1.55555555556
train,17.5,20,350,1.14285714286
train,11.25,26.25,295.3125,2.33333333333
train,13.75,26.25,360.9375,1.90909090909
train,16.25,27.5,446.875,1.69230769231
train,11.25,20,225,1.77777777778
train,10,21.25,212.5,2.125
train,18.75,30,562.5,1.6
train,31.25,33.75,1054.6875,1.08
train,25,33.75,843.75,1.35
train,30,31.25,937.5,1.04166666667
train,18.75,30,562.5,1.6
train,30,32.5,975,1.08333333333
train,27.5,37.5,1031.25,1.36363636364
train,26.25,37.5,984.375,1.42857142857
train,28.75,38.75,1114.0625,1.34782608696
train,28.75,38.75,1114.0625,1.34782608696
train,35,37.5,1312.5,1.07142857143
train,22.5,28.75,646.875,1.27777777778
train,22.5,36.25,815.625,1.61111111111
train,14.5906735751,16.9283276451,246.995702842,1.1602156376
train,27.5,30,825,1.09090909091
train,13.75,27.5,378.125,2
train,12.5,25,312.5,2
train,17.5,23.75,415.625,1.35714285714
train,15,25,375,1.66666666667
train,12.5,25,312.5,2
train,17.5,26.25,459.375,1.5
train,27.5,28.75,790.625,1.04545454545
train,16.25,27.5,446.875,1.69230769231
train,25,27.5,687.5,1.1
train,16.25,27.5,446.875,1.69230769231
train,25,30,750,1.2
train,15.9170984456,17.4744027304,278.141788537,1.09783845279
train,26.25,30,787.5,1.14285714286
train,31.25,41.25,1289.0625,1.32
train,27.5,28.75,790.625,1.04545454545
train,28.75,36.25,1042.1875,1.26086956522
train,16.25,38.75,629.6875,2.38461538462
train,25,32.5,812.5,1.3
train,16.25,17.5,284.375,1.07692307692
train,17.5,31.25,546.875,1.78571428571
train,18.75,25,468.75,1.33333333333
train,15,21.25,318.75,1.41666666667
train,23.75,33.75,801.5625,1.42105263158
train,26.25,33.75,885.9375,1.28571428571
train,33.75,41.25,1392.1875,1.22222222222
train,28.75,33.75,970.3125,1.17391304348
train,22.5,26.25,590.625,1.16666666667
train,30,31.25,937.5,1.04166666667
train,28.75,40,1150,1.39130434783
train,31.25,33.75,1054.6875,1.08
train,22.5,31.25,703.125,1.38888888889
train,17.5,23.75,415.625,1.35714285714
train,26.25,33.75,885.9375,1.28571428571
train,11.25,20,225,1.77777777778
train,20,25,500,1.25
train,15.2538860104,19.1126279863,291.541848662,1.25296779938
train,9.28327645051,17.2435233161,160.076393924,1.85748247486
train,20,21.25,425,1.0625
train,23.75,26.25,623.4375,1.10526315789
train,21.25,27.5,584.375,1.29411764706
train,21.25,30,637.5,1.41176470588
train,27.5,30,825,1.09090909091
train,26.25,32.5,853.125,1.2380952381
train,22.5,32.5,731.25,1.44444444444
train,26.25,28.75,754.6875,1.09523809524
train,21.25,38.75,823.4375,1.82352941176
train,21.25,31.25,664.0625,1.47058823529
train,21.25,23.75,504.6875,1.11764705882
train,18.75,25,468.75,1.33333333333
train,17.5,32.5,568.75,1.85714285714
train,18.75,36.25,679.6875,1.93333333333
train,25,30,750,1.2
train,22.5,26.25,590.625,1.16666666667
train,21.25,32.5,690.625,1.52941176471
train,18.5699481865,19.1126279863,354.920511415,1.02922354949
train,18.75,22.5,421.875,1.2
train,22.5,28.75,646.875,1.27777777778
train,23.75,31.25,742.1875,1.31578947368
train,19.6587030717,34.4870466321,677.97060956,1.75428900403
train,15,17.5,262.5,1.16666666667
train,21.25,28.75,610.9375,1.35294117647
train,22.5,23.75,534.375,1.05555555556
train,17.5,28.75,503.125,1.64285714286
train,28.75,35,1006.25,1.21739130435
train,18.75,26.25,492.1875,1.4
train,21.25,32.5,690.625,1.52941176471
train,22.5,31.25,703.125,1.38888888889
train,27.5,32.5,893.75,1.18181818182
train,18.75,28.75,539.0625,1.53333333333
train,28.75,33.75,970.3125,1.17391304348
train,22.5,36.25,815.625,1.61111111111
train,22.5,36.25,815.625,1.61111111111
train,17.5,27.5,481.25,1.57142857143
train,22.5,30,675,1.33333333333
train,21.25,22.5,478.125,1.05882352941
train,20,31.25,625,1.5625
train,15,27.5,412.5,1.83333333333
train,21.25,30,637.5,1.41176470588
train,28.75,28.75,826.5625,1
train,32.7645051195,33.1606217617,1086.49136147,1.01208981002
train,33.3105802048,42.4455958549,1413.88742506,1.27423766245
train,33.75,35,1181.25,1.03703703704
train,23.75,31.25,742.1875,1.31578947368
train,27.5,33.75,928.125,1.22727272727
train,19.6587030717,23.8756476684,469.364268157,1.21450777202
train,20.204778157,27.1917098446,549.402465119,1.34580590954
train,25,30,750,1.2
train,20.5595854922,21.843003413,449.083096076,1.06242430915
train,30,31.25,937.5,1.04166666667
train,22.5,32.5,731.25,1.44444444444
train,23.75,31.25,742.1875,1.31578947368
train,14.1979522184,14.5906735751,207.157686254,1.02766042248
train,23.75,31.25,742.1875,1.31578947368
train,28.75,36.25,1042.1875,1.26086956522
train,26.25,40,1050,1.52380952381
train,22.5,38.75,871.875,1.72222222222
train,30,40,1200,1.33333333333
train,22.5,30,675,1.33333333333
train,30,36.25,1087.5,1.20833333333
train,23.2124352332,31.6723549488,735.192487931,1.36445636275
train,35,45,1575,1.28571428571
train,26.25,27.5,721.875,1.04761904762
train,28.75,37.5,1078.125,1.30434782609
train,25,25,625,1
train,26.25,33.75,885.9375,1.28571428571
train,28.75,42.5,1221.875,1.47826086957
train,31.25,43.75,1367.1875,1.4
train,25,28.75,718.75,1.15
train,31.25,43.75,1367.1875,1.4
train,32.5,38.75,1259.375,1.19230769231
train,23.75,25,593.75,1.05263157895
train,33.75,55,1856.25,1.62962962963
train,23.75,31.25,742.1875,1.31578947368
train,26.25,27.5,721.875,1.04761904762
train,25,33.75,843.75,1.35
train,32.5,32.5,1056.25,1
train,13.75,21.25,292.1875,1.54545454545
train,25,25,625,1
train,13.75,18.75,257.8125,1.36363636364
train,20,33.75,675,1.6875
train,20,26.25,525,1.3125
train,27.5,37.5,1031.25,1.36363636364
train,27.5,47.5,1306.25,1.72727272727
train,26.25,41.25,1082.8125,1.57142857143
train,23.75,35,831.25,1.47368421053
train,28.75,38.75,1114.0625,1.34782608696
train,36.25,52.5,1903.125,1.44827586207
train,40,63.75,2550,1.59375
train,30,52.5,1575,1.75
train,26.25,43.75,1148.4375,1.66666666667
train,22.5,27.5,618.75,1.22222222222
train,22.5,31.25,703.125,1.38888888889
train,41.25,58.75,2423.4375,1.42424242424
train,45,62.5,2812.5,1.38888888889
train,27.5,28.75,790.625,1.04545454545
train,38.75,47.5,1840.625,1.22580645161
train,30,38.75,1162.5,1.29166666667
train,36.25,43.75,1585.9375,1.20689655172
train,28.75,32.5,934.375,1.13043478261
train,35,43.75,1531.25,1.25
train,36.25,47.5,1721.875,1.31034482759
train,26.25,35,918.75,1.33333333333
train,28.75,31.25,898.4375,1.08695652174
train,38.75,42.5,1646.875,1.09677419355
train,30,48.75,1462.5,1.625
train,25,32.5,812.5,1.3
train,31.25,36.25,1132.8125,1.16
train,40,45,1800,1.125
train,25,33.75,843.75,1.35
train,20,28.75,575,1.4375
train,17.5,33.75,590.625,1.92857142857
train,22.5,31.25,703.125,1.38888888889
train,43.75,45,1968.75,1.02857142857
train,33.75,33.75,1139.0625,1
train,31.25,37.5,1171.875,1.2
train,17.5,26.25,459.375,1.5
train,21.25,30,637.5,1.41176470588
train,21.25,22.5,478.125,1.05882352941
train,36.25,47.5,1721.875,1.31034482759
train,22.5,35,787.5,1.55555555556
train,22.5,30,675,1.33333333333
train,17.5,25,437.5,1.42857142857
train,15,21.25,318.75,1.41666666667
train,21.25,27.5,584.375,1.29411764706
train,30,38.75,1162.5,1.29166666667
train,18.75,21.25,398.4375,1.13333333333
train,16.25,37.5,609.375,2.30769230769
train,20,31.25,625,1.5625
train,13.2642487047,20.204778157,268.001202497,1.52325085324
train,25,36.25,906.25,1.45
train,26.25,27.5,721.875,1.04761904762
train,32.5,38.75,1259.375,1.19230769231
train,37.5,45,1687.5,1.2
train,31.25,35,1093.75,1.12
train,26.25,38.75,1017.1875,1.47619047619
train,37.5,50,1875,1.33333333333
train,33.75,37.5,1265.625,1.11111111111
train,32.5,38.75,1259.375,1.19230769231
train,31.25,37.5,1171.875,1.2
train,28.75,38.75,1114.0625,1.34782608696
train,28.75,38.75,1114.0625,1.34782608696
train,13.9274611399,15.8361774744,220.557746379,1.13704696896
train,28.75,40,1150,1.39130434783
train,27.5,35,962.5,1.27272727273
train,23.75,26.25,623.4375,1.10526315789
train,21.25,23.75,504.6875,1.11764705882
train,25,30,750,1.2
train,16.25,25,406.25,1.53846153846
train,21.25,30,637.5,1.41176470588
train,28.75,31.25,898.4375,1.08695652174
train,20,27.5,550,1.375
train,25,32.5,812.5,1.3
train,33.75,36.25,1223.4375,1.07407407407
train,27.5,28.75,790.625,1.04545454545
train,20,35,700,1.75
train,23.75,23.75,564.0625,1
train,23.75,35,831.25,1.47368421053
train,25,32.5,812.5,1.3
train,17.5,20,350,1.14285714286
train,20,35,700,1.75
train,22.5,25,562.5,1.11111111111
train,20,22.5,450,1.125
train,30,32.5,975,1.08333333333
train,21.25,27.5,584.375,1.29411764706
train,22.5,25,562.5,1.11111111111
train,17.5,33.75,590.625,1.92857142857
train,20,26.25,525,1.3125
train,21.25,25,531.25,1.17647058824
train,25,27.5,687.5,1.1
train,18.75,26.25,492.1875,1.4
train,23.75,28.75,682.8125,1.21052631579
train,23.75,23.75,564.0625,1
train,20,26.25,525,1.3125
train,28.75,31.25,898.4375,1.08695652174
train,12.5,20,250,1.6
train,25,31.25,781.25,1.25
train,13.9274611399,15.2901023891,212.952306849,1.09783845279
train,14.1979522184,15.2538860104,216.573944721,1.07437225986
train,28.75,30,862.5,1.04347826087
train,26.25,35,918.75,1.33333333333
train,18.75,27.5,515.625,1.46666666667
train,18.75,20,375,1.06666666667
train,18.75,25,468.75,1.33333333333
train,18.75,27.5,515.625,1.46666666667
train,22.5,23.75,534.375,1.05555555556
train,16.25,21.25,345.3125,1.30769230769
train,20.204778157,20.5595854922,415.40186387,1.01756056575
train,14.1979522184,14.5906735751,207.157686254,1.02766042248
train,13.1058020478,13.2642487047,173.838617836,1.01208981002
train,14.5906735751,20.204778157,294.801322747,1.38477350295
train,12.0136518771,13.2642487047,159.35206635,1.10409797456
train,10.9215017065,17.2435233161,188.325169322,1.57886010363
train,31.25,35,1093.75,1.12
train,33.75,38.75,1307.8125,1.14814814815
train,20,35,700,1.75
train,30.5802047782,32.4974093264,993.777431962,1.06269430052
train,13.6518771331,19.896373057,271.622840369,1.45740932642
train,15,21.25,318.75,1.41666666667
train,17.5,20,350,1.14285714286
train,26.25,27.5,721.875,1.04761904762
train,12.6010362694,14.1979522184,178.908910856,1.12672893839
train,17.5,25,437.5,1.42857142857
train,13.75,23.75,326.5625,1.72727272727
train,16.3822525597,17.9067357513,293.352667598,1.09305699482
train,31.25,32.5,1015.625,1.04
train,15,21.25,318.75,1.41666666667
train,16.25,25,406.25,1.53846153846
train,22.5,42.5,956.25,1.88888888889
train,18.75,28.75,539.0625,1.53333333333
train,28.75,40,1150,1.39130434783
train,31.25,36.25,1132.8125,1.16
train,33.75,35,1181.25,1.03703703704
train,30,30,900,1
train,25,28.75,718.75,1.15
train,25,28.75,718.75,1.15
train,32.5,35,1137.5,1.07692307692
train,28.75,41.25,1185.9375,1.4347826087
train,25,28.75,718.75,1.15
train,22.5,32.5,731.25,1.44444444444
train,22.5,30,675,1.33333333333
train,10.3754266212,13.2642487047,137.62223912,1.27842923371
train,13.6518771331,17.9067357513,244.460556332,1.31166839378
train,18.566552901,22.5492227979,418.661337955,1.21450777202
train,23.75,31.25,742.1875,1.31578947368
train,30,38.75,1162.5,1.29166666667
train,23.75,36.25,860.9375,1.52631578947
train,23.75,27.5,653.125,1.15789473684
train,25,38.75,968.75,1.55
train,27.5,32.5,893.75,1.18181818182
train,22.5,37.5,843.75,1.66666666667
train,22.5,25,562.5,1.11111111111
train,20,30,600,1.5
train,28.75,35,1006.25,1.21739130435
train,25,28.75,718.75,1.15
train,30,40,1200,1.33333333333
train,31.25,41.25,1289.0625,1.32
train,32.5,45,1462.5,1.38461538462
train,33.75,43.75,1476.5625,1.2962962963
train,27.5,30,825,1.09090909091
train,27.5,35,962.5,1.27272727273
train,30,37.5,1125,1.25
train,23.75,46.25,1098.4375,1.94736842105
train,26.25,40,1050,1.52380952381
train,23.75,33.75,801.5625,1.42105263158
train,32.5,42.5,1381.25,1.30769230769
train,25,33.75,843.75,1.35
train,35,42.5,1487.5,1.21428571429
train,28.75,32.5,934.375,1.13043478261
train,28.75,33.75,970.3125,1.17391304348
train,28.75,38.75,1114.0625,1.34782608696
train,28.75,38.75,1114.0625,1.34782608696
train,26.25,47.5,1246.875,1.80952380952
train,32.5,50,1625,1.53846153846
train,29.1813471503,35.4948805461,1035.78843127,1.21635510394
train,30,41.25,1237.5,1.375
train,22.5,23.75,534.375,1.05555555556
train,25,26.25,656.25,1.05
train,20,41.25,825,2.0625
train,26.25,30,787.5,1.14285714286
train,27.5,33.75,928.125,1.22727272727
train,21.25,30,637.5,1.41176470588
train,20,22.5,450,1.125
train,12.5,16.25,203.125,1.3
train,22.5,38.75,871.875,1.72222222222
train,26.25,27.5,721.875,1.04761904762
train,30,36.25,1087.5,1.20833333333
train,21.2227979275,21.843003413,463.569647562,1.02922354949
train,27.5,33.75,928.125,1.22727272727
train,27.5,35,962.5,1.27272727273
train,30,31.25,937.5,1.04166666667
train,26.25,33.75,885.9375,1.28571428571
train,28.75,48.75,1401.5625,1.69565217391
train,30,46.25,1387.5,1.54166666667
train,21.25,28.75,610.9375,1.35294117647
train,25,33.75,843.75,1.35
train,21.25,32.5,690.625,1.52941176471
train,31.25,40,1250,1.28
train,30,47.5,1425,1.58333333333
train,21.25,33.75,717.1875,1.58823529412
train,27.5,31.25,859.375,1.13636363636
train,16.9283276451,25.8652849741,437.856018674,1.52792913254
train,19.2331606218,31.1262798635,598.656740172,1.6183653054
train,33.1606217617,42.5938566553,1412.43876992,1.28447098976
train,25,36.25,906.25,1.45
train,17.4744027304,21.2227979275,370.85571805,1.21450777202
train,28.75,31.25,898.4375,1.08695652174
train,28.75,35,1006.25,1.21739130435
train,34.4027303754,41.1191709845,1414.61175264,1.19522987088
train,26.25,32.5,853.125,1.2380952381
train,17.5,23.75,415.625,1.35714285714
train,13.6518771331,18.5699481865,253.514651011,1.36024870466
train,13.75,15,206.25,1.09090909091
train,30,31.25,937.5,1.04166666667
train,17.5,26.25,459.375,1.5
train,30.0341296928,31.170984456,936.193389804,1.03785209609
train,22.5,27.5,618.75,1.22222222222
train,22.3890784983,23.8756476684,534.553749845,1.06639706812
train,25,28.75,718.75,1.15
train,37.5,46.25,1734.375,1.23333333333
train,20,31.25,625,1.5625
train,25,30,750,1.2
train,20,41.25,825,2.0625
train,18.566552901,32.4974093264,603.364869405,1.75032002438
train,13.75,21.25,292.1875,1.54545454545
train,23.75,27.5,653.125,1.15789473684
train,30,38.75,1162.5,1.29166666667
train,25,38.75,968.75,1.55
train,33.75,40,1350,1.18518518519
train,27.5,33.75,928.125,1.22727272727
train,25,31.25,781.25,1.25
train,18.75,36.25,679.6875,1.93333333333
train,16.25,28.75,467.1875,1.76923076923
train,21.25,28.75,610.9375,1.35294117647
train,20,23.75,475,1.1875
train,13.75,15,206.25,1.09090909091
train,15,16.25,243.75,1.08333333333
train,20.7508532423,38.4663212435,798.208986896,1.85372238887
train,23.75,33.75,801.5625,1.42105263158
train,21.25,31.25,664.0625,1.47058823529
train,16.25,21.25,345.3125,1.30769230769
train,20,35,700,1.75
train,27.5,40,1100,1.45454545455
train,31.25,42.5,1328.125,1.36
train,20,30,600,1.5
train,12.5,15,187.5,1.2
train,18.75,26.25,492.1875,1.4
train,11.25,13.75,154.6875,1.22222222222
train,20,22.5,450,1.125
train,16.25,40,650,2.46153846154
train,18.75,18.75,351.5625,1
train,17.5,30,525,1.71428571429
train,17.9067357513,22.3890784983,400.915312384,1.25031601567
train,16.25,17.5,284.375,1.07692307692
train,19.6587030717,22.5492227979,443.288475481,1.14703511802
train,18.75,21.25,398.4375,1.13333333333
train,36.25,53.75,1948.4375,1.48275862069
train,32.5,43.75,1421.875,1.34615384615
train,18.75,35,656.25,1.86666666667
train,24.5388601036,38.771331058,951.404268864,1.57999723273
train,16.5803108808,26.7576791809,443.650639269,1.6138225256
train,18.75,23.75,445.3125,1.26666666667
train,21.25,32.5,690.625,1.52941176471
train,18.75,20,375,1.06666666667
train,17.9067357513,19.6587030717,352.023201118,1.09783845279
train,31.25,33.75,1054.6875,1.08
train,35,48.75,1706.25,1.39285714286
train,21.25,25,531.25,1.17647058824
train,25,25,625,1
train,32.5,40,1300,1.23076923077
train,35,41.25,1443.75,1.17857142857
train,27.5,32.5,893.75,1.18181818182
train,22.5,30,675,1.33333333333
train,22.5,33.75,759.375,1.5
train,25,30,750,1.2
train,26.25,32.5,853.125,1.2380952381
train,20,25,500,1.25
train,28.75,33.75,970.3125,1.17391304348
train,22.5,28.75,646.875,1.27777777778
train,27.5,33.75,928.125,1.22727272727
train,21.2227979275,27.8498293515,591.051300642,1.3122600256
train,12.6010362694,23.4812286689,295.887814108,1.86343632118
train,9.9481865285,22.9351535836,228.16318591,2.30546075085
train,23.75,33.75,801.5625,1.42105263158
train,23.8756476684,29.4880546075,704.046402235,1.23506825939
train,18.75,25,468.75,1.33333333333
train,27.5,45,1237.5,1.63636363636
train,31.25,36.25,1132.8125,1.16
train,16.5803108808,17.4744027304,289.731029726,1.05392491468
train,11.274611399,19.1126279863,215.487453359,1.69519172857
train,25,32.5,812.5,1.3
train,25,32.5,812.5,1.3
train,15,22.5,337.5,1.5
train,25,36.25,906.25,1.45
train,12.5,15,187.5,1.2
train,17.5,25,437.5,1.42857142857
train,16.25,18.75,304.6875,1.15384615385
train,20,21.25,425,1.0625
train,20,26.25,525,1.3125
train,21.25,35,743.75,1.64705882353
train,21.25,37.5,796.875,1.76470588235
train,20,27.5,550,1.375
train,17.5,30,525,1.71428571429
train,23.75,30,712.5,1.26315789474
train,31.25,35,1093.75,1.12
train,31.25,35,1093.75,1.12
train,22.5,22.5,506.25,1
train,17.5,43.75,765.625,2.5
train,17.5,28.75,503.125,1.64285714286
train,23.75,33.75,801.5625,1.42105263158
train,20,32.5,650,1.625
train,25,32.5,812.5,1.3
train,12.5597269625,27.1917098446,341.52045129,2.16499211534
train,19.6587030717,20.5595854922,404.174786468,1.04582613702
train,27.5,47.5,1306.25,1.72727272727
train,36.25,37.5,1359.375,1.03448275862
train,22.5,28.75,646.875,1.27777777778
train,23.75,26.25,623.4375,1.10526315789
train,25,28.75,718.75,1.15
train,27.5,28.75,790.625,1.04545454545
train,18.75,22.5,421.875,1.2
train,37.5,37.5,1406.25,1
train,38.75,41.25,1598.4375,1.06451612903
train,26.25,31.25,820.3125,1.19047619048
train,32.5,40,1300,1.23076923077
train,30,32.5,975,1.08333333333
train,28.75,52.5,1509.375,1.82608695652
train,17.5,27.5,481.25,1.57142857143
train,18.75,23.75,445.3125,1.26666666667
train,22.5,25,562.5,1.11111111111
train,23.75,25,593.75,1.05263157895
train,12.5,22.5,281.25,1.8
train,20,32.5,650,1.625
train,43.75,46.25,2023.4375,1.05714285714
train,16.25,27.5,446.875,1.69230769231
train,28.75,41.25,1185.9375,1.4347826087
train,30,32.5,975,1.08333333333
train,27.5,50,1375,1.81818181818
train,30,36.25,1087.5,1.20833333333
train,20,25,500,1.25
train,20,23.75,475,1.1875
train,20,28.75,575,1.4375
train,27.5,28.75,790.625,1.04545454545
train,25,26.25,656.25,1.05
train,36.25,40,1450,1.10344827586
train,15,31.25,468.75,2.08333333333
train,46.25,47.5,2196.875,1.02702702703
train,32.5,41.25,1340.625,1.26923076923
train,31.25,45,1406.25,1.44
train,20.204778157,20.5595854922,415.40186387,1.01756056575
train,21.2969283276,35.1502590674,748.592548056,1.65048492095
train,18.75,22.5,421.875,1.2
train,18.75,22.5,421.875,1.2
train,26.25,30,787.5,1.14285714286
train,18.75,21.25,398.4375,1.13333333333
train,15,26.25,393.75,1.75
train,18.75,23.75,445.3125,1.26666666667
train,27.5,35,962.5,1.27272727273
train,26.25,28.75,754.6875,1.09523809524
train,10.3754266212,14.5906735751,151.384463032,1.40627215708
train,11.274611399,20.204778157,227.801022122,1.79205982734
train,33.75,43.75,1476.5625,1.2962962963
train,27.5,30,825,1.09090909091
train,30,32.5,975,1.08333333333
train,35,35,1225,1
train,26.25,35,918.75,1.33333333333
train,31.25,36.25,1132.8125,1.16
train,20,42.5,850,2.125
train,11.25,23.75,267.1875,2.11111111111
train,15.8361774744,30.5077720207,483.126492069,1.92646060389
train,20.7508532423,21.8860103627,454.153389096,1.05470411781
train,21.25,30,637.5,1.41176470588
train,25,45,1125,1.8
train,20,40,800,2
train,19.896373057,20.7508532423,412.86671736,1.04294653015
train,27.5,31.25,859.375,1.13636363636
train,23.75,32.5,771.875,1.36842105263
train,18.75,33.75,632.8125,1.8
train,19.6587030717,35.1502590674,691.008505898,1.78802533103
train,21.25,30,637.5,1.41176470588
train,26.25,32.5,853.125,1.2380952381
train,18.75,30,562.5,1.6
train,15.2538860104,27.3037542662,416.488355232,1.78995399911
train,25,40,1000,1.6
train,26.25,28.75,754.6875,1.09523809524
train,26.25,31.25,820.3125,1.19047619048
train,33.75,37.5,1265.625,1.11111111111
train,33.8566552901,43.7720207254,1481.97421705,1.29286311215
train,18.75,21.25,398.4375,1.13333333333
train,13.6518771331,29.1813471503,398.380165874,2.13753367876
train,26.2116040956,38.4663212435,1008.26398345,1.46753022453
train,21.2227979275,25.6655290102,544.694335886,1.20933767065
train,22.5,23.75,534.375,1.05555555556
train,26.25,27.5,721.875,1.04761904762
train,23.75,31.25,742.1875,1.31578947368
train,35,43.75,1531.25,1.25
train,23.75,26.25,623.4375,1.10526315789
train,15,17.5,262.5,1.16666666667
train,22.5,23.75,534.375,1.05555555556
train,21.2969283276,23.2124352332,494.353569471,1.08994287233
train,35,41.25,1443.75,1.17857142857
train,32.5,42.5,1381.25,1.30769230769
train,28.75,28.75,826.5625,1
train,14.7440273038,25.2020725389,371.580045624,1.7093072347
train,17.2435233161,18.0204778157,310.736529382,1.04505775794
train,15.9170984456,18.566552901,295.525650321,1.16645335609
train,27.5,32.5,893.75,1.18181818182
train,14.1979522184,16.5803108808,235.406461653,1.16779593464
train,23.2124352332,32.7645051195,760.543953032,1.41150658216
train,18.0204778157,25.2020725389,454.153389096,1.39852410111
train,13.1058020478,19.896373057,260.757926754,1.51813471503
train,19.2331606218,20.204778157,388.601743621,1.05051782982
train,12.5597269625,23.2124352332,291.541848662,1.8481640009
train,23.4812286689,28.518134715,669.640842455,1.21450777202
train,13.1058020478,22.5492227979,295.525650321,1.72055267703
train,10.3754266212,24.5388601036,254.601142372,2.36509408236
train,13.6518771331,18.5699481865,253.514651011,1.36024870466
train,16.3822525597,20.5595854922,336.812322057,1.25499136442
train,13.6518771331,18.5699481865,253.514651011,1.36024870466
train,12.5597269625,17.2435233161,216.573944721,1.37292182924
train,12.5597269625,15.2538860104,191.584643407,1.21450777202
train,14.7440273038,19.896373057,293.352667598,1.34945308002
train,16.9283276451,21.2227979275,359.266476861,1.25368544209
train,14.1979522184,21.2227979275,301.320270915,1.49477879633
train,18.566552901,27.8549222798,517.169888062,1.50027430661
train,14.1979522184,20.5595854922,291.904012449,1.44806695895
train,16.3822525597,19.896373057,325.947408442,1.21450777202
train,18.0204778157,23.2124352332,418.299174168,1.28811430366
train,17.4744027304,21.2227979275,370.85571805,1.21450777202
train,20.204778157,41.1191709845,830.803727741,2.03512113149
train,19.2331606218,31.6723549488,609.15949,1.64675767918
train,30,35,1050,1.16666666667
train,15.8361774744,17.9067357513,283.574245345,1.13074861533
train,27.5,58.75,1615.625,2.13636363636
train,32.5,35,1137.5,1.07692307692
train,14.1979522184,17.2435233161,244.822720119,1.21450777202
train,12.0136518771,17.2435233161,207.157686254,1.43532736693
train,33.75,50,1687.5,1.48148148148
train,35,42.5,1487.5,1.21428571429
train,16.3822525597,16.5803108808,271.622840369,1.01208981002
train,23.75,36.25,860.9375,1.52631578947
train,33.75,37.5,1265.625,1.11111111111
train,18.0204778157,36.4766839378,657.327273692,2.02417962003
train,22.5,26.25,590.625,1.16666666667
train,30,30,900,1
train,35,42.5,1487.5,1.21428571429
train,30,31.25,937.5,1.04166666667
train,25,26.25,656.25,1.05
train,30,32.5,975,1.08333333333
train,22.5,23.75,534.375,1.05555555556
train,21.25,28.75,610.9375,1.35294117647
train,35,37.5,1312.5,1.07142857143
train,14.1979522184,21.8860103627,310.736529382,1.54149063372
train,32.2184300341,45.0984455959,1453.00111408,1.39977166945
train,23.75,32.5,771.875,1.36842105263
train,32.5,38.75,1259.375,1.19230769231
train,31.25,38.75,1210.9375,1.24
train,28.75,46.25,1329.6875,1.60869565217
train,31.25,35,1093.75,1.12
train,18.75,38.75,726.5625,2.06666666667
train,41.25,43.75,1804.6875,1.06060606061
train,23.75,32.5,771.875,1.36842105263
train,27.5,32.5,893.75,1.18181818182
train,31.25,38.75,1210.9375,1.24
train,35,40,1400,1.14285714286
train,28.75,32.5,934.375,1.13043478261
train,35,45,1575,1.28571428571
train,36.25,41.25,1495.3125,1.13793103448
train,22.5,28.75,646.875,1.27777777778
train,20,48.75,975,2.4375
train,10.9215017065,14.5906735751,159.35206635,1.33595854922
train,12.5597269625,17.9067357513,224.903711825,1.42572651498
train,35,53.75,1881.25,1.53571428571
train,26.25,37.5,984.375,1.42857142857
train,31.25,32.5,1015.625,1.04
train,32.5,38.75,1259.375,1.19230769231
train,18.75,26.25,492.1875,1.4
train,21.25,30,637.5,1.41176470588
train,40,42.5,1700,1.0625
train,21.25,26.25,557.8125,1.23529411765
train,20,26.25,525,1.3125
train,37.5,38.75,1453.125,1.03333333333
train,36.25,40,1450,1.10344827586
train,10.9215017065,16.5803108808,181.081893579,1.51813471503
train,12.0136518771,18.5699481865,223.092892889,1.54573716439
train,20.204778157,29.8445595855,603.002705618,1.47710404705
train,19.1126279863,27.1917098446,519.705034572,1.42270910437
train,18.75,23.75,445.3125,1.26666666667
train,23.75,38.75,920.3125,1.63157894737
train,26.25,43.75,1148.4375,1.66666666667
train,20.7508532423,28.518134715,591.775628216,1.37431142623
train,18.566552901,32.4974093264,603.364869405,1.75032002438
train,22.9351535836,33.1606217617,760.543953032,1.44584258574
train,41.25,41.25,1701.5625,1
train,26.25,28.75,754.6875,1.09523809524
train,22.5,31.25,703.125,1.38888888889
train,21.25,52.5,1115.625,2.47058823529
train,38.75,42.5,1646.875,1.09677419355
train,21.25,47.5,1009.375,2.23529411765
train,19.2331606218,26.7576791809,514.634741552,1.39122631517
train,35,37.5,1312.5,1.07142857143
train,30,32.5,975,1.08333333333
train,31.25,31.25,976.5625,1
train,31.25,37.5,1171.875,1.2
train,22.5,37.5,843.75,1.66666666667
train,56.25,57.5,3234.375,1.02222222222
train,38.75,50,1937.5,1.29032258065
train,23.75,30,712.5,1.26315789474
train,41.25,45,1856.25,1.09090909091
train,37.5,38.75,1453.125,1.03333333333
train,27.5,30,825,1.09090909091
train,28.75,37.5,1078.125,1.30434782609
train,33.75,41.25,1392.1875,1.22222222222
train,22.5,40,900,1.77777777778
train,25,37.5,937.5,1.5
train,33.75,42.5,1434.375,1.25925925926
train,16.25,41.25,670.3125,2.53846153846
train,26.25,30,787.5,1.14285714286
train,27.5,35,962.5,1.27272727273
train,27.5,37.5,1031.25,1.36363636364
train,28.75,32.5,934.375,1.13043478261
train,35,42.5,1487.5,1.21428571429
train,32.5,35,1137.5,1.07692307692
train,27.5,32.5,893.75,1.18181818182
train,15,32.5,487.5,2.16666666667
train,20.5595854922,24.0273037543,493.991405684,1.16866674006
train,31.25,35,1093.75,1.12
train,27.5,56.25,1546.875,2.04545454545
train,36.25,43.75,1585.9375,1.20689655172
train,27.5,31.25,859.375,1.13636363636
train,27.5,31.25,859.375,1.13636363636
train,23.75,32.5,771.875,1.36842105263
train,20,28.75,575,1.4375
train,31.25,40,1250,1.28
train,27.5,30,825,1.09090909091
train,32.5,33.75,1096.875,1.03846153846
train,31.25,32.5,1015.625,1.04
train,35,38.75,1356.25,1.10714285714
train,12.5597269625,23.8756476684,299.871615767,1.90096868664
train,17.4744027304,27.1917098446,475.158888751,1.5560880829
train,14.1979522184,17.2435233161,244.822720119,1.21450777202
train,12.5597269625,15.2538860104,191.584643407,1.21450777202
train,35,37.5,1312.5,1.07142857143
train,37.5,43.75,1640.625,1.16666666667
train,23.75,33.75,801.5625,1.42105263158
train,32.5,36.25,1178.125,1.11538461538
train,33.75,41.25,1392.1875,1.22222222222
train,28.75,57.5,1653.125,2
train,19.1126279863,31.8341968912,608.435162426,1.66561065877
train,20.5595854922,28.3959044369,583.808024899,1.38115160189
train,22.5492227979,26.7576791809,603.364869405,1.18663421
train,16.5803108808,16.9283276451,280.676935047,1.02098976109
train,22.5,48.75,1096.875,2.16666666667
train,25,50,1250,2
train,21.25,40,850,1.88235294118
train,18.75,43.75,820.3125,2.33333333333
train,19.6587030717,19.896373057,391.136890131,1.01208981002
train,26.25,50,1312.5,1.90476190476
train,21.25,37.5,796.875,1.76470588235
train,15.2901023891,23.2124352332,354.920511415,1.51813471503
train,18.5699481865,22.3890784983,415.764027657,1.20566187226
train,21.2227979275,29.4880546075,625.819024209,1.38945179181
train,36.25,42.5,1540.625,1.1724137931
train,33.75,40,1350,1.18518518519
train,20,23.75,475,1.1875
train,14.1979522184,20.5595854922,291.904012449,1.44806695895
train,12.5597269625,19.2331606218,241.563246034,1.53133588646
train,27.5,28.75,790.625,1.04545454545
train,22.5,40,900,1.77777777778
train,17.9067357513,21.2969283276,381.358467877,1.18932499052
train,18.0204778157,22.5492227979,406.347769191,1.25131103784
train,30,35,1050,1.16666666667
train,28.75,30,862.5,1.04347826087
train,18.0204778157,31.8341968912,573.667438858,1.7665567593
train,17.4744027304,26.5284974093,463.569647562,1.51813471503
train,35,36.25,1268.75,1.03571428571
train,16.9283276451,25.2020725389,426.628941272,1.48875146248
train,21.25,27.5,584.375,1.29411764706
train,27.5,52.5,1443.75,1.90909090909
train,22.5,25,562.5,1.11111111111
train,17.5,43.75,765.625,2.5
train,8.75,31.25,273.4375,3.57142857143
train,30,36.25,1087.5,1.20833333333
train,31.25,32.5,1015.625,1.04
train,17.4744027304,29.8445595855,521.515853508,1.7079015544
train,21.25,30,637.5,1.41176470588
train,23.75,26.25,623.4375,1.10526315789
train,19.896373057,24.5733788396,488.921112663,1.23506825939
train,21.25,28.75,610.9375,1.35294117647
train,15.2901023891,17.9067357513,273.795823091,1.17113249445
train,14.1979522184,15.9170984456,225.990203187,1.12108409725
train,30,36.25,1087.5,1.20833333333
train,28.75,40,1150,1.39130434783
train,37.5,37.5,1406.25,1
train,18.75,25,468.75,1.33333333333
train,15.2901023891,17.2435233161,263.655237051,1.12775721688
train,26.25,32.5,853.125,1.2380952381
train,26.25,37.5,984.375,1.42857142857
train,19.6587030717,19.896373057,391.136890131,1.01208981002
train,16.3822525597,23.2124352332,380.271976516,1.41692573402
train,27.8549222798,30.0341296928,836.598348335,1.0782341947
train,32.2184300341,45.7616580311,1474.36877752,1.42035654694
train,28.9419795222,30.5077720207,882.955313091,1.05410108515
train,20.204778157,30.5077720207,616.402765743,1.50992858143
train,13.1058020478,21.8860103627,286.833719429,1.66994818653
train,17.4744027304,20.5595854922,359.266476861,1.17655440415
train,18.0204778157,22.5492227979,406.347769191,1.25131103784
train,18.0204778157,26.5284974093,478.056199049,1.47213063275
train,18.566552901,18.5699481865,344.779925374,1.00018287108
train,14.7440273038,21.8860103627,322.687934358,1.48439838803
train,14.1979522184,21.2227979275,301.320270915,1.49477879633
train,15.8361774744,23.8756476684,378.098993793,1.50766482044
train,15.8361774744,18.5699481865,294.076995172,1.17262819368
train,30,35,1050,1.16666666667
train,18.0204778157,20.5595854922,370.493554263,1.14090124038
train,33.75,50,1687.5,1.48148148148
train,21.2969283276,29.8445595855,635.597446462,1.40135512156
train,41.25,43.75,1804.6875,1.06060606061
train,20.204778157,24.5388601036,495.802224619,1.21450777202
train,33.75,33.75,1139.0625,1
train,33.75,40,1350,1.18518518519
train,28.75,45,1293.75,1.5652173913
train,22.5,28.75,646.875,1.27777777778
train,20,33.75,675,1.6875
train,17.5,31.25,546.875,1.78571428571
train,21.25,36.25,770.3125,1.70588235294
train,27.3037542662,39.1295336788,1068.38317212,1.43311917098
train,16.9283276451,26.5284974093,449.083096076,1.56710680261
train,32.5,40,1300,1.23076923077
train,16.9283276451,19.2331606218,325.585244655,1.13615243189
train,24.5733788396,38.4663212435,945.247484482,1.56536557283
train,38.75,40,1550,1.03225806452
train,23.75,50,1187.5,2.10526315789
train,14.7440273038,21.8860103627,322.687934358,1.48439838803
train,24.0273037543,28.518134715,685.213885303,1.18690532266
train,20,41.25,825,2.0625
train,15.8361774744,21.2227979275,336.087994483,1.34014650706
train,26.5284974093,32.7645051195,869.193089179,1.23506825939
train,18.75,37.5,703.125,2
train,16.25,38.75,629.6875,2.38461538462
train,21.25,22.5,478.125,1.05882352941
train,26.25,32.5,853.125,1.2380952381
train,22.9351535836,23.8756476684,547.591646183,1.04100666173
train,17.4744027304,20.5595854922,359.266476861,1.17655440415
train,20,28.75,575,1.4375
train,38.75,41.25,1598.4375,1.06451612903
train,18.75,28.75,539.0625,1.53333333333
train,33.75,37.5,1265.625,1.11111111111
train,25,30,750,1.2
train,26.2116040956,38.4663212435,1008.26398345,1.46753022453
train,32.5,35,1137.5,1.07692307692
train,32.5,33.75,1096.875,1.03846153846
train,28.75,30,862.5,1.04347826087
train,18.75,37.5,703.125,2
train,28.75,30,862.5,1.04347826087
train,32.5,40,1300,1.23076923077
train,14.7440273038,17.9067357513,264.017400838,1.21450777202
train,21.2227979275,31.1262798635,660.586747776,1.46664355802
train,31.1262798635,37.8031088083,1176.67014448,1.21450777202
train,20.5595854922,26.7576791809,550.126792693,1.30146977871
train,14.1979522184,19.2331606218,273.071495517,1.35464328418
train,23.75,28.75,682.8125,1.21052631579
train,20,28.75,575,1.4375
train,33.75,35,1181.25,1.03703703704
train,14.5906735751,16.3822525597,239.028099524,1.12278932671
train,14.1979522184,17.2435233161,244.822720119,1.21450777202
train,18.566552901,21.2227979275,394.034200428,1.14306613837
train,22.5,26.25,590.625,1.16666666667
train,30,41.25,1237.5,1.375
train,31.25,41.25,1289.0625,1.32
train,26.25,33.75,885.9375,1.28571428571
train,23.75,32.5,771.875,1.36842105263
train,22.5,26.25,590.625,1.16666666667
train,18.75,31.25,585.9375,1.66666666667
train,25,31.25,781.25,1.25
train,22.5,30,675,1.33333333333
train,35,46.25,1618.75,1.32142857143
train,21.2969283276,24.5388601036,522.602344869,1.15222532217
train,20.204778157,24.5388601036,495.802224619,1.21450777202
train,23.75,33.75,801.5625,1.42105263158
train,14.7440273038,20.5595854922,303.131089851,1.39443484936
train,26.7576791809,30.5077720207,816.317176254,1.14015015333
train,25,35,875,1.4
train,22.9351535836,30.5077720207,699.700436789,1.33017517888
train,18.5699481865,20.7508532423,385.342269536,1.11744271087
train,27.5,37.5,1031.25,1.36363636364
train,13.6518771331,21.2227979275,289.731029726,1.55456994819
train,14.7440273038,21.2227979275,312.909512105,1.43941661869
train,16.9283276451,17.9067357513,303.131089851,1.05779709176
train,25,32.5,812.5,1.3
train,22.5,26.25,590.625,1.16666666667
train,23.75,37.5,890.625,1.57894736842
train,11.4675767918,16.5803108808,190.135988258,1.44584258574
train,23.4812286689,26.5284974093,622.921713912,1.12977467165
train,30,40,1200,1.33333333333
train,14.1979522184,19.896373057,282.487753983,1.40135512156
train,26.25,37.5,984.375,1.42857142857
train,16.3822525597,19.2331606218,315.082494827,1.17402417962
train,19.1126279863,25.2020725389,481.67783692,1.31860843819
train,28.3959044369,34.4870466321,979.290880475,1.21450777202
train,17.4744027304,19.896373057,347.677235672,1.13860103627
train,21.8860103627,30.5802047782,669.278678668,1.39724893991
train,21.843003413,25.2020725389,550.48895648,1.15378238342
train,25,28.75,718.75,1.15
train,18.75,35,656.25,1.86666666667
train,20,25,500,1.25
train,17.4744027304,17.9067357513,312.909512105,1.02474093264
train,17.4744027304,19.2331606218,336.087994483,1.10064766839
train,17.4744027304,21.2227979275,370.85571805,1.21450777202
train,25.1194539249,28.518134715,716.359970999,1.13530074341
train,25.1194539249,32.4974093264,816.317176254,1.29371480063
train,16.3822525597,20.5595854922,336.812322057,1.25499136442
train,15.8361774744,17.2435233161,273.071495517,1.08886903698
train,19.1126279863,21.8860103627,418.299174168,1.14510732791
train,18.75,32.5,609.375,1.73333333333
train,22.5,31.25,703.125,1.38888888889
train,20,25,500,1.25
train,17.4744027304,19.2331606218,336.087994483,1.10064766839
train,16.9283276451,17.9067357513,303.131089851,1.05779709176
train,19.6587030717,19.896373057,391.136890131,1.01208981002
train,22.5492227979,26.2116040956,591.051300642,1.1624171853
train,19.2331606218,21.843003413,420.109993103,1.13569495116
train,32.2184300341,35.8134715026,1153.85382589,1.11158338456
train,13.1058020478,17.9067357513,234.682134078,1.36632124352
train,14.5906735751,19.1126279863,278.866116112,1.30992088117
train,15.2538860104,19.1126279863,291.541848662,1.25296779938
train,21.25,35,743.75,1.64705882353
train,18.5699481865,21.843003413,405.623441617,1.17625548513
train,17.9067357513,19.1126279863,342.244778864,1.06734294021
train,18.566552901,19.2331606218,357.093494138,1.0359036879
train,19.6587030717,24.5388601036,482.402164495,1.24824409902
train,18.75,30,562.5,1.6
train,17.9067357513,18.0204778157,322.687934358,1.00635191505
train,18.5699481865,20.7508532423,385.342269536,1.11744271087
train,20.204778157,25.2020725389,509.202284744,1.2473323064
train,19.1126279863,20.5595854922,392.947709066,1.07570688379
train,40,47.5,1900,1.1875
train,26.25,42.5,1115.625,1.61904761905
train,30,40,1200,1.33333333333
train,26.25,41.25,1082.8125,1.57142857143
train,37.5,41.25,1546.875,1.1
train,37.5,50,1875,1.33333333333
train,22.5,26.25,590.625,1.16666666667
train,17.5,21.25,371.875,1.21428571429
train,17.5,18.75,328.125,1.07142857143
train,17.5,18.75,328.125,1.07142857143
train,12.0136518771,18.5699481865,223.092892889,1.54573716439
train,27.5,28.75,790.625,1.04545454545
train,18.75,18.75,351.5625,1
train,21.25,30,637.5,1.41176470588
train,31.25,32.5,1015.625,1.04
train,18.75,27.5,515.625,1.46666666667
train,23.75,26.25,623.4375,1.10526315789
train,27.5,28.75,790.625,1.04545454545
train,25,31.25,781.25,1.25
train,32.5,37.5,1218.75,1.15384615385
train,28.75,31.25,898.4375,1.08695652174
train,30,37.5,1125,1.25
train,28.75,30,862.5,1.04347826087
train,22.5,22.5,506.25,1
train,18.75,20,375,1.06666666667
train,16.25,20,325,1.23076923077
train,13.75,16.25,223.4375,1.18181818182
train,17.5,17.5,306.25,1
train,15,15,225,1
train,13.75,15,206.25,1.09090909091
train,25,26.25,656.25,1.05
train,21.25,21.25,451.5625,1
train,33.75,35,1181.25,1.03703703704
train,23.75,32.5,771.875,1.36842105263
train,28.75,35,1006.25,1.21739130435
train,20,27.5,550,1.375
train,28.75,30,862.5,1.04347826087
train,36.25,36.25,1314.0625,1
train,21.25,27.5,584.375,1.29411764706
train,28.75,31.25,898.4375,1.08695652174
train,25,43.75,1093.75,1.75
train,18.75,20,375,1.06666666667
train,28.75,32.5,934.375,1.13043478261
train,31.25,33.75,1054.6875,1.08
train,28.75,30,862.5,1.04347826087
train,25,31.25,781.25,1.25
train,23.75,31.25,742.1875,1.31578947368
train,30,46.25,1387.5,1.54166666667
train,25,33.75,843.75,1.35
train,22.5,22.5,506.25,1
train,20,28.75,575,1.4375
train,27.5,38.75,1065.625,1.40909090909
train,14.1979522184,25.8652849741,367.234080178,1.82176165803
train,12.6010362694,13.1058020478,165.146686944,1.04005748159
train,11.274611399,13.6518771331,153.919609542,1.21085123469
train,11.9378238342,15.2901023891,182.530548728,1.28081152825
train,13.1058020478,14.5906735751,191.222479619,1.11329879102
train,9.82935153584,15.9170984456,156.454756052,1.61934369603
train,23.75,26.25,623.4375,1.10526315789
train,13.75,15,206.25,1.09090909091
train,13.75,17.5,240.625,1.27272727273
train,15,23.75,356.25,1.58333333333
train,16.25,17.5,284.375,1.07692307692
train,15,17.5,262.5,1.16666666667
train,17.5,25,437.5,1.42857142857
train,13.75,21.25,292.1875,1.54545454545
train,15,22.5,337.5,1.5
train,18.75,21.25,398.4375,1.13333333333
train,13.75,20,275,1.45454545455
train,16.25,26.25,426.5625,1.61538461538
train,23.75,25,593.75,1.05263157895
train,15,20,300,1.33333333333
train,20,21.25,425,1.0625
train,18.75,22.5,421.875,1.2
train,13.1058020478,13.2642487047,173.838617836,1.01208981002
train,15,20,300,1.33333333333
train,15,18.75,281.25,1.25
train,15,22.5,337.5,1.5
train,15,17.5,262.5,1.16666666667
train,16.25,21.25,345.3125,1.30769230769
train,15,16.25,243.75,1.08333333333
train,13.75,13.75,189.0625,1
train,12.5,13.75,171.875,1.1
train,13.75,13.75,189.0625,1
train,12.5,13.75,171.875,1.1
train,16.25,18.75,304.6875,1.15384615385
train,15,16.25,243.75,1.08333333333
train,18.75,20,375,1.06666666667
train,17.5,21.25,371.875,1.21428571429
train,17.5,21.25,371.875,1.21428571429
train,12.5597269625,16.5803108808,208.244177616,1.3201171435
train,18.75,20,375,1.06666666667
train,12.0136518771,13.2642487047,159.35206635,1.10409797456
train,12.5,13.75,171.875,1.1
train,11.4675767918,16.5803108808,190.135988258,1.44584258574
train,16.25,18.75,304.6875,1.15384615385
train,10,18.75,187.5,1.875
train,12.5,22.5,281.25,1.8
train,20,23.75,475,1.1875
train,12.5,20,250,1.6
train,16.25,28.75,467.1875,1.76923076923
train,21.25,22.5,478.125,1.05882352941
train,26.25,27.5,721.875,1.04761904762
train,17.5,17.5,306.25,1
train,17.5,20,350,1.14285714286
train,17.5,22.5,393.75,1.28571428571
train,18.75,23.75,445.3125,1.26666666667
train,31.25,32.5,1015.625,1.04
train,20,23.75,475,1.1875
train,18.75,25,468.75,1.33333333333
train,20,43.75,875,2.1875
train,16.25,21.25,345.3125,1.30769230769
train,20,30,600,1.5
train,18.75,20,375,1.06666666667
train,17.5,27.5,481.25,1.57142857143
train,31.25,31.25,976.5625,1
train,13.75,15,206.25,1.09090909091
train,15,17.5,262.5,1.16666666667
train,22.5,32.5,731.25,1.44444444444
train,12.5597269625,13.9274611399,174.925109197,1.10889840054
train,21.25,22.5,478.125,1.05882352941
train,27.5,35,962.5,1.27272727273
train,21.25,25,531.25,1.17647058824
train,17.5,25,437.5,1.42857142857
train,30,32.5,975,1.08333333333
train,33.75,37.5,1265.625,1.11111111111
train,22.5,32.5,731.25,1.44444444444
train,16.25,40,650,2.46153846154
train,22.5,22.5,506.25,1
train,20,22.5,450,1.125
train,20,25,500,1.25
train,23.75,25,593.75,1.05263157895
train,16.25,33.75,548.4375,2.07692307692
train,25,25,625,1
train,30,36.25,1087.5,1.20833333333
train,25,31.25,781.25,1.25
train,25,26.25,656.25,1.05
train,33.75,38.75,1307.8125,1.14814814815
train,18.75,30,562.5,1.6
train,21.25,28.75,610.9375,1.35294117647
train,26.25,37.5,984.375,1.42857142857
train,26.25,27.5,721.875,1.04761904762
train,18.75,25,468.75,1.33333333333
train,18.75,22.5,421.875,1.2
train,18.75,23.75,445.3125,1.26666666667
train,17.5,23.75,415.625,1.35714285714
train,13.9274611399,17.4744027304,243.37406497,1.25467251747
train,21.25,22.5,478.125,1.05882352941
train,13.9274611399,14.1979522184,197.741427788,1.01942142045
train,26.25,32.5,853.125,1.2380952381
train,20,22.5,450,1.125
train,22.5,25,562.5,1.11111111111
train,22.5,35,787.5,1.55555555556
train,35,36.25,1268.75,1.03571428571
train,33.75,33.75,1139.0625,1
train,32.5,35,1137.5,1.07692307692
train,35,36.25,1268.75,1.03571428571
train,16.25,16.25,264.0625,1
train,22.5,23.75,534.375,1.05555555556
train,32.5,37.5,1218.75,1.15384615385
train,28.75,40,1150,1.39130434783
train,21.25,26.25,557.8125,1.23529411765
train,32.5,35,1137.5,1.07692307692
train,20,20,400,1
train,20,23.75,475,1.1875
train,16.25,20,325,1.23076923077
train,18.75,18.75,351.5625,1
train,22.5,23.75,534.375,1.05555555556
train,42.5,43.75,1859.375,1.02941176471
train,33.75,37.5,1265.625,1.11111111111
train,16.25,17.5,284.375,1.07692307692
train,11.4675767918,16.5803108808,190.135988258,1.44584258574
train,30,33.75,1012.5,1.125
train,21.25,28.75,610.9375,1.35294117647
train,21.25,22.5,478.125,1.05882352941
train,21.25,22.5,478.125,1.05882352941
train,28.75,28.75,826.5625,1
train,31.25,35,1093.75,1.12
train,25,33.75,843.75,1.35
train,22.5,27.5,618.75,1.22222222222
train,21.25,35,743.75,1.64705882353
train,15.2901023891,21.8860103627,334.639339334,1.43138415988
train,17.5,28.75,503.125,1.64285714286
train,28.75,31.25,898.4375,1.08695652174
train,23.75,25,593.75,1.05263157895
train,23.75,31.25,742.1875,1.31578947368
train,30,33.75,1012.5,1.125
train,16.25,22.5,365.625,1.38461538462
train,21.25,33.75,717.1875,1.58823529412
train,16.25,18.75,304.6875,1.15384615385
train,26.25,33.75,885.9375,1.28571428571
train,18.75,25,468.75,1.33333333333
train,18.75,25,468.75,1.33333333333
train,13.75,17.5,240.625,1.27272727273
train,17.5,17.5,306.25,1
train,23.75,26.25,623.4375,1.10526315789
train,17.5,17.5,306.25,1
train,20,21.25,425,1.0625
train,18.75,27.5,515.625,1.46666666667
train,13.75,20,275,1.45454545455
train,17.5,20,350,1.14285714286
train,17.5,22.5,393.75,1.28571428571
train,16.25,22.5,365.625,1.38461538462
train,22.5,28.75,646.875,1.27777777778
train,15,18.75,281.25,1.25
train,16.25,18.75,304.6875,1.15384615385
train,17.5,17.5,306.25,1
train,17.5,17.5,306.25,1
train,16.25,21.25,345.3125,1.30769230769
train,16.25,17.5,284.375,1.07692307692
train,20,23.75,475,1.1875
train,18.75,20,375,1.06666666667
train,18.75,21.25,398.4375,1.13333333333
train,15,18.75,281.25,1.25
train,18.75,20,375,1.06666666667
train,20,21.25,425,1.0625
train,17.5,17.5,306.25,1
train,16.25,20,325,1.23076923077
train,11.25,17.5,196.875,1.55555555556
train,20,21.25,425,1.0625
train,23.75,25,593.75,1.05263157895
train,23.75,25,593.75,1.05263157895
train,18.75,28.75,539.0625,1.53333333333
train,23.75,37.5,890.625,1.57894736842
train,18.75,27.5,515.625,1.46666666667
train,22.5,25,562.5,1.11111111111
train,18.75,27.5,515.625,1.46666666667
train,26.25,28.75,754.6875,1.09523809524
train,17.5,22.5,393.75,1.28571428571
train,18.75,25,468.75,1.33333333333
train,22.5,27.5,618.75,1.22222222222
train,17.5,21.25,371.875,1.21428571429
train,21.25,22.5,478.125,1.05882352941
train,21.25,28.75,610.9375,1.35294117647
train,20,25,500,1.25
train,17.5,20,350,1.14285714286
train,20,28.75,575,1.4375
train,16.25,25,406.25,1.53846153846
train,23.75,26.25,623.4375,1.10526315789
train,17.5,22.5,393.75,1.28571428571
train,21.25,22.5,478.125,1.05882352941
train,25,32.5,812.5,1.3
train,17.5,20,350,1.14285714286
train,26.25,26.25,689.0625,1
train,32.5,48.75,1584.375,1.5
train,30,32.5,975,1.08333333333
train,18.75,22.5,421.875,1.2
train,21.25,21.25,451.5625,1
train,27.5,40,1100,1.45454545455
train,16.25,18.75,304.6875,1.15384615385
train,17.5,21.25,371.875,1.21428571429
train,17.5,26.25,459.375,1.5
train,20,26.25,525,1.3125
train,15,15,225,1
train,26.25,40,1050,1.52380952381
train,17.5,18.75,328.125,1.07142857143
train,16.25,22.5,365.625,1.38461538462
train,16.25,22.5,365.625,1.38461538462
train,16.25,18.75,304.6875,1.15384615385
train,20,21.25,425,1.0625
train,21.25,25,531.25,1.17647058824
train,15,17.5,262.5,1.16666666667
train,13.75,18.75,257.8125,1.36363636364
train,15,20,300,1.33333333333
train,21.25,22.5,478.125,1.05882352941
train,15,15,225,1
train,17.5,22.5,393.75,1.28571428571
train,18.75,21.25,398.4375,1.13333333333
train,15,18.75,281.25,1.25
train,17.5,20,350,1.14285714286
train,16.25,16.25,264.0625,1
train,16.25,21.25,345.3125,1.30769230769
train,17.5,18.75,328.125,1.07142857143
train,16.25,20,325,1.23076923077
train,17.5,25,437.5,1.42857142857
train,15,15,225,1
train,22.5,23.75,534.375,1.05555555556
train,17.5,21.25,371.875,1.21428571429
train,15,16.25,243.75,1.08333333333
train,17.5,18.75,328.125,1.07142857143
train,11.25,18.75,210.9375,1.66666666667
train,16.25,18.75,304.6875,1.15384615385
train,18.75,18.75,351.5625,1
train,15,23.75,356.25,1.58333333333
train,16.25,27.5,446.875,1.69230769231
train,27.5,30,825,1.09090909091
train,18.75,26.25,492.1875,1.4
train,20,26.25,525,1.3125
train,18.75,25,468.75,1.33333333333
train,15.2538860104,15.2901023891,233.23347893,1.0023742395
train,15.2901023891,16.5803108808,253.514651011,1.0843819393
train,18.75,18.75,351.5625,1
train,18.75,23.75,445.3125,1.26666666667
train,12.5,16.25,203.125,1.3
train,16.25,17.5,284.375,1.07692307692
train,16.25,16.25,264.0625,1
train,12.5,18.75,234.375,1.5
train,18.75,21.25,398.4375,1.13333333333
train,17.5,20,350,1.14285714286
train,12.5,21.25,265.625,1.7
train,21.25,22.5,478.125,1.05882352941
train,21.25,23.75,504.6875,1.11764705882
train,16.25,18.75,304.6875,1.15384615385
train,15,17.5,262.5,1.16666666667
train,10,26.25,262.5,2.625
train,18.75,23.75,445.3125,1.26666666667
train,18.75,22.5,421.875,1.2
train,18.75,20,375,1.06666666667
train,18.75,21.25,398.4375,1.13333333333
train,16.25,22.5,365.625,1.38461538462
train,13.75,16.25,223.4375,1.18181818182
train,16.25,17.5,284.375,1.07692307692
train,15,20,300,1.33333333333
train,12.5,12.5,156.25,1
train,13.75,18.75,257.8125,1.36363636364
train,13.75,16.25,223.4375,1.18181818182
train,12.5,16.25,203.125,1.3
train,17.5,18.75,328.125,1.07142857143
train,16.25,17.5,284.375,1.07692307692
train,13.75,15,206.25,1.09090909091
train,10,10,100,1
train,12.5,20,250,1.6
train,16.25,18.75,304.6875,1.15384615385
train,17.5,18.75,328.125,1.07142857143
train,16.25,17.5,284.375,1.07692307692
train,11.25,12.5,140.625,1.11111111111
train,18.75,28.75,539.0625,1.53333333333
train,16.25,21.25,345.3125,1.30769230769
train,18.75,21.25,398.4375,1.13333333333
train,18.75,20,375,1.06666666667
train,21.25,22.5,478.125,1.05882352941
train,16.25,21.25,345.3125,1.30769230769
train,20,30,600,1.5
train,13.75,18.75,257.8125,1.36363636364
train,13.75,18.75,257.8125,1.36363636364
train,17.5,17.5,306.25,1
train,20,22.5,450,1.125
train,18.75,22.5,421.875,1.2
train,22.5,25,562.5,1.11111111111
train,16.25,18.75,304.6875,1.15384615385
train,13.75,15,206.25,1.09090909091
train,15,18.75,281.25,1.25
train,20,25,500,1.25
train,17.5,20,350,1.14285714286
train,16.25,22.5,365.625,1.38461538462
train,22.5,33.75,759.375,1.5
train,18.75,21.25,398.4375,1.13333333333
train,17.5,25,437.5,1.42857142857
train,11.25,12.5,140.625,1.11111111111
train,15,15,225,1
train,12.5,13.75,171.875,1.1
train,15,15,225,1
train,16.25,27.5,446.875,1.69230769231
train,18.75,28.75,539.0625,1.53333333333
train,15,18.75,281.25,1.25
train,17.5,26.25,459.375,1.5
train,23.75,27.5,653.125,1.15789473684
train,18.75,30,562.5,1.6
train,20,26.25,525,1.3125
train,18.75,23.75,445.3125,1.26666666667
train,23.75,25,593.75,1.05263157895
train,30,30,900,1
train,20,31.25,625,1.5625
train,16.25,25,406.25,1.53846153846
train,18.75,22.5,421.875,1.2
train,22.5,26.25,590.625,1.16666666667
train,18.75,28.75,539.0625,1.53333333333
train,17.5,21.25,371.875,1.21428571429
train,18.75,22.5,421.875,1.2
train,21.25,22.5,478.125,1.05882352941
train,20,22.5,450,1.125
train,17.5,21.25,371.875,1.21428571429
train,18.75,21.25,398.4375,1.13333333333
train,20,20,400,1
train,21.25,23.75,504.6875,1.11764705882
train,16.25,18.75,304.6875,1.15384615385
train,21.25,21.25,451.5625,1
train,16.25,22.5,365.625,1.38461538462
train,16.25,18.75,304.6875,1.15384615385
train,25,26.25,656.25,1.05
train,15,18.75,281.25,1.25
train,12.5,17.5,218.75,1.4
train,16.25,17.5,284.375,1.07692307692
train,13.75,20,275,1.45454545455
train,15,17.5,262.5,1.16666666667
train,16.25,17.5,284.375,1.07692307692
train,15,16.25,243.75,1.08333333333
train,11.25,17.5,196.875,1.55555555556
train,12.5,15,187.5,1.2
train,15,16.25,243.75,1.08333333333
train,12.5,16.25,203.125,1.3
train,15,16.25,243.75,1.08333333333
train,12.5597269625,14.5906735751,183.254876302,1.16170308628
train,12.0136518771,15.2538860104,183.254876302,1.26971267075
train,10.9215017065,13.2642487047,144.865514863,1.21450777202
train,20,23.75,475,1.1875
train,15,17.5,262.5,1.16666666667
train,15,18.75,281.25,1.25
train,17.5,18.75,328.125,1.07142857143
train,18.75,20,375,1.06666666667
train,13.75,18.75,257.8125,1.36363636364
train,25,28.75,718.75,1.15
train,18.75,18.75,351.5625,1
train,13.1058020478,14.5906735751,191.222479619,1.11329879102
train,18.75,23.75,445.3125,1.26666666667
train,22.5,26.25,590.625,1.16666666667
train,18.75,20,375,1.06666666667
train,17.5,21.25,371.875,1.21428571429
train,18.75,21.25,398.4375,1.13333333333
train,23.75,26.25,623.4375,1.10526315789
train,22.5,22.5,506.25,1
train,20,22.5,450,1.125
train,13.75,17.5,240.625,1.27272727273
train,18.75,20,375,1.06666666667
train,16.25,18.75,304.6875,1.15384615385
train,20,20,400,1
train,20,21.25,425,1.0625
train,17.5,22.5,393.75,1.28571428571
train,18.75,25,468.75,1.33333333333
train,16.25,20,325,1.23076923077
train,18.75,20,375,1.06666666667
train,16.25,17.5,284.375,1.07692307692
train,13.75,15,206.25,1.09090909091
train,17.5,22.5,393.75,1.28571428571
train,25,32.5,812.5,1.3
train,21.25,30,637.5,1.41176470588
train,27.5,31.25,859.375,1.13636363636
train,21.25,25,531.25,1.17647058824
train,20,25,500,1.25
train,11.25,22.5,253.125,2
train,15,18.75,281.25,1.25
train,17.5,21.25,371.875,1.21428571429
train,22.5,31.25,703.125,1.38888888889
train,18.75,20,375,1.06666666667
train,21.25,21.25,451.5625,1
train,16.25,17.5,284.375,1.07692307692
train,21.25,23.75,504.6875,1.11764705882
train,16.25,26.25,426.5625,1.61538461538
train,17.5,21.25,371.875,1.21428571429
train,20,22.5,450,1.125
train,13.75,22.5,309.375,1.63636363636
train,22.5,35,787.5,1.55555555556
train,16.25,17.5,284.375,1.07692307692
train,18.75,21.25,398.4375,1.13333333333
train,16.25,18.75,304.6875,1.15384615385
train,20,23.75,475,1.1875
train,23.75,23.75,564.0625,1
train,21.25,23.75,504.6875,1.11764705882
train,20,27.5,550,1.375
train,21.25,26.25,557.8125,1.23529411765
train,16.25,18.75,304.6875,1.15384615385
train,28.75,36.25,1042.1875,1.26086956522
train,12.5,18.75,234.375,1.5
train,17.5,25,437.5,1.42857142857
train,35,48.75,1706.25,1.39285714286
train,22.5,25,562.5,1.11111111111
train,17.5,20,350,1.14285714286
train,33.75,40,1350,1.18518518519
train,26.25,28.75,754.6875,1.09523809524
train,17.5,17.5,306.25,1
train,25,28.75,718.75,1.15
train,47.5,58.75,2790.625,1.23684210526
train,22.5,33.75,759.375,1.5
train,16.25,20,325,1.23076923077
train,18.75,18.75,351.5625,1
train,16.25,17.5,284.375,1.07692307692
train,15,21.25,318.75,1.41666666667
train,21.25,23.75,504.6875,1.11764705882
train,23.75,38.75,920.3125,1.63157894737
train,22.5,33.75,759.375,1.5
train,21.25,26.25,557.8125,1.23529411765
train,13.75,17.5,240.625,1.27272727273
train,22.5,26.25,590.625,1.16666666667
train,11.25,20,225,1.77777777778
train,15,25,375,1.66666666667
train,18.75,20,375,1.06666666667
train,16.25,22.5,365.625,1.38461538462
train,17.5,20,350,1.14285714286
train,16.25,18.75,304.6875,1.15384615385
train,14.7440273038,15.9170984456,234.682134078,1.07956246402
train,12.0136518771,15.2538860104,183.254876302,1.26971267075
train,8.19112627986,13.2642487047,108.649136147,1.61934369603
train,12.6010362694,14.7440273038,185.790022812,1.17006466679
train,9.82935153584,13.2642487047,130.378963377,1.34945308002
train,9.82935153584,14.5906735751,143.416859715,1.48439838803
train,10.9215017065,13.9274611399,152.108790606,1.27523316062
train,8.19112627986,12.6010362694,103.21667934,1.53837651123
train,13.6518771331,15.2538860104,208.244177616,1.11734715026
train,12.0136518771,13.9274611399,167.319669667,1.15930287329
train,15,18.75,281.25,1.25
train,12.5,20,250,1.6
train,17.5,21.25,371.875,1.21428571429
train,13.75,18.75,257.8125,1.36363636364
train,13.75,13.75,189.0625,1
train,16.25,16.25,264.0625,1
train,18.75,27.5,515.625,1.46666666667
train,17.5,26.25,459.375,1.5
train,20.7508532423,27.8549222798,578.013404304,1.34235069539
train,13.6518771331,17.2435233161,235.406461653,1.2630880829
train,14.1979522184,21.2227979275,301.320270915,1.49477879633
train,14.7440273038,27.8549222798,410.693734637,1.88923431203
train,22.5,27.5,618.75,1.22222222222
train,27.5,28.75,790.625,1.04545454545
train,13.75,16.25,223.4375,1.18181818182
train,15,16.25,243.75,1.08333333333
train,15,18.75,281.25,1.25
train,11.25,17.5,196.875,1.55555555556
train,18.75,22.5,421.875,1.2
train,16.25,20,325,1.23076923077
train,18.75,20,375,1.06666666667
train,13.75,15,206.25,1.09090909091
train,11.25,21.25,239.0625,1.88888888889
train,12.5,17.5,218.75,1.4
train,17.5,18.75,328.125,1.07142857143
train,13.75,13.75,189.0625,1
train,11.25,17.5,196.875,1.55555555556
train,13.75,13.75,189.0625,1
train,21.25,27.5,584.375,1.29411764706
train,13.75,16.25,223.4375,1.18181818182
train,13.75,16.25,223.4375,1.18181818182
train,15,17.5,262.5,1.16666666667
train,15,17.5,262.5,1.16666666667
train,16.25,18.75,304.6875,1.15384615385
train,12.5,21.25,265.625,1.7
train,16.25,33.75,548.4375,2.07692307692
train,17.5,21.25,371.875,1.21428571429
train,17.5,27.5,481.25,1.57142857143
train,20,23.75,475,1.1875
train,16.25,17.5,284.375,1.07692307692
train,12.5,16.25,203.125,1.3
train,13.75,16.25,223.4375,1.18181818182
train,21.25,23.75,504.6875,1.11764705882
train,15,22.5,337.5,1.5
train,17.5,23.75,415.625,1.35714285714
train,16.25,20,325,1.23076923077
train,23.75,25,593.75,1.05263157895
train,19.1126279863,28.518134715,545.056499673,1.49210954848
train,20,26.25,525,1.3125
train,27.5,35,962.5,1.27272727273
train,33.75,33.75,1139.0625,1
train,41.25,42.5,1753.125,1.0303030303
train,16.9283276451,25.2020725389,426.628941272,1.48875146248
train,27.5,30,825,1.09090909091
train,20,25,500,1.25
train,20,22.5,450,1.125
train,28.75,36.25,1042.1875,1.26086956522
train,17.5,22.5,393.75,1.28571428571
train,22.5,28.75,646.875,1.27777777778
train,26.25,27.5,721.875,1.04761904762
train,23.75,28.75,682.8125,1.21052631579
train,22.5,27.5,618.75,1.22222222222
train,25,41.25,1031.25,1.65
train,13.75,17.5,240.625,1.27272727273
train,20,25,500,1.25
train,17.5,21.25,371.875,1.21428571429
train,13.75,18.75,257.8125,1.36363636364
train,11.25,18.75,210.9375,1.66666666667
train,20,21.25,425,1.0625
train,26.25,27.5,721.875,1.04761904762
train,20,26.25,525,1.3125
train,21.25,22.5,478.125,1.05882352941
train,16.25,16.25,264.0625,1
train,13.9274611399,17.4744027304,243.37406497,1.25467251747
train,13.1058020478,15.2538860104,199.914410511,1.16390328152
train,13.9274611399,18.0204778157,250.979504501,1.29388103364
train,14.7440273038,15.9170984456,234.682134078,1.07956246402
train,11.4675767918,12.6010362694,144.503351076,1.09884036516
train,13.75,18.75,257.8125,1.36363636364
train,23.75,25,593.75,1.05263157895
train,17.5,17.5,306.25,1
train,32.5,38.75,1259.375,1.19230769231
train,16.25,27.5,446.875,1.69230769231
train,18.75,18.75,351.5625,1
train,27.5,30,825,1.09090909091
train,17.5,25,437.5,1.42857142857
train,18.75,23.75,445.3125,1.26666666667
train,20,20,400,1
train,16.25,23.75,385.9375,1.46153846154
train,17.5,18.75,328.125,1.07142857143
train,25,28.75,718.75,1.15
train,22.5,23.75,534.375,1.05555555556
train,15.8361774744,19.2331606218,304.579745,1.21450777202
train,21.25,25,531.25,1.17647058824
train,22.5,22.5,506.25,1
train,22.5,23.75,534.375,1.05555555556
train,18.75,30,562.5,1.6
train,22.5,33.75,759.375,1.5
train,22.5,23.75,534.375,1.05555555556
train,18.75,23.75,445.3125,1.26666666667
train,16.25,21.25,345.3125,1.30769230769
train,13.75,17.5,240.625,1.27272727273
train,16.25,22.5,365.625,1.38461538462
train,20,26.25,525,1.3125
train,20,20,400,1
train,23.75,26.25,623.4375,1.10526315789
train,18.75,20,375,1.06666666667
train,13.75,20,275,1.45454545455
train,17.5,18.75,328.125,1.07142857143
train,17.5,18.75,328.125,1.07142857143
train,21.25,23.75,504.6875,1.11764705882
train,17.5,17.5,306.25,1
train,13.75,15,206.25,1.09090909091
train,17.5,31.25,546.875,1.78571428571
train,16.25,21.25,345.3125,1.30769230769
train,20.204778157,21.8860103627,442.20198412,1.0832096345
train,13.75,18.75,257.8125,1.36363636364
train,18.75,26.25,492.1875,1.4
train,15,18.75,281.25,1.25
train,20,25,500,1.25
train,17.5,20,350,1.14285714286
train,18.75,21.25,398.4375,1.13333333333
train,20,21.25,425,1.0625
train,22.5,23.75,534.375,1.05555555556
train,18.75,18.75,351.5625,1
train,21.25,22.5,478.125,1.05882352941
train,18.75,20,375,1.06666666667
train,22.5,33.75,759.375,1.5
train,16.25,20,325,1.23076923077
train,23.75,25,593.75,1.05263157895
train,24.0273037543,24.5388601036,589.602645493,1.02129062647
train,20,21.25,425,1.0625
train,17.5,20,350,1.14285714286
train,19.2331606218,28.3959044369,546.142991034,1.47640343651
train,17.9067357513,22.3890784983,400.915312384,1.25031601567
train,25,27.5,687.5,1.1
train,13.75,15,206.25,1.09090909091
train,16.25,20,325,1.23076923077
train,16.25,16.25,264.0625,1
train,23.75,25,593.75,1.05263157895
train,17.5,21.25,371.875,1.21428571429
train,17.5,17.5,306.25,1
train,20,20,400,1
train,18.75,18.75,351.5625,1
train,20,21.25,425,1.0625
train,18.75,22.5,421.875,1.2
train,16.25,18.75,304.6875,1.15384615385
train,16.25,16.25,264.0625,1
train,23.75,32.5,771.875,1.36842105263
train,21.25,26.25,557.8125,1.23529411765
train,16.25,26.25,426.5625,1.61538461538
train,22.5,26.25,590.625,1.16666666667
train,30,41.25,1237.5,1.375
train,18.75,22.5,421.875,1.2
train,23.75,32.5,771.875,1.36842105263
train,22.5,30,675,1.33333333333
train,21.25,27.5,584.375,1.29411764706
train,28.75,30,862.5,1.04347826087
train,35,35,1225,1
train,25,35,875,1.4
train,27.5,28.75,790.625,1.04545454545
train,25,27.5,687.5,1.1
train,21.25,32.5,690.625,1.52941176471
train,22.5,28.75,646.875,1.27777777778
train,18.75,32.5,609.375,1.73333333333
train,20,23.75,475,1.1875
train,20,23.75,475,1.1875
train,18.566552901,24.5388601036,455.602044245,1.32167022249
train,28.75,37.5,1078.125,1.30434782609
train,28.75,30,862.5,1.04347826087
train,26.25,27.5,721.875,1.04761904762
train,21.25,30,637.5,1.41176470588
train,16.25,21.25,345.3125,1.30769230769
train,15,25,375,1.66666666667
train,25,37.5,937.5,1.5
train,32.5,33.75,1096.875,1.03846153846
train,26.25,30,787.5,1.14285714286
train,17.5,20,350,1.14285714286
train,17.5,20,350,1.14285714286
train,20,23.75,475,1.1875
train,26.25,26.25,689.0625,1
train,20,40,800,2
train,23.75,41.25,979.6875,1.73684210526
train,21.25,28.75,610.9375,1.35294117647
train,20,33.75,675,1.6875
train,21.25,22.5,478.125,1.05882352941
train,18.75,20,375,1.06666666667
train,18.75,38.75,726.5625,2.06666666667
train,22.5,30,675,1.33333333333
val,16.25,25,406.25,1.53846153846
val,21.25,26.25,557.8125,1.23529411765
val,11.25,20,225,1.77777777778
val,15,25,375,1.66666666667
val,18.75,20,375,1.06666666667
val,16.25,22.5,365.625,1.38461538462
val,17.5,20,350,1.14285714286
val,16.25,18.75,304.6875,1.15384615385
val,14.7440273038,15.9170984456,234.682134078,1.07956246402
val,12.0136518771,15.2538860104,183.254876302,1.26971267075
val,8.19112627986,13.2642487047,108.649136147,1.61934369603
val,12.6010362694,14.7440273038,185.790022812,1.17006466679
val,9.82935153584,13.2642487047,130.378963377,1.34945308002
val,9.82935153584,14.5906735751,143.416859715,1.48439838803
val,10.9215017065,13.9274611399,152.108790606,1.27523316062
val,8.19112627986,12.6010362694,103.21667934,1.53837651123
val,13.6518771331,15.2538860104,208.244177616,1.11734715026
val,12.0136518771,13.9274611399,167.319669667,1.15930287329
val,27.5,30,825,1.09090909091
val,28.75,32.5,934.375,1.13043478261
val,23.75,28.75,682.8125,1.21052631579
val,10,27.5,275,2.75
val,20,42.5,850,2.125
val,15.8361774744,21.2227979275,336.087994483,1.34014650706
val,26.5284974093,32.7645051195,869.193089179,1.23506825939
val,18.75,21.25,398.4375,1.13333333333
val,13.75,22.5,309.375,1.63636363636
val,22.5,32.5,731.25,1.44444444444
val,18.75,23.75,445.3125,1.26666666667
val,31.25,35,1093.75,1.12
val,19.6587030717,32.4974093264,638.856920547,1.65308002303
val,31.25,35,1093.75,1.12
val,15,28.75,431.25,1.91666666667
val,17.5,28.75,503.125,1.64285714286
val,23.75,32.5,771.875,1.36842105263
val,16.25,28.75,467.1875,1.76923076923
val,17.5,27.5,481.25,1.57142857143
val,16.25,25,406.25,1.53846153846
val,21.2969283276,37.1398963731,790.965711153,1.74390859572
val,28.75,52.5,1509.375,1.82608695652
val,38.75,50,1937.5,1.29032258065
val,23.75,30,712.5,1.26315789474
val,15.8361774744,27.1917098446,430.612742931,1.71706271217
val,18.75,36.25,679.6875,1.93333333333
val,21.25,38.75,823.4375,1.82352941176
val,22.5,36.25,815.625,1.61111111111
val,18.75,25,468.75,1.33333333333
val,13.75,17.5,240.625,1.27272727273
val,17.5,17.5,306.25,1
val,23.75,26.25,623.4375,1.10526315789
val,17.5,17.5,306.25,1
val,20,21.25,425,1.0625
val,23.75,30,712.5,1.26315789474
val,18.75,30,562.5,1.6
val,21.25,26.25,557.8125,1.23529411765
val,26.25,30,787.5,1.14285714286
val,25,31.25,781.25,1.25
val,26.25,38.75,1017.1875,1.47619047619
val,26.25,27.5,721.875,1.04761904762
val,21.25,26.25,557.8125,1.23529411765
val,9.82935153584,10.6113989637,104.303170702,1.07956246402
val,8.62176165803,9.82935153584,84.746326195,1.14006300866
val,9.28497409326,9.82935153584,91.2652743638,1.05862993662
val,8.62176165803,9.82935153584,84.746326195,1.14006300866
val,9.28497409326,10.3754266212,96.335567384,1.11744271087
val,12.5597269625,12.6010362694,158.265574988,1.00328902906
val,28.75,30,862.5,1.04347826087
val,25,30,750,1.2
val,20,25,500,1.25
val,26.25,30,787.5,1.14285714286
val,20,28.75,575,1.4375
val,16.25,26.25,426.5625,1.61538461538
val,15,20,300,1.33333333333
val,21.25,22.5,478.125,1.05882352941
val,18.75,20,375,1.06666666667
val,20,22.5,450,1.125
val,25,32.5,812.5,1.3
val,20,27.5,550,1.375
val,25,40,1000,1.6
val,17.5,41.25,721.875,2.35714285714
val,20,23.75,475,1.1875
val,20,30,600,1.5
val,27.5,40,1100,1.45454545455
val,21.25,31.25,664.0625,1.47058823529
val,27.5,41.25,1134.375,1.5
val,17.5,33.75,590.625,1.92857142857
val,26.25,35,918.75,1.33333333333
val,30,61.25,1837.5,2.04166666667
val,27.5,38.75,1065.625,1.40909090909
val,23.75,48.75,1157.8125,2.05263157895
val,23.75,31.25,742.1875,1.31578947368
val,20,26.25,525,1.3125
val,25,26.25,656.25,1.05
val,21.25,23.75,504.6875,1.11764705882
val,18.75,30,562.5,1.6
val,25,51.25,1281.25,2.05
val,15,23.75,356.25,1.58333333333
val,23.75,28.75,682.8125,1.21052631579
val,16.25,27.5,446.875,1.69230769231
val,18.75,26.25,492.1875,1.4
val,27.5,30,825,1.09090909091
val,26.25,37.5,984.375,1.42857142857
val,20,20,400,1
val,20,26.25,525,1.3125
val,17.5,20,350,1.14285714286
val,25,27.5,687.5,1.1
val,17.5,33.75,590.625,1.92857142857
val,21.25,33.75,717.1875,1.58823529412
val,20,36.25,725,1.8125
val,15,21.25,318.75,1.41666666667
val,12.5,20,250,1.6
val,12.5,21.25,265.625,1.7
val,13.75,18.75,257.8125,1.36363636364
val,21.25,25,531.25,1.17647058824
val,20,27.5,550,1.375
val,20,25,500,1.25
val,22.5,28.75,646.875,1.27777777778
val,18.75,25,468.75,1.33333333333
val,21.25,32.5,690.625,1.52941176471
val,27.5,41.25,1134.375,1.5
val,20,32.5,650,1.625
val,15,33.75,506.25,2.25
val,13.75,23.75,326.5625,1.72727272727
val,15,18.75,281.25,1.25
val,12.5,17.5,218.75,1.4
val,21.25,26.25,557.8125,1.23529411765
val,28.75,30,862.5,1.04347826087
val,17.5,21.25,371.875,1.21428571429
val,12.6010362694,14.1979522184,178.908910856,1.12672893839
val,17.5,23.75,415.625,1.35714285714
val,15,20,300,1.33333333333
val,9.28327645051,11.274611399,104.665334489,1.21450777202
val,28.75,31.25,898.4375,1.08695652174
val,35,42.5,1487.5,1.21428571429
val,23.75,27.5,653.125,1.15789473684
val,22.5,26.25,590.625,1.16666666667
val,20,35,700,1.75
val,18.75,22.5,421.875,1.2
val,25,25,625,1
val,15,22.5,337.5,1.5
val,17.5,21.25,371.875,1.21428571429
val,23.75,23.75,564.0625,1
val,8.75,26.25,229.6875,3
val,28.75,33.75,970.3125,1.17391304348
val,18.75,25,468.75,1.33333333333
val,26.25,32.5,853.125,1.2380952381
val,25,27.5,687.5,1.1
val,7.64505119454,13.9274611399,106.476153424,1.82176165803
val,8.75,16.25,142.1875,1.85714285714
val,25,43.75,1093.75,1.75
val,30,30,900,1
val,36.25,41.25,1495.3125,1.13793103448
val,21.25,31.25,664.0625,1.47058823529
val,26.25,28.75,754.6875,1.09523809524
val,27.5,32.5,893.75,1.18181818182
val,21.25,26.25,557.8125,1.23529411765
val,25,27.5,687.5,1.1
val,20,30,600,1.5
val,37.5,42.5,1593.75,1.13333333333
val,25,26.25,656.25,1.05
val,20,26.25,525,1.3125
val,33.75,43.75,1476.5625,1.2962962963
val,22.5,28.75,646.875,1.27777777778
val,22.5,27.5,618.75,1.22222222222
val,16.25,20,325,1.23076923077
val,17.5,21.25,371.875,1.21428571429
val,28.75,33.75,970.3125,1.17391304348
val,32.5,37.5,1218.75,1.15384615385
val,33.75,37.5,1265.625,1.11111111111
val,43.75,51.25,2242.1875,1.17142857143
val,22.5,22.5,506.25,1
val,23.75,37.5,890.625,1.57894736842
val,22.5,32.5,731.25,1.44444444444
val,26.25,33.75,885.9375,1.28571428571
val,47.5,61.25,2909.375,1.28947368421
val,32.5,35,1137.5,1.07692307692
val,32.5,36.25,1178.125,1.11538461538
val,40,41.25,1650,1.03125
val,32.5,33.75,1096.875,1.03846153846
val,25,25,625,1
val,16.25,27.5,446.875,1.69230769231
val,16.25,27.5,446.875,1.69230769231
val,20,30,600,1.5
val,17.5,25,437.5,1.42857142857
val,13.75,26.25,360.9375,1.90909090909
val,18.75,28.75,539.0625,1.53333333333
val,15,17.5,262.5,1.16666666667
val,36.25,40,1450,1.10344827586
val,28.75,36.25,1042.1875,1.26086956522
val,18.75,23.75,445.3125,1.26666666667
val,37.5,42.5,1593.75,1.13333333333
val,27.5,33.75,928.125,1.22727272727
val,33.75,43.75,1476.5625,1.2962962963
val,15,26.25,393.75,1.75
val,27.5,35,962.5,1.27272727273
val,15,28.75,431.25,1.91666666667
val,17.5,28.75,503.125,1.64285714286
val,23.75,32.5,771.875,1.36842105263
val,16.25,28.75,467.1875,1.76923076923
val,17.5,27.5,481.25,1.57142857143
val,16.25,25,406.25,1.53846153846
val,20,27.5,550,1.375
val,22.5,27.5,618.75,1.22222222222
val,18.75,20,375,1.06666666667
val,13.75,22.5,309.375,1.63636363636
val,22.5,31.25,703.125,1.38888888889
val,11.25,32.5,365.625,2.88888888889
val,21.25,26.25,557.8125,1.23529411765
val,23.75,31.25,742.1875,1.31578947368
val,17.5,30,525,1.71428571429
val,16.25,31.25,507.8125,1.92307692308
val,18.75,33.75,632.8125,1.8
val,18.75,31.25,585.9375,1.66666666667
val,18.75,37.5,703.125,2
val,18.75,33.75,632.8125,1.8
val,18.75,28.75,539.0625,1.53333333333
val,21.25,33.75,717.1875,1.58823529412
val,17.4744027304,17.9067357513,312.909512105,1.02474093264
val,21.25,25,531.25,1.17647058824
val,21.25,30,637.5,1.41176470588
val,22.5,35,787.5,1.55555555556
val,30.5802047782,35.8134715026,1095.18329237,1.17113249445
val,25,33.75,843.75,1.35
val,26.25,30,787.5,1.14285714286
val,25,28.75,718.75,1.15
val,26.25,26.25,689.0625,1
val,28.75,32.5,934.375,1.13043478261
val,17.5,17.5,306.25,1
val,25,32.5,812.5,1.3
val,10.6113989637,11.4675767918,121.687032485,1.08068472696
val,23.75,40,950,1.68421052632
val,37.5,55,2062.5,1.46666666667
val,22.5,45,1012.5,2
val,22.5,33.75,759.375,1.5
val,20,38.75,775,1.9375
val,27.5,31.25,859.375,1.13636363636
val,38.75,40,1550,1.03225806452
val,31.25,51.25,1601.5625,1.64
val,31.25,48.75,1523.4375,1.56
val,35,35,1225,1
val,26.25,38.75,1017.1875,1.47619047619
val,27.5,40,1100,1.45454545455
val,18.75,45,843.75,2.4
val,18.75,37.5,703.125,2
val,27.5,33.75,928.125,1.22727272727
val,21.25,22.5,478.125,1.05882352941
val,26.25,28.75,754.6875,1.09523809524
val,21.25,27.5,584.375,1.29411764706
val,26.25,28.75,754.6875,1.09523809524
val,18.75,28.75,539.0625,1.53333333333
val,22.5,27.5,618.75,1.22222222222
val,22.5,30,675,1.33333333333
val,28.75,32.5,934.375,1.13043478261
val,27.5,35,962.5,1.27272727273
val,18.75,30,562.5,1.6
val,22.5,28.75,646.875,1.27777777778
val,22.5,31.25,703.125,1.38888888889
val,25,37.5,937.5,1.5
val,13.75,23.75,326.5625,1.72727272727
val,25,30,750,1.2
val,21.25,32.5,690.625,1.52941176471
val,25,25,625,1
val,23.75,23.75,564.0625,1
val,21.25,30,637.5,1.41176470588
val,27.5,33.75,928.125,1.22727272727
val,33.75,35,1181.25,1.03703703704
val,26.25,37.5,984.375,1.42857142857
val,40,47.5,1900,1.1875
val,20,26.25,525,1.3125
val,25,26.25,656.25,1.05
val,35,36.25,1268.75,1.03571428571
val,18.75,30,562.5,1.6
val,28.75,30,862.5,1.04347826087
val,26.25,31.25,820.3125,1.19047619048
val,30,37.5,1125,1.25
val,22.5,25,562.5,1.11111111111
val,26.25,36.25,951.5625,1.38095238095
val,35,38.75,1356.25,1.10714285714
val,21.2227979275,28.9419795222,614.22978302,1.36372120307
val,17.5,27.5,481.25,1.57142857143
val,22.5,33.75,759.375,1.5
val,25,31.25,781.25,1.25
val,33.75,43.75,1476.5625,1.2962962963
val,21.25,31.25,664.0625,1.47058823529
val,25,30,750,1.2
val,22.5,31.25,703.125,1.38888888889
val,10.9215017065,17.2435233161,188.325169322,1.57886010363
val,12.0136518771,20.5595854922,246.995702842,1.71135186057
val,25,37.5,937.5,1.5
val,16.25,37.5,609.375,2.30769230769
val,25,33.75,843.75,1.35
val,18.75,37.5,703.125,2
val,11.4675767918,18.5699481865,212.952306849,1.61934369603
val,25,43.75,1093.75,1.75
val,25,37.5,937.5,1.5
val,33.75,40,1350,1.18518518519
val,26.25,51.25,1345.3125,1.95238095238
val,25,30,750,1.2
val,25,37.5,937.5,1.5
val,21.25,31.25,664.0625,1.47058823529
val,28.75,35,1006.25,1.21739130435
val,25.1194539249,27.1917098446,683.04090258,1.08249605767
val,22.5,26.25,590.625,1.16666666667
val,27.5,40,1100,1.45454545455
val,21.25,25,531.25,1.17647058824
val,25,28.75,718.75,1.15
val,23.75,30,712.5,1.26315789474
val,15.8361774744,18.5699481865,294.076995172,1.17262819368
val,25,37.5,937.5,1.5
val,38.75,41.25,1598.4375,1.06451612903
val,21.2227979275,27.3037542662,579.462059453,1.28652943686
val,18.75,20,375,1.06666666667
val,25,40,1000,1.6
val,36.25,38.75,1404.6875,1.06896551724
val,20.204778157,23.2124352332,469.00210437,1.14885870326
val,21.25,32.5,690.625,1.52941176471
val,20,21.25,425,1.0625
val,12.5,16.25,203.125,1.3
val,23.75,25,593.75,1.05263157895
val,35,40,1400,1.14285714286
val,13.75,18.75,257.8125,1.36363636364
val,10,25,250,2.5
val,25,27.5,687.5,1.1
val,23.75,42.5,1009.375,1.78947368421
val,22.5,38.75,871.875,1.72222222222
val,15,17.5,262.5,1.16666666667
val,21.2227979275,21.843003413,463.569647562,1.02922354949
val,17.5,18.75,328.125,1.07142857143
val,15.8361774744,15.9170984456,252.065995862,1.00510988029
val,22.5,31.25,703.125,1.38888888889
val,31.25,31.25,976.5625,1
val,40,41.25,1650,1.03125
val,26.25,51.25,1345.3125,1.95238095238
val,16.3822525597,19.896373057,325.947408442,1.21450777202
val,18.75,18.75,351.5625,1
val,26.2116040956,27.1917098446,712.738333127,1.03739205527
val,28.75,32.5,934.375,1.13043478261
val,12.5597269625,20.5595854922,258.222780244,1.63694525794
val,21.25,38.75,823.4375,1.82352941176
val,20,21.25,425,1.0625
val,18.5699481865,28.3959044369,527.310474102,1.52913213067
val,16.25,25,406.25,1.53846153846
val,16.25,28.75,467.1875,1.76923076923
val,23.75,41.25,979.6875,1.73684210526
val,17.5,30,525,1.71428571429
val,20.7508532423,23.8756476684,495.440060832,1.15058631034
val,22.5,31.25,703.125,1.38888888889
val,12.0136518771,17.2435233161,207.157686254,1.43532736693
val,30,32.5,975,1.08333333333
val,22.5,27.5,618.75,1.22222222222
val,16.25,20,325,1.23076923077
val,26.25,38.75,1017.1875,1.47619047619
val,32.5,37.5,1218.75,1.15384615385
val,38.75,41.25,1598.4375,1.06451612903
val,26.25,36.25,951.5625,1.38095238095
val,26.25,27.5,721.875,1.04761904762
val,25,45,1125,1.8
val,13.75,17.5,240.625,1.27272727273
val,21.25,21.25,451.5625,1
val,24.5388601036,26.2116040956,643.202885993,1.06816714325
val,13.75,17.5,240.625,1.27272727273
val,15,17.5,262.5,1.16666666667
val,28.75,32.5,934.375,1.13043478261
val,21.25,28.75,610.9375,1.35294117647
val,30,37.5,1125,1.25
val,18.75,26.25,492.1875,1.4
val,24.0273037543,31.170984456,748.954711843,1.29731512011
val,20,22.5,450,1.125
val,38.75,41.25,1598.4375,1.06451612903
val,25,26.25,656.25,1.05
val,13.9274611399,15.8361774744,220.557746379,1.13704696896
val,25,32.5,812.5,1.3
val,13.2642487047,20.7508532423,275.24447824,1.56441979522
val,18.566552901,20.5595854922,381.720631665,1.10734532155
val,33.75,43.75,1476.5625,1.2962962963
val,30,45,1350,1.5
val,28.75,37.5,1078.125,1.30434782609
val,12.6010362694,18.0204778157,227.076694548,1.43007903718
val,21.25,26.25,557.8125,1.23529411765
val,26.25,30,787.5,1.14285714286
val,18.75,30,562.5,1.6
val,26.25,42.5,1115.625,1.61904761905
val,18.75,33.75,632.8125,1.8
val,19.6587030717,32.4974093264,638.856920547,1.65308002303
val,26.5284974093,30.0341296928,796.760331748,1.13214590444
val,32.5,46.25,1503.125,1.42307692308
val,18.566552901,26.5284974093,492.542750535,1.42883267297
val,17.4744027304,33.8238341969,591.051300642,1.93562176166
val,14.7440273038,25.2020725389,371.580045624,1.7093072347
val,19.6587030717,34.4870466321,677.97060956,1.75428900403
val,31.25,32.5,1015.625,1.04
val,31.25,33.75,1054.6875,1.08
val,20.204778157,23.8756476684,482.402164495,1.18168323764
val,22.9351535836,26.5284974093,608.435162426,1.15667406859
val,32.5,37.5,1218.75,1.15384615385
val,16.9283276451,21.8860103627,370.493554263,1.29286311215
val,14.1979522184,18.5699481865,263.655237051,1.30793144679
val,15.2901023891,21.8860103627,334.639339334,1.43138415988
val,16.9283276451,23.8756476684,404.174786468,1.41039612235
val,33.75,35,1181.25,1.03703703704
val,10.3754266212,13.2642487047,137.62223912,1.27842923371
val,37.5,37.5,1406.25,1
val,20,40,800,2
val,21.25,35,743.75,1.64705882353
val,23.75,25,593.75,1.05263157895
val,23.75,26.25,623.4375,1.10526315789
val,43.75,50,2187.5,1.14285714286
val,33.75,36.25,1223.4375,1.07407407407
val,26.25,35,918.75,1.33333333333
val,25,67.5,1687.5,2.7
val,31.25,35,1093.75,1.12
val,15.2901023891,22.5492227979,344.779925374,1.47475943745
val,21.25,30,637.5,1.41176470588
val,26.2116040956,44.4352331606,1164.7187395,1.69525043178
val,18.566552901,32.4974093264,603.364869405,1.75032002438
val,28.75,30,862.5,1.04347826087
val,28.75,33.75,970.3125,1.17391304348
val,18.75,36.25,679.6875,1.93333333333
val,20,37.5,750,1.875
val,40,41.25,1650,1.03125
val,32.5,35,1137.5,1.07692307692
val,23.75,50,1187.5,2.10526315789
val,36.25,37.5,1359.375,1.03448275862
val,30,35,1050,1.16666666667
val,27.5,37.5,1031.25,1.36363636364
val,31.25,35,1093.75,1.12
val,32.5,33.75,1096.875,1.03846153846
val,35,37.5,1312.5,1.07142857143
val,14.7440273038,17.2435233161,254.238978585,1.16952600269
val,13.6518771331,16.5803108808,226.352366974,1.21450777202
val,11.4675767918,15.9170984456,182.530548728,1.38800888231
val,37.5,41.25,1546.875,1.1
val,20.204778157,27.8549222798,562.802525244,1.37863044392
val,20,41.25,825,2.0625
val,38.75,56.25,2179.6875,1.45161290323
val,17.4744027304,26.5284974093,463.569647562,1.51813471503
val,28.75,37.5,1078.125,1.30434782609
val,21.25,50,1062.5,2.35294117647
val,21.25,43.75,929.6875,2.05882352941
val,14.1979522184,21.2227979275,301.320270915,1.49477879633
val,25,30,750,1.2
val,35,35,1225,1
val,25,33.75,843.75,1.35
val,17.4744027304,21.2227979275,370.85571805,1.21450777202
val,12.5597269625,19.2331606218,241.563246034,1.53133588646
val,25.1194539249,29.8445595855,749.679039417,1.18810542915
val,23.4812286689,35.8134715026,840.944313781,1.52519580672
val,21.2969283276,21.8860103627,466.104794072,1.02766042248
val,13.1058020478,19.2331606218,252.065995862,1.46753022453
val,14.1979522184,17.2435233161,244.822720119,1.21450777202
val,21.2227979275,22.9351535836,486.74812994,1.08068472696
val,35,38.75,1356.25,1.10714285714
val,22.5492227979,29.4880546075,664.932713222,1.30771933347
val,23.75,48.75,1157.8125,2.05263157895
val,27.5,38.75,1065.625,1.40909090909
val,22.5,28.75,646.875,1.27777777778
val,31.25,38.75,1210.9375,1.24
val,31.25,32.5,1015.625,1.04
val,39.8634812287,43.7720207254,1744.90512653,1.09804812265
val,22.5,32.5,731.25,1.44444444444
val,18.75,23.75,445.3125,1.26666666667
val,23.75,28.75,682.8125,1.21052631579
val,32.5,38.75,1259.375,1.19230769231
val,12.5597269625,18.5699481865,233.23347893,1.47853120072
val,33.75,38.75,1307.8125,1.14814814815
val,18.75,37.5,703.125,2
val,19.1126279863,27.1917098446,519.705034572,1.42270910437
val,19.2331606218,21.843003413,420.109993103,1.13569495116
val,24.5388601036,26.2116040956,643.202885993,1.06816714325
val,23.2124352332,26.7576791809,621.110894976,1.15273037543
val,18.566552901,29.8445595855,554.110594352,1.60743675709
val,36.25,46.25,1676.5625,1.27586206897
val,14.7440273038,20.5595854922,303.131089851,1.39443484936
val,13.1058020478,16.5803108808,217.298272295,1.26511226252
val,26.7576791809,35.1502590674,940.539355249,1.31365126361
val,20,37.5,750,1.875
val,25,35,875,1.4
val,21.25,40,850,1.88235294118
val,25,32.5,812.5,1.3
val,20.204778157,25.2020725389,509.202284744,1.2473323064
val,21.2969283276,25.2020725389,536.726732568,1.1833665471
val,22.5492227979,22.9351535836,517.169888062,1.01711503714
val,21.843003413,25.2020725389,550.48895648,1.15378238342
val,28.75,32.5,934.375,1.13043478261
val,22.5,27.5,618.75,1.22222222222
val,21.25,30,637.5,1.41176470588
val,20,30,600,1.5
val,18.0204778157,19.896373057,358.542149286,1.10409797456
val,14.7440273038,17.9067357513,264.017400838,1.21450777202
val,28.75,41.25,1185.9375,1.4347826087
val,17.5,35,612.5,2
val,19.896373057,20.204778157,402.001803745,1.01550056883
val,21.8860103627,22.3890784983,490.007604025,1.02298583101
val,15.2538860104,16.3822525597,249.893013139,1.07397239947
val,30,41.25,1237.5,1.375
val,37.5,37.5,1406.25,1
val,22.5,26.25,590.625,1.16666666667
val,33.75,37.5,1265.625,1.11111111111
val,23.75,31.25,742.1875,1.31578947368
val,31.25,40,1250,1.28
val,32.5,38.75,1259.375,1.19230769231
val,23.75,25,593.75,1.05263157895
val,27.5,30,825,1.09090909091
val,15.8361774744,27.1917098446,430.612742931,1.71706271217
val,26.25,35,918.75,1.33333333333
val,21.25,26.25,557.8125,1.23529411765
val,27.5,37.5,1031.25,1.36363636364
val,21.25,28.75,610.9375,1.35294117647
val,21.25,25,531.25,1.17647058824
val,28.75,30,862.5,1.04347826087
val,18.75,20,375,1.06666666667
val,16.25,40,650,2.46153846154
val,15.2538860104,25.1194539249,383.169286813,1.64675767918
val,11.274611399,27.3037542662,307.839219084,2.42170246938
val,15.9170984456,19.1126279863,304.217581213,1.20076080774
val,16.5803108808,19.6587030717,325.947408442,1.18566552901
val,21.25,22.5,478.125,1.05882352941
val,21.25,26.25,557.8125,1.23529411765
val,22.5,23.75,534.375,1.05555555556
val,26.7576791809,32.4974093264,869.555252966,1.21450777202
val,27.5,31.25,859.375,1.13636363636
val,30,33.75,1012.5,1.125
val,18.75,20,375,1.06666666667
val,26.25,30,787.5,1.14285714286
val,25,31.25,781.25,1.25
val,16.25,16.25,264.0625,1
val,23.75,30,712.5,1.26315789474
val,22.5,32.5,731.25,1.44444444444
val,18.5699481865,20.7508532423,385.342269536,1.11744271087
val,25,30,750,1.2
val,22.5,26.25,590.625,1.16666666667
val,27.5,33.75,928.125,1.22727272727
val,33.75,36.25,1223.4375,1.07407407407
val,28.75,33.75,970.3125,1.17391304348
val,28.75,28.75,826.5625,1
val,27.5,31.25,859.375,1.13636363636
val,26.25,28.75,754.6875,1.09523809524
val,28.75,30,862.5,1.04347826087
val,14.1979522184,35.8134715026,508.47795717,2.52243921881
val,25.6655290102,30.5077720207,782.998107836,1.18866718113
val,22.5,28.75,646.875,1.27777777778
val,30,31.25,937.5,1.04166666667
val,17.5,22.5,393.75,1.28571428571
val,25,32.5,812.5,1.3
val,20,23.75,475,1.1875
val,17.5,18.75,328.125,1.07142857143
val,20,21.25,425,1.0625
val,26.25,28.75,754.6875,1.09523809524
val,18.75,33.75,632.8125,1.8
val,15,26.25,393.75,1.75
val,18.75,30,562.5,1.6
val,22.5,25,562.5,1.11111111111
val,23.75,23.75,564.0625,1
val,18.75,28.75,539.0625,1.53333333333
val,17.5,17.5,306.25,1
val,18.75,22.5,421.875,1.2
val,26.25,35,918.75,1.33333333333
val,36.25,42.5,1540.625,1.1724137931
val,23.75,26.25,623.4375,1.10526315789
val,23.75,30,712.5,1.26315789474
val,32.5,37.5,1218.75,1.15384615385
val,21.25,28.75,610.9375,1.35294117647
val,25,40,1000,1.6
val,18.75,21.25,398.4375,1.13333333333
val,11.25,17.5,196.875,1.55555555556
val,20,22.5,450,1.125
val,15,21.25,318.75,1.41666666667
val,23.75,23.75,564.0625,1
val,18.75,21.25,398.4375,1.13333333333
val,22.5,25,562.5,1.11111111111
val,16.25,17.5,284.375,1.07692307692
val,16.25,20,325,1.23076923077
val,20,23.75,475,1.1875
val,15,18.75,281.25,1.25
val,18.75,31.25,585.9375,1.66666666667
val,8.75,16.25,142.1875,1.85714285714
val,13.75,16.25,223.4375,1.18181818182
val,11.25,16.25,182.8125,1.44444444444
val,10,15,150,1.5
val,12.5,17.5,218.75,1.4
val,15,17.5,262.5,1.16666666667
val,13.1058020478,17.9067357513,234.682134078,1.36632124352
val,12.5,15,187.5,1.2
val,11.25,20,225,1.77777777778
val,13.75,15,206.25,1.09090909091
val,8.73720136519,19.2331606218,168.043997241,2.20129533679
val,11.4675767918,26.5284974093,304.217581213,2.31334813718
val,9.28327645051,13.2642487047,123.135687634,1.42883267297
val,20,23.75,475,1.1875
val,18.75,26.25,492.1875,1.4
val,18.75,25,468.75,1.33333333333
val,15,17.5,262.5,1.16666666667
val,12.5,17.5,218.75,1.4
val,20,21.25,425,1.0625
val,15,16.25,243.75,1.08333333333
val,21.25,23.75,504.6875,1.11764705882
val,15,20,300,1.33333333333
val,18.75,23.75,445.3125,1.26666666667
val,32.5,32.5,1056.25,1
val,27.5,28.75,790.625,1.04545454545
val,27.5,27.5,756.25,1
val,20,20,400,1
val,17.5,18.75,328.125,1.07142857143
val,17.5,41.25,721.875,2.35714285714
val,16.25,23.75,385.9375,1.46153846154
val,18.75,18.75,351.5625,1
val,15,18.75,281.25,1.25
val,15,16.25,243.75,1.08333333333
val,18.75,21.25,398.4375,1.13333333333
val,15,16.25,243.75,1.08333333333
val,17.5,26.25,459.375,1.5
val,18.75,26.25,492.1875,1.4
val,15,18.75,281.25,1.25
val,15,17.5,262.5,1.16666666667
val,13.75,15,206.25,1.09090909091
val,13.75,16.25,223.4375,1.18181818182
val,12.5597269625,16.5803108808,208.244177616,1.3201171435
val,15.9170984456,17.4744027304,278.141788537,1.09783845279
val,20,25,500,1.25
val,27.5,28.75,790.625,1.04545454545
val,20,21.25,425,1.0625
val,31.25,33.75,1054.6875,1.08
val,23.75,25,593.75,1.05263157895
val,27.5,30,825,1.09090909091
val,27.5,31.25,859.375,1.13636363636
val,26.25,31.25,820.3125,1.19047619048
val,22.5,28.75,646.875,1.27777777778
val,23.75,26.25,623.4375,1.10526315789
val,22.5,27.5,618.75,1.22222222222
val,23.75,26.25,623.4375,1.10526315789
val,15,21.25,318.75,1.41666666667
val,25,25,625,1
val,16.25,20,325,1.23076923077
val,15.2538860104,16.9283276451,258.222780244,1.10977147945
val,14.7440273038,16.5803108808,244.460556332,1.12454423335
val,13.1058020478,13.2642487047,173.838617836,1.01208981002
val,16.25,16.25,264.0625,1
val,13.75,15,206.25,1.09090909091
val,20,28.75,575,1.4375
val,13.75,22.5,309.375,1.63636363636
val,21.25,25,531.25,1.17647058824
val,21.25,28.75,610.9375,1.35294117647
val,17.5,26.25,459.375,1.5
val,18.75,30,562.5,1.6
val,14.1979522184,25.2020725389,357.817821712,1.77504982065
val,16.25,22.5,365.625,1.38461538462
val,21.25,36.25,770.3125,1.70588235294
val,23.75,25,593.75,1.05263157895
val,20,26.25,525,1.3125
val,16.25,20,325,1.23076923077
val,12.5,17.5,218.75,1.4
val,15,18.75,281.25,1.25
val,22.5,23.75,534.375,1.05555555556
val,20,27.5,550,1.375
val,13.75,17.5,240.625,1.27272727273
val,16.25,18.75,304.6875,1.15384615385
val,15,20,300,1.33333333333
val,16.25,20,325,1.23076923077
val,27.5,30,825,1.09090909091
val,21.25,27.5,584.375,1.29411764706
val,25,28.75,718.75,1.15
val,21.25,23.75,504.6875,1.11764705882
val,28.75,45,1293.75,1.5652173913
val,20,27.5,550,1.375
val,25,25,625,1
val,25,32.5,812.5,1.3
val,25,26.25,656.25,1.05
val,28.75,31.25,898.4375,1.08695652174
val,27.5,28.75,790.625,1.04545454545
val,21.25,21.25,451.5625,1
val,25,33.75,843.75,1.35
val,20,21.25,425,1.0625
val,26.25,31.25,820.3125,1.19047619048
val,17.5,25,437.5,1.42857142857
val,13.75,28.75,395.3125,2.09090909091
val,27.5,28.75,790.625,1.04545454545
val,25,32.5,812.5,1.3
val,26.25,26.25,689.0625,1
val,22.5,30,675,1.33333333333
val,17.5,30,525,1.71428571429
val,13.75,17.5,240.625,1.27272727273
val,20,23.75,475,1.1875
val,15,35,525,2.33333333333
val,23.75,28.75,682.8125,1.21052631579
val,20,27.5,550,1.375
val,21.25,25,531.25,1.17647058824
val,26.25,36.25,951.5625,1.38095238095
val,17.5,17.5,306.25,1
test,30,35,1050,1.16666666667
test,30,31.25,937.5,1.04166666667
test,35,36.25,1268.75,1.03571428571
test,26.25,46.25,1214.0625,1.7619047619
test,31.25,40,1250,1.28
test,27.5,28.75,790.625,1.04545454545
test,11.25,17.5,196.875,1.55555555556
test,18.75,22.5,421.875,1.2
test,16.25,20,325,1.23076923077
test,18.75,20,375,1.06666666667
test,13.75,15,206.25,1.09090909091
test,11.25,21.25,239.0625,1.88888888889
test,12.5,17.5,218.75,1.4
test,17.5,18.75,328.125,1.07142857143
test,13.75,13.75,189.0625,1
test,11.25,17.5,196.875,1.55555555556
test,13.75,13.75,189.0625,1
test,33.75,40,1350,1.18518518519
test,16.25,23.75,385.9375,1.46153846154
test,27.5,32.5,893.75,1.18181818182
test,18.75,25,468.75,1.33333333333
test,15,16.25,243.75,1.08333333333
test,26.25,50,1312.5,1.90476190476
test,21.25,37.5,796.875,1.76470588235
test,16.25,20,325,1.23076923077
test,32.5,35,1137.5,1.07692307692
test,32.5,36.25,1178.125,1.11538461538
test,21.25,21.25,451.5625,1
test,22.5,28.75,646.875,1.27777777778
test,15,21.25,318.75,1.41666666667
test,13.75,16.25,223.4375,1.18181818182
test,21.25,23.75,504.6875,1.11764705882
test,18.75,25,468.75,1.33333333333
test,17.5,32.5,568.75,1.85714285714
test,18.75,36.25,679.6875,1.93333333333
test,41.25,41.25,1701.5625,1
test,28.75,30,862.5,1.04347826087
test,25,35,875,1.4
test,16.25,20,325,1.23076923077
test,17.5,21.25,371.875,1.21428571429
test,16.25,17.5,284.375,1.07692307692
test,23.75,28.75,682.8125,1.21052631579
test,22.5,23.75,534.375,1.05555555556
test,40,50,2000,1.25
test,25,35,875,1.4
test,27.5,32.5,893.75,1.18181818182
test,12.5597269625,23.2124352332,291.541848662,1.8481640009
test,24.0273037543,31.170984456,748.954711843,1.29731512011
test,22.5,25,562.5,1.11111111111
test,26.25,35,918.75,1.33333333333
test,13.75,23.75,326.5625,1.72727272727
test,15,22.5,337.5,1.5
test,15,30,450,2
test,17.5,31.25,546.875,1.78571428571
test,20,30,600,1.5
test,18.75,30,562.5,1.6
test,20,22.5,450,1.125
test,21.25,33.75,717.1875,1.58823529412
test,19.2331606218,25.1194539249,483.126492069,1.30604919383
test,15,25,375,1.66666666667
test,15,18.75,281.25,1.25
test,17.5,47.5,831.25,2.71428571429
test,27.5,48.75,1340.625,1.77272727273
test,22.5,22.5,506.25,1
test,17.5,20,350,1.14285714286
test,21.25,30,637.5,1.41176470588
test,16.25,23.75,385.9375,1.46153846154
test,13.75,26.25,360.9375,1.90909090909
test,26.25,40,1050,1.52380952381
test,22.5,23.75,534.375,1.05555555556
test,15,20,300,1.33333333333
test,17.5,22.5,393.75,1.28571428571
test,18.75,20,375,1.06666666667
test,20,25,500,1.25
test,17.5,20,350,1.14285714286
test,15,20,300,1.33333333333
test,21.25,25,531.25,1.17647058824
test,20,21.25,425,1.0625
test,30,33.75,1012.5,1.125
test,21.25,28.75,610.9375,1.35294117647
test,21.25,38.75,823.4375,1.82352941176
test,26.25,35,918.75,1.33333333333
test,18.75,21.25,398.4375,1.13333333333
test,18.75,52.5,984.375,2.8
test,22.5,25,562.5,1.11111111111
test,18.75,23.75,445.3125,1.26666666667
test,25,37.5,937.5,1.5
test,25,35,875,1.4
test,18.75,21.25,398.4375,1.13333333333
test,13.75,23.75,326.5625,1.72727272727
test,20,21.25,425,1.0625
test,20,23.75,475,1.1875
test,17.5,27.5,481.25,1.57142857143
test,23.75,27.5,653.125,1.15789473684
test,23.75,27.5,653.125,1.15789473684
test,27.5,35,962.5,1.27272727273
test,26.25,31.25,820.3125,1.19047619048
test,11.25,22.5,253.125,2
test,23.75,28.75,682.8125,1.21052631579
test,10,27.5,275,2.75
test,25,30,750,1.2
test,27.5,36.25,996.875,1.31818181818
test,26.25,37.5,984.375,1.42857142857
test,22.5,31.25,703.125,1.38888888889
test,17.5,27.5,481.25,1.57142857143
test,22.5,33.75,759.375,1.5
test,32.5,35,1137.5,1.07692307692
test,26.25,37.5,984.375,1.42857142857
test,27.5,51.25,1409.375,1.86363636364
test,16.3822525597,19.896373057,325.947408442,1.21450777202
test,20,25,500,1.25
test,20,27.5,550,1.375
test,11.25,17.5,196.875,1.55555555556
test,21.2969283276,23.8756476684,508.47795717,1.12108409725
test,26.25,31.25,820.3125,1.19047619048
test,25,40,1000,1.6
test,23.75,23.75,564.0625,1
test,42.5,42.5,1806.25,1
test,22.5,26.25,590.625,1.16666666667
test,22.5,23.75,534.375,1.05555555556
test,25,25,625,1
test,23.75,23.75,564.0625,1
test,23.75,28.75,682.8125,1.21052631579
test,31.25,35,1093.75,1.12
test,30,33.75,1012.5,1.125
test,23.75,25,593.75,1.05263157895
test,27.5,38.75,1065.625,1.40909090909
test,33.75,36.25,1223.4375,1.07407407407
test,28.75,33.75,970.3125,1.17391304348
test,25,51.25,1281.25,2.05
test,33.75,42.5,1434.375,1.25925925926
test,40,45,1800,1.125
test,27.5,27.5,756.25,1
test,27.5,37.5,1031.25,1.36363636364
test,33.75,43.75,1476.5625,1.2962962963
test,20,40,800,2
test,30,40,1200,1.33333333333
test,18.75,28.75,539.0625,1.53333333333
test,13.75,16.25,223.4375,1.18181818182
test,28.75,37.5,1078.125,1.30434782609
test,27.5,31.25,859.375,1.13636363636
test,26.25,52.5,1378.125,2
test,26.25,38.75,1017.1875,1.47619047619
test,30,33.75,1012.5,1.125
test,10.9215017065,11.274611399,123.135687634,1.03233160622
test,27.5,35,962.5,1.27272727273
test,15,25,375,1.66666666667
test,22.5,37.5,843.75,1.66666666667
test,25,27.5,687.5,1.1
test,30,35,1050,1.16666666667
test,35,42.5,1487.5,1.21428571429
test,22.5,28.75,646.875,1.27777777778
test,26.25,35,918.75,1.33333333333
test,26.25,33.75,885.9375,1.28571428571
test,15,21.25,318.75,1.41666666667
test,13.75,16.25,223.4375,1.18181818182
test,31.25,32.5,1015.625,1.04
test,26.25,33.75,885.9375,1.28571428571
test,33.75,33.75,1139.0625,1
test,27.5,42.5,1168.75,1.54545454545
test,16.25,23.75,385.9375,1.46153846154
test,21.25,27.5,584.375,1.29411764706
test,12.5,22.5,281.25,1.8
test,15,21.25,318.75,1.41666666667
test,33.75,45,1518.75,1.33333333333
test,32.5,37.5,1218.75,1.15384615385
test,26.25,27.5,721.875,1.04761904762
test,21.25,35,743.75,1.64705882353
test,18.75,27.5,515.625,1.46666666667
test,25,31.25,781.25,1.25
test,28.75,42.5,1221.875,1.47826086957
test,16.3822525597,16.5803108808,271.622840369,1.01208981002
test,16.25,16.25,264.0625,1
test,23.75,33.75,801.5625,1.42105263158
test,18.75,22.5,421.875,1.2
test,22.5,25,562.5,1.11111111111
test,25,28.75,718.75,1.15
test,12.5,16.25,203.125,1.3
test,31.25,45,1406.25,1.44
test,23.75,28.75,682.8125,1.21052631579
test,27.5,28.75,790.625,1.04545454545
test,21.25,27.5,584.375,1.29411764706
test,21.25,40,850,1.88235294118
test,27.5,32.5,893.75,1.18181818182
test,23.75,28.75,682.8125,1.21052631579
test,22.5,22.5,506.25,1
test,21.25,28.75,610.9375,1.35294117647
test,23.75,33.75,801.5625,1.42105263158
test,17.5,23.75,415.625,1.35714285714
test,25,32.5,812.5,1.3
test,32.5,37.5,1218.75,1.15384615385
test,22.5,27.5,618.75,1.22222222222
test,23.75,36.25,860.9375,1.52631578947
test,25,45,1125,1.8
test,25,26.25,656.25,1.05
test,22.5,30,675,1.33333333333
test,31.25,48.75,1523.4375,1.56
test,13.75,25,343.75,1.81818181818
test,28.75,30,862.5,1.04347826087
test,16.25,23.75,385.9375,1.46153846154
test,20,21.25,425,1.0625
test,20,22.5,450,1.125
test,15,21.25,318.75,1.41666666667
test,15,18.75,281.25,1.25
test,17.5,18.75,328.125,1.07142857143
test,15,16.25,243.75,1.08333333333
test,21.25,26.25,557.8125,1.23529411765
test,27.5,38.75,1065.625,1.40909090909
test,21.25,25,531.25,1.17647058824
test,37.5,41.25,1546.875,1.1
test,31.25,40,1250,1.28
test,28.3959044369,28.518134715,809.798228085,1.00430450379
test,21.25,28.75,610.9375,1.35294117647
test,22.5,26.25,590.625,1.16666666667
test,21.25,32.5,690.625,1.52941176471
test,20,30,600,1.5
test,18.75,25,468.75,1.33333333333
test,23.75,28.75,682.8125,1.21052631579
test,26.25,28.75,754.6875,1.09523809524
test,21.25,30,637.5,1.41176470588
test,23.75,26.25,623.4375,1.10526315789
test,17.5,26.25,459.375,1.5
test,35,42.5,1487.5,1.21428571429
test,26.25,33.75,885.9375,1.28571428571
test,26.25,30,787.5,1.14285714286
test,22.5,25,562.5,1.11111111111
test,12.5,30,375,2.4
test,28.75,30,862.5,1.04347826087
test,13.75,22.5,309.375,1.63636363636
test,28.75,35,1006.25,1.21739130435
test,22.5,23.75,534.375,1.05555555556
test,27.5,28.75,790.625,1.04545454545
test,10.9215017065,21.8860103627,239.028099524,2.00393782383
test,21.25,28.75,610.9375,1.35294117647
test,23.75,25,593.75,1.05263157895
test,28.75,53.75,1545.3125,1.86956521739
test,25,45,1125,1.8
test,28.75,46.25,1329.6875,1.60869565217
test,33.75,51.25,1729.6875,1.51851851852
test,27.5,32.5,893.75,1.18181818182
test,12.5597269625,23.2124352332,291.541848662,1.8481640009
test,27.5,30,825,1.09090909091
test,28.75,32.5,934.375,1.13043478261
test,22.5,38.75,871.875,1.72222222222
test,17.4744027304,18.5699481865,324.498753294,1.06269430052
test,37.5,45,1687.5,1.2
test,30,41.25,1237.5,1.375
test,25,28.75,718.75,1.15
test,27.5,43.75,1203.125,1.59090909091
test,22.5,27.5,618.75,1.22222222222
test,12.5,22.5,281.25,1.8
test,15,25,375,1.66666666667
test,26.25,42.5,1115.625,1.61904761905
test,27.5,32.5,893.75,1.18181818182
test,19.6587030717,25.2020725389,495.440060832,1.28198042602
test,28.75,43.75,1257.8125,1.52173913043
test,28.75,37.5,1078.125,1.30434782609
test,29.4880546075,32.4974093264,958.28538082,1.10205334869
test,27.5,30,825,1.09090909091
test,36.25,38.75,1404.6875,1.06896551724
test,16.25,25,406.25,1.53846153846
test,50,78.75,3937.5,1.575
test,25,35,875,1.4
test,25,41.25,1031.25,1.65
test,33.75,40,1350,1.18518518519
test,17.5,25,437.5,1.42857142857
test,23.75,25,593.75,1.05263157895
test,22.5,31.25,703.125,1.38888888889
test,15,31.25,468.75,2.08333333333
test,17.5,30,525,1.71428571429
test,14.1979522184,15.2538860104,216.573944721,1.07437225986
test,20,41.25,825,2.0625
test,15.2901023891,15.9170984456,243.37406497,1.04100666173
test,10.3754266212,10.6113989637,110.097791296,1.02274338696
test,12.6010362694,13.1058020478,165.146686944,1.04005748159
test,12.6010362694,15.8361774744,199.552246724,1.25673612359
test,9.28327645051,9.28497409326,86.1949813436,1.00018287108
test,23.75,23.75,564.0625,1
test,18.75,22.5,421.875,1.2
test,27.5,38.75,1065.625,1.40909090909
test,11.4675767918,16.5803108808,190.135988258,1.44584258574
test,15,30,450,2
test,12.5,22.5,281.25,1.8
test,20,40,800,2
test,27.5,42.5,1168.75,1.54545454545
test,18.75,30,562.5,1.6
test,15,21.25,318.75,1.41666666667
test,30,36.25,1087.5,1.20833333333
test,20,22.5,450,1.125
test,25,33.75,843.75,1.35
test,26.25,43.75,1148.4375,1.66666666667
test,31.25,47.5,1484.375,1.52
test,31.25,32.5,1015.625,1.04
test,33.75,48.75,1645.3125,1.44444444444
test,25,35,875,1.4
test,31.25,31.25,976.5625,1
test,41.1191709845,41.5017064846,1706.51576509,1.00930309369
test,17.5,17.5,306.25,1
test,18.75,26.25,492.1875,1.4
test,21.25,23.75,504.6875,1.11764705882
test,22.5,28.75,646.875,1.27777777778
test,18.75,23.75,445.3125,1.26666666667
test,21.25,37.5,796.875,1.76470588235
test,17.5,32.5,568.75,1.85714285714
test,23.75,31.25,742.1875,1.31578947368
test,27.5,31.25,859.375,1.13636363636
test,23.75,28.75,682.8125,1.21052631579
test,19.896373057,22.9351535836,456.326371819,1.15273037543
test,16.25,35,568.75,2.15384615385
test,15.8361774744,19.896373057,315.082494827,1.25638735037
test,18.75,32.5,609.375,1.73333333333
test,14.7440273038,19.896373057,293.352667598,1.34945308002
test,40,40,1600,1
test,22.5,50,1125,2.22222222222
test,26.25,32.5,853.125,1.2380952381
test,20,60,1200,3
test,35,37.5,1312.5,1.07142857143
test,32.5,33.75,1096.875,1.03846153846
test,37.5,41.25,1546.875,1.1
test,32.5,33.75,1096.875,1.03846153846
test,18.566552901,31.170984456,578.737731879,1.67887839073
test,32.5,41.25,1340.625,1.26923076923
test,28.75,30,862.5,1.04347826087
test,25,28.75,718.75,1.15
test,12.5,23.75,296.875,1.9
test,15.2901023891,15.9170984456,243.37406497,1.04100666173
test,12.5597269625,15.2538860104,191.584643407,1.21450777202
test,14.7440273038,21.8860103627,322.687934358,1.48439838803
test,23.75,33.75,801.5625,1.42105263158
test,31.25,37.5,1171.875,1.2
test,38.75,47.5,1840.625,1.22580645161
test,23.75,30,712.5,1.26315789474
test,43.75,46.25,2023.4375,1.05714285714
test,21.8860103627,22.3890784983,490.007604025,1.02298583101
test,15.8361774744,15.9170984456,252.065995862,1.00510988029
test,16.9283276451,25.8652849741,437.856018674,1.52792913254
test,31.25,35,1093.75,1.12
test,38.75,50,1937.5,1.29032258065
test,27.5,32.5,893.75,1.18181818182
test,36.25,38.75,1404.6875,1.06896551724
test,26.25,32.5,853.125,1.2380952381
test,31.25,36.25,1132.8125,1.16
test,23.4812286689,37.1398963731,872.090399477,1.58168454031
test,15.8361774744,17.2435233161,273.071495517,1.08886903698
test,20.5595854922,25.6655290102,527.672637889,1.24834856325
test,21.2227979275,30.0341296928,637.408265398,1.41518238055
test,12.5597269625,18.5699481865,233.23347893,1.47853120072
test,12.0136518771,17.2435233161,207.157686254,1.43532736693
test,26.25,55,1443.75,2.09523809524
test,37.5,45,1687.5,1.2
test,26.25,40,1050,1.52380952381
test,33.75,38.75,1307.8125,1.14814814815
test,23.75,26.25,623.4375,1.10526315789
test,28.75,28.75,826.5625,1
test,28.75,35,1006.25,1.21739130435
test,28.75,50,1437.5,1.73913043478
test,16.9283276451,21.8860103627,370.493554263,1.29286311215
test,20.204778157,37.8031088083,763.803427116,1.8709984596
test,22.9351535836,29.1813471503,669.278678668,1.27234147545
test,15.2901023891,23.2124352332,354.920511415,1.51813471503
test,30,35,1050,1.16666666667
test,18.5699481865,21.843003413,405.623441617,1.17625548513
test,27.3037542662,31.8341968912,869.193089179,1.16592746114
test,20,27.5,550,1.375
test,25,31.25,781.25,1.25
test,25,27.5,687.5,1.1
test,32.5,33.75,1096.875,1.03846153846
test,26.25,27.5,721.875,1.04761904762
test,30,30,900,1
test,20,37.5,750,1.875
test,37.5,41.25,1546.875,1.1
test,31.25,40,1250,1.28
test,21.25,41.25,876.5625,1.94117647059
test,28.75,37.5,1078.125,1.30434782609
test,25,32.5,812.5,1.3
test,21.25,28.75,610.9375,1.35294117647
test,20.7508532423,23.8756476684,495.440060832,1.15058631034
test,27.5,45,1237.5,1.63636363636
test,26.25,31.25,820.3125,1.19047619048
test,26.2116040956,31.8341968912,834.425365612,1.21450777202
test,18.566552901,23.2124352332,430.974906718,1.25022858884
test,20.7508532423,28.518134715,591.775628216,1.37431142623
test,21.25,33.75,717.1875,1.58823529412
test,18.0204778157,19.896373057,358.542149286,1.10409797456
test,16.3822525597,21.8860103627,358.542149286,1.33595854922
test,22.9351535836,25.8652849741,593.224283365,1.12775721688
test,22.3890784983,31.8341968912,712.738333127,1.42186275749
test,21.2969283276,37.1398963731,790.965711153,1.74390859572
test,15.8361774744,17.2435233161,273.071495517,1.08886903698
test,19.2331606218,20.7508532423,399.104493448,1.0789102036
test,15.2901023891,21.2227979275,324.498753294,1.38800888231
test,19.896373057,22.3890784983,445.461458204,1.12528441411
test,25.8652849741,29.4880546075,762.716935755,1.14006300866
test,15.2901023891,23.8756476684,365.061097455,1.5615099926
test,17.9067357513,18.566552901,332.466356611,1.03684742763
test,20.5595854922,21.843003413,449.083096076,1.06242430915
test,17.4744027304,20.5595854922,359.266476861,1.17655440415
test,26.5284974093,32.7645051195,869.193089179,1.23506825939
test,28.75,52.5,1509.375,1.82608695652
test,17.4744027304,20.5595854922,359.266476861,1.17655440415
test,11.274611399,21.2969283276,240.114590886,1.88892792612
test,27.5,35,962.5,1.27272727273
test,22.5,22.5,506.25,1
test,17.5,23.75,415.625,1.35714285714
test,21.25,23.75,504.6875,1.11764705882
test,13.9274611399,14.7440273038,205.346867319,1.05862993662
test,17.5,22.5,393.75,1.28571428571
test,16.25,25,406.25,1.53846153846
test,27.5,28.75,790.625,1.04545454545
test,27.5,28.75,790.625,1.04545454545
test,30,31.25,937.5,1.04166666667
test,33.75,37.5,1265.625,1.11111111111
test,30,37.5,1125,1.25
test,27.5,36.25,996.875,1.31818181818
test,22.5,35,787.5,1.55555555556
test,30,35,1050,1.16666666667
test,15,22.5,337.5,1.5
test,26.25,31.25,820.3125,1.19047619048
test,26.25,28.75,754.6875,1.09523809524
test,25,25,625,1
test,15,18.75,281.25,1.25
test,20,20,400,1
test,17.5,17.5,306.25,1
test,18.75,22.5,421.875,1.2
test,19.6587030717,20.5595854922,404.174786468,1.04582613702
test,23.75,27.5,653.125,1.15789473684
test,17.5,20,350,1.14285714286
test,17.5,20,350,1.14285714286
test,12.5,18.75,234.375,1.5
test,16.25,16.25,264.0625,1
test,15,17.5,262.5,1.16666666667
test,21.25,26.25,557.8125,1.23529411765
test,21.25,26.25,557.8125,1.23529411765
test,15,30,450,2
test,15,22.5,337.5,1.5
test,17.5,20,350,1.14285714286
test,15,16.25,243.75,1.08333333333
test,25.2020725389,26.2116040956,660.586747776,1.04005748159
test,16.25,18.75,304.6875,1.15384615385
test,11.25,17.5,196.875,1.55555555556
test,15,21.25,318.75,1.41666666667
test,18.75,25,468.75,1.33333333333
test,18.75,20,375,1.06666666667
test,22.5,26.25,590.625,1.16666666667
test,18.75,25,468.75,1.33333333333
test,25,31.25,781.25,1.25
test,22.5,28.75,646.875,1.27777777778
test,36.25,36.25,1314.0625,1
test,31.25,31.25,976.5625,1
test,20,27.5,550,1.375
test,18.75,21.25,398.4375,1.13333333333
test,22.5,26.25,590.625,1.16666666667
test,18.75,25,468.75,1.33333333333
test,15,16.25,243.75,1.08333333333
test,21.25,26.25,557.8125,1.23529411765
test,35,38.75,1356.25,1.10714285714
test,32.5,38.75,1259.375,1.19230769231
test,33.75,40,1350,1.18518518519
test,28.75,35,1006.25,1.21739130435
test,26.25,27.5,721.875,1.04761904762
test,23.75,26.25,623.4375,1.10526315789
test,32.5,35,1137.5,1.07692307692
test,21.25,22.5,478.125,1.05882352941
test,16.25,18.75,304.6875,1.15384615385
test,16.25,18.75,304.6875,1.15384615385
test,13.75,16.25,223.4375,1.18181818182
test,15,15,225,1
test,18.566552901,43.1088082902,800.381969619,2.32185309357
test,27.5,33.75,928.125,1.22727272727
test,23.75,26.25,623.4375,1.10526315789
test,20,32.5,650,1.625
test,27.5,31.25,859.375,1.13636363636
test,20,26.25,525,1.3125
test,23.75,25,593.75,1.05263157895
test,20,30,600,1.5
test,20,31.25,625,1.5625
test,18.75,23.75,445.3125,1.26666666667
test,21.25,35,743.75,1.64705882353
test,21.25,23.75,504.6875,1.11764705882
test,21.25,28.75,610.9375,1.35294117647
test,17.5,23.75,415.625,1.35714285714
test,13.75,21.25,292.1875,1.54545454545
test,18.75,21.25,398.4375,1.13333333333
test,21.25,22.5,478.125,1.05882352941
test,18.75,20,375,1.06666666667
test,21.25,22.5,478.125,1.05882352941
test,12.5,17.5,218.75,1.4
test,17.5,21.25,371.875,1.21428571429
test,17.5,22.5,393.75,1.28571428571
test,13.75,18.75,257.8125,1.36363636364
test,17.5,22.5,393.75,1.28571428571
test,20,23.75,475,1.1875
test,16.25,23.75,385.9375,1.46153846154
test,22.5,32.5,731.25,1.44444444444
test,20,26.25,525,1.3125
test,18.75,28.75,539.0625,1.53333333333
test,20,21.25,425,1.0625
test,37.5,42.5,1593.75,1.13333333333
test,17.5,20,350,1.14285714286
test,17.5,18.75,328.125,1.07142857143
test,20,20,400,1
test,21.25,26.25,557.8125,1.23529411765
test,16.25,17.5,284.375,1.07692307692
test,30,36.25,1087.5,1.20833333333
test,15,16.25,243.75,1.08333333333
test,15,16.25,243.75,1.08333333333
test,25,35,875,1.4
test,31.25,32.5,1015.625,1.04
test,22.5,27.5,618.75,1.22222222222
test,15,26.25,393.75,1.75
test,13.75,20,275,1.45454545455
test,21.25,23.75,504.6875,1.11764705882
test,25,28.75,718.75,1.15
test,21.25,22.5,478.125,1.05882352941
test,15,18.75,281.25,1.25
test,14.1979522184,14.5906735751,207.157686254,1.02766042248
test,18.75,23.75,445.3125,1.26666666667
test,12.5,21.25,265.625,1.7
test,15,21.25,318.75,1.41666666667
test,17.5,20,350,1.14285714286
test,20,22.5,450,1.125
test,20,22.5,450,1.125
test,22.5,26.25,590.625,1.16666666667
test,18.75,25,468.75,1.33333333333
test,25,30,750,1.2
test,18.75,20,375,1.06666666667
test,28.75,31.25,898.4375,1.08695652174
test,18.75,22.5,421.875,1.2
test,17.5,20,350,1.14285714286
test,18.75,23.75,445.3125,1.26666666667
test,22.5,28.75,646.875,1.27777777778
test,15,20,300,1.33333333333
test,22.5,25,562.5,1.11111111111
test,21.25,36.25,770.3125,1.70588235294
test,21.25,21.25,451.5625,1
test,21.25,35,743.75,1.64705882353
test,15,16.25,243.75,1.08333333333
test,17.5,20,350,1.14285714286
test,17.5,18.75,328.125,1.07142857143
test,15,23.75,356.25,1.58333333333
test,15,17.5,262.5,1.16666666667
test,12.5,20,250,1.6
test,17.5,25,437.5,1.42857142857
test,16.25,17.5,284.375,1.07692307692
test,15,17.5,262.5,1.16666666667
test,17.5,17.5,306.25,1
test,18.75,18.75,351.5625,1
test,11.25,16.25,182.8125,1.44444444444
test,15,20,300,1.33333333333
test,13.75,18.75,257.8125,1.36363636364
test,12.5597269625,15.9170984456,199.914410511,1.26731245776
test,16.25,18.75,304.6875,1.15384615385
test,15,17.5,262.5,1.16666666667
test,16.25,17.5,284.375,1.07692307692
test,15,20,300,1.33333333333
test,12.5,16.25,203.125,1.3
test,27.5,30,825,1.09090909091
test,26.25,27.5,721.875,1.04761904762
test,18.75,27.5,515.625,1.46666666667
test,26.25,38.75,1017.1875,1.47619047619
test,21.843003413,27.8549222798,608.435162426,1.27523316062
test,25,35,875,1.4
test,16.25,31.25,507.8125,1.92307692308
test,13.75,22.5,309.375,1.63636363636
test,16.25,20,325,1.23076923077
test,21.25,25,531.25,1.17647058824
test,15,25,375,1.66666666667
test,22.5,22.5,506.25,1
test,12.5,20,250,1.6
test,15,17.5,262.5,1.16666666667
test,16.25,25,406.25,1.53846153846
test,22.5,27.5,618.75,1.22222222222
test,28.75,31.25,898.4375,1.08695652174
test,21.25,23.75,504.6875,1.11764705882
test,17.5,20,350,1.14285714286
test,15,22.5,337.5,1.5
test,16.25,16.25,264.0625,1
test,17.5,22.5,393.75,1.28571428571
test,11.25,16.25,182.8125,1.44444444444
test,18.75,33.75,632.8125,1.8
test,23.75,25,593.75,1.05263157895
test,18.75,31.25,585.9375,1.66666666667
test,31.25,31.25,976.5625,1
test,23.75,27.5,653.125,1.15789473684
test,19.2331606218,21.843003413,420.109993103,1.13569495116
test,13.75,21.25,292.1875,1.54545454545
test,18.75,21.25,398.4375,1.13333333333
test,16.25,16.25,264.0625,1
test,17.5,18.75,328.125,1.07142857143
test,18.75,18.75,351.5625,1
test,17.5,20,350,1.14285714286
test,20,21.25,425,1.0625
test,15,18.75,281.25,1.25
test,13.75,18.75,257.8125,1.36363636364
test,17.5,27.5,481.25,1.57142857143
test,26.25,27.5,721.875,1.04761904762
test,26.25,33.75,885.9375,1.28571428571
test,23.75,28.75,682.8125,1.21052631579
test,26.25,36.25,951.5625,1.38095238095
test,26.25,38.75,1017.1875,1.47619047619
test,20,27.5,550,1.375
test,21.25,32.5,690.625,1.52941176471
test,11.25,27.5,309.375,2.44444444444
test,27.5,30,825,1.09090909091
test,22.5,38.75,871.875,1.72222222222
test,20,21.25,425,1.0625
test,25,36.25,906.25,1.45
test,23.75,37.5,890.625,1.57894736842
