split,image_relative_path,label_relative_path,image_width,image_height,class_id,box_index,x_center_norm,y_center_norm,width_norm,height_norm,letterbox_scale,width_original_px,height_original_px,width_640_px,height_640_px,short_side_640_px,long_side_640_px,area_640_px2,aspect_ratio
train,train/images/fog_dense_fog_0009_GF6_WFV_.png,train/labels/fog_dense_fog_0009_GF6_WFV_.txt,512,512,0,0,0.79296875,0.3037109375,0.04296875,0.033203125,1.25,22,17,27.5,21.25,21.25,27.5,584.375,1.29411764706
train,train/images/fog_dense_fog_0015_GF6_WFV_.png,train/labels/fog_dense_fog_0015_GF6_WFV_.txt,512,512,0,0,0.13671875,0.63671875,0.05859375,0.03125,1.25,30,16,37.5,20,20,37.5,750,1.875
train,train/images/fog_dense_fog_0015_GF6_WFV_.png,train/labels/fog_dense_fog_0015_GF6_WFV_.txt,512,512,0,1,0.77734375,0.6640625,0.0546875,0.0390625,1.25,28,20,35,25,25,35,875,1.4
train,train/images/fog_dense_fog_0015_GF6_WFV_.png,train/labels/fog_dense_fog_0015_GF6_WFV_.txt,512,512,0,2,0.818359375,0.8271484375,0.0625,0.033203125,1.25,32,17,40,21.25,21.25,40,850,1.88235294118
train,train/images/fog_dense_fog_0023_GF1_WFV4.png,train/labels/fog_dense_fog_0023_GF1_WFV4.txt,512,512,0,0,0.669921875,0.44140625,0.05078125,0.04296875,1.25,26,22,32.5,27.5,27.5,32.5,893.75,1.18181818182
train,train/images/fog_dense_fog_0032_GF1_WFV3.png,train/labels/fog_dense_fog_0032_GF1_WFV3.txt,512,512,0,0,0.1162109375,0.7373046875,0.068359375,0.041015625,1.25,35,21,43.75,26.25,26.25,43.75,1148.4375,1.66666666667
train,train/images/fog_dense_fog_0048_GF1_WFV3.png,train/labels/fog_dense_fog_0048_GF1_WFV3.txt,512,512,0,0,0.53125,0.90625,0.0703125,0.04296875,1.25,36,22,45,27.5,27.5,45,1237.5,1.63636363636
train,train/images/fog_dense_fog_0060_GF6_WFV_.png,train/labels/fog_dense_fog_0060_GF6_WFV_.txt,512,512,0,0,0.34765625,0.6806640625,0.03125,0.041015625,1.25,16,21,20,26.25,20,26.25,525,1.3125
train,train/images/fog_dense_fog_0064_GF1_WFV4.png,train/labels/fog_dense_fog_0064_GF1_WFV4.txt,512,512,0,0,0.0380859375,0.60546875,0.044921875,0.03515625,1.25,23,18,28.75,22.5,22.5,28.75,646.875,1.27777777778
train,train/images/fog_dense_fog_0080_GF1_WFV4.png,train/labels/fog_dense_fog_0080_GF1_WFV4.txt,512,512,0,0,0.2841796875,0.544921875,0.064453125,0.03125,1.25,33,16,41.25,20,20,41.25,825,2.0625
train,train/images/fog_dense_fog_0100_GF1_WFV3.png,train/labels/fog_dense_fog_0100_GF1_WFV3.txt,512,512,0,0,0.986328125,0.740234375,0.0234375,0.01953125,1.25,12,10,15,12.5,12.5,15,187.5,1.2
train,train/images/fog_dense_fog_0105_GF1_WFV3.png,train/labels/fog_dense_fog_0105_GF1_WFV3.txt,512,512,0,0,0.37890625,0.109375,0.046875,0.07421875,1.25,24,38,30,47.5,30,47.5,1425,1.58333333333
train,train/images/fog_dense_fog_0108_GF1_WFV2.png,train/labels/fog_dense_fog_0108_GF1_WFV2.txt,512,512,0,0,0.0478515625,0.40234375,0.037109375,0.03125,1.25,19,16,23.75,20,20,23.75,475,1.1875
train,train/images/fog_dense_fog_0108_GF1_WFV2.png,train/labels/fog_dense_fog_0108_GF1_WFV2.txt,512,512,0,1,0.4775390625,0.4677734375,0.048828125,0.033203125,1.25,25,17,31.25,21.25,21.25,31.25,664.0625,1.47058823529
train,train/images/fog_dense_fog_0108_GF1_WFV2.png,train/labels/fog_dense_fog_0108_GF1_WFV2.txt,512,512,0,2,0.1806640625,0.7080078125,0.037109375,0.037109375,1.25,19,19,23.75,23.75,23.75,23.75,564.0625,1
train,train/images/fog_dense_fog_0117_GF6_WFV_.png,train/labels/fog_dense_fog_0117_GF6_WFV_.txt,512,512,0,0,0.26953125,0.9619140625,0.03515625,0.029296875,1.25,18,15,22.5,18.75,18.75,22.5,421.875,1.2
train,train/images/fog_dense_fog_0117_GF6_WFV_.png,train/labels/fog_dense_fog_0117_GF6_WFV_.txt,512,512,0,1,0.561433447099,0.523316062176,0.0204778156997,0.020725388601,1.25,10.4846416382,10.6113989637,13.1058020478,13.2642487047,13.1058020478,13.2642487047,173.838617836,1.01208981002
train,train/images/fog_dense_fog_0126_GF6_WFV_.png,train/labels/fog_dense_fog_0126_GF6_WFV_.txt,512,512,0,0,0.950511945392,0.159067357513,0.0290102389078,0.0673575129534,1.25,14.8532423208,34.4870466321,18.566552901,43.1088082902,18.566552901,43.1088082902,800.381969619,2.32185309357
train,train/images/fog_dense_fog_0132_GF6_WFV_.png,train/labels/fog_dense_fog_0132_GF6_WFV_.txt,512,512,0,0,0.4794921875,0.8505859375,0.025390625,0.029296875,1.25,13,15,16.25,18.75,16.25,18.75,304.6875,1.15384615385
train,train/images/fog_dense_fog_0132_GF6_WFV_.png,train/labels/fog_dense_fog_0132_GF6_WFV_.txt,512,512,0,1,0.9296875,0.71875,0.0234375,0.02734375,1.25,12,14,15,17.5,15,17.5,262.5,1.16666666667
train,train/images/fog_dense_fog_0132_GF6_WFV_.png,train/labels/fog_dense_fog_0132_GF6_WFV_.txt,512,512,0,2,0.9619140625,0.671875,0.025390625,0.02734375,1.25,13,14,16.25,17.5,16.25,17.5,284.375,1.07692307692
train,train/images/fog_dense_fog_0132_GF6_WFV_.png,train/labels/fog_dense_fog_0132_GF6_WFV_.txt,512,512,0,3,0.3515625,0.30859375,0.03125,0.0234375,1.25,16,12,20,15,15,20,300,1.33333333333
train,train/images/fog_dense_fog_0132_GF6_WFV_.png,train/labels/fog_dense_fog_0132_GF6_WFV_.txt,512,512,0,4,0.6005859375,0.392578125,0.025390625,0.01953125,1.25,13,10,16.25,12.5,12.5,16.25,203.125,1.3
train,train/images/fog_dense_fog_0138_GF6_WFV_.png,train/labels/fog_dense_fog_0138_GF6_WFV_.txt,512,512,0,0,0.94921875,0.9697265625,0.02734375,0.021484375,1.25,14,11,17.5,13.75,13.75,17.5,240.625,1.27272727273
train,train/images/fog_dense_fog_0138_GF6_WFV_.png,train/labels/fog_dense_fog_0138_GF6_WFV_.txt,512,512,0,1,0.0380859375,0.47265625,0.037109375,0.0234375,1.25,19,12,23.75,15,15,23.75,356.25,1.58333333333
train,train/images/fog_dense_fog_0138_GF6_WFV_.png,train/labels/fog_dense_fog_0138_GF6_WFV_.txt,512,512,0,2,0.033203125,0.4072265625,0.02734375,0.025390625,1.25,14,13,17.5,16.25,16.25,17.5,284.375,1.07692307692
train,train/images/fog_dense_fog_0139_GF6_WFV_.png,train/labels/fog_dense_fog_0139_GF6_WFV_.txt,512,512,0,0,0.125,0.2861328125,0.0234375,0.021484375,1.25,12,11,15,13.75,13.75,15,206.25,1.09090909091
train,train/images/fog_dense_fog_0139_GF6_WFV_.png,train/labels/fog_dense_fog_0139_GF6_WFV_.txt,512,512,0,1,0.92578125,0.7216796875,0.03125,0.025390625,1.25,16,13,20,16.25,16.25,20,325,1.23076923077
train,train/images/fog_dense_fog_0142_GF1_WFV4.png,train/labels/fog_dense_fog_0142_GF1_WFV4.txt,512,512,0,0,0.5390625,0.5751953125,0.05859375,0.044921875,1.25,30,23,37.5,28.75,28.75,37.5,1078.125,1.30434782609
train,train/images/fog_dense_fog_0142_GF1_WFV4.png,train/labels/fog_dense_fog_0142_GF1_WFV4.txt,512,512,0,1,0.264078498294,0.674093264249,0.028156996587,0.019689119171,1.25,14.4163822526,10.0808290155,18.0204778157,12.6010362694,12.6010362694,18.0204778157,227.076694548,1.43007903718
train,train/images/fog_dense_fog_0148_GF1_WFV3.png,train/labels/fog_dense_fog_0148_GF1_WFV3.txt,512,512,0,0,0.521484375,0.1220703125,0.0546875,0.044921875,1.25,28,23,35,28.75,28.75,35,1006.25,1.21739130435
train,train/images/fog_dense_fog_0149_GF6_WFV_.png,train/labels/fog_dense_fog_0149_GF6_WFV_.txt,512,512,0,0,0.7568359375,0.6015625,0.033203125,0.03515625,1.25,17,18,21.25,22.5,21.25,22.5,478.125,1.05882352941
train,train/images/fog_dense_fog_0172_GF1_WFV4.png,train/labels/fog_dense_fog_0172_GF1_WFV4.txt,512,512,0,0,0.392578125,0.1005859375,0.078125,0.044921875,1.25,40,23,50,28.75,28.75,50,1437.5,1.73913043478
train,train/images/fog_dense_fog_0196_GF1_WFV3.png,train/labels/fog_dense_fog_0196_GF1_WFV3.txt,512,512,0,0,0.314453125,0.8330078125,0.03515625,0.060546875,1.25,18,31,22.5,38.75,22.5,38.75,871.875,1.72222222222
train,train/images/fog_dense_fog_0196_GF1_WFV3.png,train/labels/fog_dense_fog_0196_GF1_WFV3.txt,512,512,0,1,0.700511945392,0.551295336788,0.0273037542662,0.0290155440415,1.25,13.9795221843,14.8559585492,17.4744027304,18.5699481865,17.4744027304,18.5699481865,324.498753294,1.06269430052
train,train/images/fog_dense_fog_0214_GF1_WFV4.png,train/labels/fog_dense_fog_0214_GF1_WFV4.txt,512,512,0,0,0.7978515625,0.4375,0.060546875,0.078125,1.25,31,40,38.75,50,38.75,50,1937.5,1.29032258065
train,train/images/fog_dense_fog_0214_GF1_WFV4.png,train/labels/fog_dense_fog_0214_GF1_WFV4.txt,512,512,0,1,0.3203125,0.0966796875,0.046875,0.037109375,1.25,24,19,30,23.75,23.75,30,712.5,1.26315789474
train,train/images/fog_dense_fog_0219_GF1_WFV1.png,train/labels/fog_dense_fog_0219_GF1_WFV1.txt,512,512,0,0,0.064453125,0.541015625,0.0390625,0.0234375,1.25,20,12,25,15,15,25,375,1.66666666667
train,train/images/fog_dense_fog_0220_GF1_WFV2.png,train/labels/fog_dense_fog_0220_GF1_WFV2.txt,512,512,0,0,0.130859375,0.541015625,0.04296875,0.05859375,1.25,22,30,27.5,37.5,27.5,37.5,1031.25,1.36363636364
train,train/images/fog_dense_fog_0229_GF1_WFV3.png,train/labels/fog_dense_fog_0229_GF1_WFV3.txt,512,512,0,0,0.1337890625,0.912109375,0.033203125,0.04296875,1.25,17,22,21.25,27.5,21.25,27.5,584.375,1.29411764706
train,train/images/fog_dense_fog_0229_GF1_WFV3.png,train/labels/fog_dense_fog_0229_GF1_WFV3.txt,512,512,0,1,0.041015625,0.02734375,0.01953125,0.03515625,1.25,10,18,12.5,22.5,12.5,22.5,281.25,1.8
train,train/images/fog_dense_fog_0229_GF1_WFV3.png,train/labels/fog_dense_fog_0229_GF1_WFV3.txt,512,512,0,2,0.076171875,0.0380859375,0.0234375,0.033203125,1.25,12,17,15,21.25,15,21.25,318.75,1.41666666667
train,train/images/fog_dense_fog_0257_GF1_WFV4.png,train/labels/fog_dense_fog_0257_GF1_WFV4.txt,512,512,0,0,0.287969283276,0.183419689119,0.0383959044369,0.060103626943,1.25,19.6587030717,30.7730569948,24.5733788396,38.4663212435,24.5733788396,38.4663212435,945.247484482,1.56536557283
train,train/images/fog_dense_fog_0262_GF1_WFV2.png,train/labels/fog_dense_fog_0262_GF1_WFV2.txt,512,512,0,0,0.1904296875,0.2109375,0.037109375,0.03515625,1.25,19,18,23.75,22.5,22.5,23.75,534.375,1.05555555556
train,train/images/fog_dense_fog_0273_GF1_WFV3.png,train/labels/fog_dense_fog_0273_GF1_WFV3.txt,512,512,0,0,0.21484375,0.9169921875,0.03125,0.064453125,1.25,16,33,20,41.25,20,41.25,825,2.0625
train,train/images/fog_light_fog_0001_GF1_WFV3.png,train/labels/fog_light_fog_0001_GF1_WFV3.txt,512,512,0,0,0.43359375,0.1328125,0.0390625,0.04296875,1.25,20,22,25,27.5,25,27.5,687.5,1.1
train,train/images/fog_light_fog_0001_GF1_WFV3.png,train/labels/fog_light_fog_0001_GF1_WFV3.txt,512,512,0,1,0.4287109375,0.947265625,0.025390625,0.04296875,1.25,13,22,16.25,27.5,16.25,27.5,446.875,1.69230769231
train,train/images/fog_light_fog_0002_GF1_WFV1.png,train/labels/fog_light_fog_0002_GF1_WFV1.txt,512,512,0,0,0.3681640625,0.3310546875,0.021484375,0.037109375,1.25,11,19,13.75,23.75,13.75,23.75,326.5625,1.72727272727
train,train/images/fog_light_fog_0004_GF6_WFV_.png,train/labels/fog_light_fog_0004_GF6_WFV_.txt,512,512,0,0,0.119140625,0.4140625,0.04296875,0.046875,1.25,22,24,27.5,30,27.5,30,825,1.09090909091
train,train/images/fog_light_fog_0019_GF1_WFV4.png,train/labels/fog_light_fog_0019_GF1_WFV4.txt,512,512,0,0,0.720703125,0.046875,0.04296875,0.05859375,1.25,22,30,27.5,37.5,27.5,37.5,1031.25,1.36363636364
train,train/images/fog_light_fog_0021_GF1_WFV3.png,train/labels/fog_light_fog_0021_GF1_WFV3.txt,512,512,0,0,0.595703125,0.904296875,0.0390625,0.0625,1.25,20,32,25,40,25,40,1000,1.6
train,train/images/fog_light_fog_0033_GF1_WFV3.png,train/labels/fog_light_fog_0033_GF1_WFV3.txt,512,512,0,0,0.9423828125,0.1298828125,0.025390625,0.044921875,1.25,13,23,16.25,28.75,16.25,28.75,467.1875,1.76923076923
train,train/images/fog_light_fog_0036_GF6_WFV_.png,train/labels/fog_light_fog_0036_GF6_WFV_.txt,512,512,0,0,0.904296875,0.8994140625,0.04296875,0.041015625,1.25,22,21,27.5,26.25,26.25,27.5,721.875,1.04761904762
train,train/images/fog_light_fog_0086_GF6_WFV_.png,train/labels/fog_light_fog_0086_GF6_WFV_.txt,512,512,0,0,0.439846416382,0.666839378238,0.0332764505119,0.0383419689119,1.25,17.0375426621,19.6310880829,21.2969283276,24.5388601036,21.2969283276,24.5388601036,522.602344869,1.15222532217
train,train/images/fog_light_fog_0095_GF6_WFV_.png,train/labels/fog_light_fog_0095_GF6_WFV_.txt,512,512,0,0,0.34375,0.4892578125,0.046875,0.064453125,1.25,24,33,30,41.25,30,41.25,1237.5,1.375
train,train/images/fog_light_fog_0107_GF6_WFV_.png,train/labels/fog_light_fog_0107_GF6_WFV_.txt,512,512,0,0,0.873720136519,0.765284974093,0.0221843003413,0.0300518134715,1.25,11.3583617747,15.3865284974,14.1979522184,19.2331606218,14.1979522184,19.2331606218,273.071495517,1.35464328418
train,train/images/fog_light_fog_0113_GF1_WFV4.png,train/labels/fog_light_fog_0113_GF1_WFV4.txt,512,512,0,0,0.228242320819,0.734715025907,0.0401023890785,0.0331606217617,1.25,20.5324232082,16.978238342,25.6655290102,21.2227979275,21.2227979275,25.6655290102,544.694335886,1.20933767065
train,train/images/fog_light_fog_0128_GF1_WFV4.png,train/labels/fog_light_fog_0128_GF1_WFV4.txt,512,512,0,0,0.0955631399317,0.650777202073,0.0238907849829,0.0269430051813,1.25,12.2320819113,13.7948186528,15.2901023891,17.2435233161,15.2901023891,17.2435233161,263.655237051,1.12775721688
train,train/images/fog_light_fog_0135_GF6_WFV_.png,train/labels/fog_light_fog_0135_GF6_WFV_.txt,512,512,0,0,0.76171875,0.220703125,0.03125,0.02734375,1.25,16,14,20,17.5,17.5,20,350,1.14285714286
train,train/images/fog_light_fog_0135_GF6_WFV_.png,train/labels/fog_light_fog_0135_GF6_WFV_.txt,512,512,0,1,0.8349609375,0.931640625,0.029296875,0.01953125,1.25,15,10,18.75,12.5,12.5,18.75,234.375,1.5
train,train/images/fog_light_fog_0135_GF6_WFV_.png,train/labels/fog_light_fog_0135_GF6_WFV_.txt,512,512,0,2,0.5830078125,0.2880859375,0.025390625,0.025390625,1.25,13,13,16.25,16.25,16.25,16.25,264.0625,1
train,train/images/fog_light_fog_0136_GF1_WFV4.png,train/labels/fog_light_fog_0136_GF1_WFV4.txt,512,512,0,0,0.8954778157,0.0823834196891,0.0503412969283,0.0715025906736,1.25,25.7747440273,36.6093264249,32.2184300341,45.7616580311,32.2184300341,45.7616580311,1474.36877752,1.42035654694
train,train/images/fog_light_fog_0152_GF1_WFV2.png,train/labels/fog_light_fog_0152_GF1_WFV2.txt,512,512,0,0,0.78125,0.322265625,0.0546875,0.05078125,1.25,28,26,35,32.5,32.5,35,1137.5,1.07692307692
train,train/images/fog_light_fog_0152_GF1_WFV2.png,train/labels/fog_light_fog_0152_GF1_WFV2.txt,512,512,0,1,0.6806640625,0.51953125,0.056640625,0.05078125,1.25,29,26,36.25,32.5,32.5,36.25,1178.125,1.11538461538
train,train/images/fog_light_fog_0159_GF6_WFV_.png,train/labels/fog_light_fog_0159_GF6_WFV_.txt,512,512,0,0,0.2685546875,0.2119140625,0.029296875,0.025390625,1.25,15,13,18.75,16.25,16.25,18.75,304.6875,1.15384615385
train,train/images/fog_light_fog_0159_GF6_WFV_.png,train/labels/fog_light_fog_0159_GF6_WFV_.txt,512,512,0,1,0.0390625,0.8857421875,0.02734375,0.017578125,1.25,14,9,17.5,11.25,11.25,17.5,196.875,1.55555555556
train,train/images/fog_light_fog_0159_GF6_WFV_.png,train/labels/fog_light_fog_0159_GF6_WFV_.txt,512,512,0,2,0.1767578125,0.826171875,0.033203125,0.0234375,1.25,17,12,21.25,15,15,21.25,318.75,1.41666666667
train,train/images/fog_light_fog_0163_GF1_WFV1.png,train/labels/fog_light_fog_0163_GF1_WFV1.txt,512,512,0,0,0.7978515625,0.4638671875,0.033203125,0.033203125,1.25,17,17,21.25,21.25,21.25,21.25,451.5625,1
train,train/images/fog_light_fog_0163_GF1_WFV1.png,train/labels/fog_light_fog_0163_GF1_WFV1.txt,512,512,0,1,0.6904296875,0.666015625,0.037109375,0.02734375,1.25,19,14,23.75,17.5,17.5,23.75,415.625,1.35714285714
train,train/images/fog_light_fog_0163_GF1_WFV1.png,train/labels/fog_light_fog_0163_GF1_WFV1.txt,512,512,0,2,0.837890625,0.77734375,0.0546875,0.0390625,1.25,28,20,35,25,25,35,875,1.4
train,train/images/fog_light_fog_0163_GF1_WFV1.png,train/labels/fog_light_fog_0163_GF1_WFV1.txt,512,512,0,3,0.248046875,0.115234375,0.0546875,0.0390625,1.25,28,20,35,25,25,35,875,1.4
train,train/images/fog_light_fog_0167_GF1_WFV2.png,train/labels/fog_light_fog_0167_GF1_WFV2.txt,512,512,0,0,0.818359375,0.9892578125,0.0390625,0.021484375,1.25,20,11,25,13.75,13.75,25,343.75,1.81818181818
train,train/images/fog_light_fog_0175_GF1_WFV3.png,train/labels/fog_light_fog_0175_GF1_WFV3.txt,512,512,0,0,0.7734375,0.1572265625,0.04296875,0.044921875,1.25,22,23,27.5,28.75,27.5,28.75,790.625,1.04545454545
train,train/images/fog_light_fog_0178_GF6_WFV_.png,train/labels/fog_light_fog_0178_GF6_WFV_.txt,512,512,0,0,0.21484375,0.3115234375,0.046875,0.037109375,1.25,24,19,30,23.75,23.75,30,712.5,1.26315789474
train,train/images/fog_light_fog_0208_GF6_WFV_.png,train/labels/fog_light_fog_0208_GF6_WFV_.txt,512,512,0,0,0.3642578125,0.8984375,0.029296875,0.0390625,1.25,15,20,18.75,25,18.75,25,468.75,1.33333333333
train,train/images/fog_light_fog_0225_GF1_WFV2.png,train/labels/fog_light_fog_0225_GF1_WFV2.txt,512,512,0,0,0.072265625,0.71875,0.0390625,0.046875,1.25,20,24,25,30,25,30,750,1.2
train,train/images/fog_light_fog_0231_GF6_WFV_.png,train/labels/fog_light_fog_0231_GF6_WFV_.txt,512,512,0,0,0.0908203125,0.7490234375,0.025390625,0.029296875,1.25,13,15,16.25,18.75,16.25,18.75,304.6875,1.15384615385
train,train/images/fog_light_fog_0231_GF6_WFV_.png,train/labels/fog_light_fog_0231_GF6_WFV_.txt,512,512,0,1,0.3623046875,0.7216796875,0.029296875,0.029296875,1.25,15,15,18.75,18.75,18.75,18.75,351.5625,1
train,train/images/fog_light_fog_0231_GF6_WFV_.png,train/labels/fog_light_fog_0231_GF6_WFV_.txt,512,512,0,2,0.552734375,0.3232421875,0.0234375,0.037109375,1.25,12,19,15,23.75,15,23.75,356.25,1.58333333333
train,train/images/fog_light_fog_0231_GF6_WFV_.png,train/labels/fog_light_fog_0231_GF6_WFV_.txt,512,512,0,3,0.8154296875,0.34375,0.025390625,0.04296875,1.25,13,22,16.25,27.5,16.25,27.5,446.875,1.69230769231
train,train/images/fog_light_fog_0231_GF6_WFV_.png,train/labels/fog_light_fog_0231_GF6_WFV_.txt,512,512,0,4,0.84375,0.095703125,0.04296875,0.046875,1.25,22,24,27.5,30,27.5,30,825,1.09090909091
train,train/images/fog_light_fog_0231_GF6_WFV_.png,train/labels/fog_light_fog_0231_GF6_WFV_.txt,512,512,0,5,0.7529296875,0.1904296875,0.029296875,0.041015625,1.25,15,21,18.75,26.25,18.75,26.25,492.1875,1.4
train,train/images/fog_light_fog_0231_GF6_WFV_.png,train/labels/fog_light_fog_0231_GF6_WFV_.txt,512,512,0,6,0.634765625,0.1142578125,0.03125,0.041015625,1.25,16,21,20,26.25,20,26.25,525,1.3125
train,train/images/fog_light_fog_0231_GF6_WFV_.png,train/labels/fog_light_fog_0231_GF6_WFV_.txt,512,512,0,7,0.5048828125,0.177734375,0.029296875,0.0390625,1.25,15,20,18.75,25,18.75,25,468.75,1.33333333333
train,train/images/fog_light_fog_0231_GF6_WFV_.png,train/labels/fog_light_fog_0231_GF6_WFV_.txt,512,512,0,8,0.196245733788,0.863730569948,0.0238907849829,0.0238341968912,1.25,12.2320819113,12.2031088083,15.2901023891,15.2538860104,15.2538860104,15.2901023891,233.23347893,1.0023742395
train,train/images/fog_light_fog_0231_GF6_WFV_.png,train/labels/fog_light_fog_0231_GF6_WFV_.txt,512,512,0,9,0.889078498294,0.824352331606,0.0238907849829,0.0259067357513,1.25,12.2320819113,13.2642487047,15.2901023891,16.5803108808,15.2901023891,16.5803108808,253.514651011,1.0843819393
train,train/images/fog_light_fog_0240_GF1_WFV1.png,train/labels/fog_light_fog_0240_GF1_WFV1.txt,512,512,0,0,0.17578125,0.55078125,0.0625,0.04296875,1.25,32,22,40,27.5,27.5,40,1100,1.45454545455
train,train/images/fog_light_fog_0240_GF1_WFV1.png,train/labels/fog_light_fog_0240_GF1_WFV1.txt,512,512,0,1,0.6494140625,0.3759765625,0.048828125,0.033203125,1.25,25,17,31.25,21.25,21.25,31.25,664.0625,1.47058823529
train,train/images/fog_light_fog_0240_GF1_WFV1.png,train/labels/fog_light_fog_0240_GF1_WFV1.txt,512,512,0,2,0.9365234375,0.3828125,0.064453125,0.04296875,1.25,33,22,41.25,27.5,27.5,41.25,1134.375,1.5
train,train/images/fog_light_fog_0240_GF1_WFV1.png,train/labels/fog_light_fog_0240_GF1_WFV1.txt,512,512,0,3,0.5126953125,0.8515625,0.052734375,0.02734375,1.25,27,14,33.75,17.5,17.5,33.75,590.625,1.92857142857
train,train/images/fog_light_fog_0241_GF6_WFV_.png,train/labels/fog_light_fog_0241_GF6_WFV_.txt,512,512,0,0,0.0859375,0.7431640625,0.03125,0.033203125,1.25,16,17,20,21.25,20,21.25,425,1.0625
train,train/images/fog_light_fog_0241_GF6_WFV_.png,train/labels/fog_light_fog_0241_GF6_WFV_.txt,512,512,0,1,0.94140625,0.21484375,0.02734375,0.03515625,1.25,14,18,17.5,22.5,17.5,22.5,393.75,1.28571428571
train,train/images/fog_light_fog_0255_GF1_WFV4.png,train/labels/fog_light_fog_0255_GF1_WFV4.txt,512,512,0,0,0.7783203125,0.255859375,0.064453125,0.05859375,1.25,33,30,41.25,37.5,37.5,41.25,1546.875,1.1
train,train/images/fog_light_fog_0265_GF6_WFV_.png,train/labels/fog_light_fog_0265_GF6_WFV_.txt,512,512,0,0,0.0625,0.6630859375,0.05078125,0.029296875,1.25,26,15,32.5,18.75,18.75,32.5,609.375,1.73333333333
train,train/images/fog_light_fog_0269_GF1_WFV4.png,train/labels/fog_light_fog_0269_GF1_WFV4.txt,512,512,0,0,0.03125,0.6826171875,0.04296875,0.033203125,1.25,22,17,27.5,21.25,21.25,27.5,584.375,1.29411764706
train,train/images/fog_light_fog_0269_GF1_WFV4.png,train/labels/fog_light_fog_0269_GF1_WFV4.txt,512,512,0,1,0.466796875,0.318359375,0.08203125,0.04296875,1.25,42,22,52.5,27.5,27.5,52.5,1443.75,1.90909090909
train,train/images/fog_light_fog_0269_GF1_WFV4.png,train/labels/fog_light_fog_0269_GF1_WFV4.txt,512,512,0,2,0.98046875,0.017578125,0.0390625,0.03515625,1.25,20,18,25,22.5,22.5,25,562.5,1.11111111111
train,train/images/fog_light_fog_0269_GF1_WFV4.png,train/labels/fog_light_fog_0269_GF1_WFV4.txt,512,512,0,3,0.3837890625,0.03515625,0.068359375,0.02734375,1.25,35,14,43.75,17.5,17.5,43.75,765.625,2.5
train,train/images/fog_light_fog_0269_GF1_WFV4.png,train/labels/fog_light_fog_0269_GF1_WFV4.txt,512,512,0,4,0.1220703125,0.0068359375,0.048828125,0.013671875,1.25,25,7,31.25,8.75,8.75,31.25,273.4375,3.57142857143
train,train/images/fog_light_fog_0278_GF1_WFV3.png,train/labels/fog_light_fog_0278_GF1_WFV3.txt,512,512,0,0,0.13671875,0.13671875,0.046875,0.0390625,1.25,24,20,30,25,25,30,750,1.2
train,train/images/fog_light_fog_0288_GF6_WFV_.png,train/labels/fog_light_fog_0288_GF6_WFV_.txt,512,512,0,0,0.7099609375,0.5517578125,0.029296875,0.029296875,1.25,15,15,18.75,18.75,18.75,18.75,351.5625,1
train,train/images/fog_light_fog_0288_GF6_WFV_.png,train/labels/fog_light_fog_0288_GF6_WFV_.txt,512,512,0,1,0.7607421875,0.7724609375,0.029296875,0.037109375,1.25,15,19,18.75,23.75,18.75,23.75,445.3125,1.26666666667
train,train/images/fog_light_fog_0288_GF6_WFV_.png,train/labels/fog_light_fog_0288_GF6_WFV_.txt,512,512,0,2,0.798828125,0.7099609375,0.01953125,0.025390625,1.25,10,13,12.5,16.25,12.5,16.25,203.125,1.3
train,train/images/fog_light_fog_0288_GF6_WFV_.png,train/labels/fog_light_fog_0288_GF6_WFV_.txt,512,512,0,3,0.9150390625,0.84765625,0.025390625,0.02734375,1.25,13,14,16.25,17.5,16.25,17.5,284.375,1.07692307692
train,train/images/fog_light_fog_0288_GF6_WFV_.png,train/labels/fog_light_fog_0288_GF6_WFV_.txt,512,512,0,4,0.5673828125,0.4189453125,0.025390625,0.025390625,1.25,13,13,16.25,16.25,16.25,16.25,264.0625,1
train,train/images/fog_light_fog_0296_GF6_WFV_.png,train/labels/fog_light_fog_0296_GF6_WFV_.txt,512,512,0,0,0.2978515625,0.7705078125,0.052734375,0.041015625,1.25,27,21,33.75,26.25,26.25,33.75,885.9375,1.28571428571
train,train/images/fog_light_fog_0296_GF6_WFV_.png,train/labels/fog_light_fog_0296_GF6_WFV_.txt,512,512,0,1,0.673828125,0.5654296875,0.05078125,0.037109375,1.25,26,19,32.5,23.75,23.75,32.5,771.875,1.36842105263
train,train/images/fog_light_fog_0296_GF6_WFV_.png,train/labels/fog_light_fog_0296_GF6_WFV_.txt,512,512,0,2,0.7763671875,0.0625,0.041015625,0.03515625,1.25,21,18,26.25,22.5,22.5,26.25,590.625,1.16666666667
train,train/images/fog_light_fog_0296_GF6_WFV_.png,train/labels/fog_light_fog_0296_GF6_WFV_.txt,512,512,0,3,0.5009765625,0.2880859375,0.048828125,0.029296875,1.25,25,15,31.25,18.75,18.75,31.25,585.9375,1.66666666667
train,train/images/fog_light_fog_0296_GF6_WFV_.png,train/labels/fog_light_fog_0296_GF6_WFV_.txt,512,512,0,4,0.3642578125,0.322265625,0.048828125,0.0390625,1.25,25,20,31.25,25,25,31.25,781.25,1.25
train,train/images/fog_light_fog_0296_GF6_WFV_.png,train/labels/fog_light_fog_0296_GF6_WFV_.txt,512,512,0,5,0.412109375,0.5625,0.046875,0.03515625,1.25,24,18,30,22.5,22.5,30,675,1.33333333333
train,train/images/fog_patchy_fog_0005_GF6_WFV_.png,train/labels/fog_patchy_fog_0005_GF6_WFV_.txt,512,512,0,0,0.330078125,0.529296875,0.02734375,0.0390625,1.25,14,20,17.5,25,17.5,25,437.5,1.42857142857
train,train/images/fog_patchy_fog_0037_GF6_WFV_.png,train/labels/fog_patchy_fog_0037_GF6_WFV_.txt,512,512,0,0,0.693359375,0.6923828125,0.0390625,0.037109375,1.25,20,19,25,23.75,23.75,25,593.75,1.05263157895
train,train/images/fog_patchy_fog_0046_GF6_WFV_.png,train/labels/fog_patchy_fog_0046_GF6_WFV_.txt,512,512,0,0,0.533203125,0.013671875,0.046875,0.0234375,1.25,24,12,30,15,15,30,450,2
train,train/images/fog_patchy_fog_0053_GF1_WFV1.png,train/labels/fog_patchy_fog_0053_GF1_WFV1.txt,512,512,0,0,0.5712890625,0.94140625,0.064453125,0.0390625,1.25,33,20,41.25,25,25,41.25,1031.25,1.65
train,train/images/fog_patchy_fog_0082_GF1_WFV3.png,train/labels/fog_patchy_fog_0082_GF1_WFV3.txt,512,512,0,0,0.9189453125,0.3193359375,0.052734375,0.056640625,1.25,27,29,33.75,36.25,33.75,36.25,1223.4375,1.07407407407
train,train/images/fog_patchy_fog_0083_GF1_WFV4.png,train/labels/fog_patchy_fog_0083_GF1_WFV4.txt,512,512,0,0,0.890625,0.78515625,0.04296875,0.078125,1.25,22,40,27.5,50,27.5,50,1375,1.81818181818
train,train/images/fog_patchy_fog_0089_GF1_WFV2.png,train/labels/fog_patchy_fog_0089_GF1_WFV2.txt,512,512,0,0,0.8291015625,0.9150390625,0.048828125,0.044921875,1.25,25,23,31.25,28.75,28.75,31.25,898.4375,1.08695652174
train,train/images/fog_patchy_fog_0089_GF1_WFV2.png,train/labels/fog_patchy_fog_0089_GF1_WFV2.txt,512,512,0,1,0.845703125,0.7470703125,0.02734375,0.021484375,1.25,14,11,17.5,13.75,13.75,17.5,240.625,1.27272727273
train,train/images/fog_patchy_fog_0090_GF1_WFV1.png,train/labels/fog_patchy_fog_0090_GF1_WFV1.txt,512,512,0,0,0.1044921875,0.0908203125,0.033203125,0.052734375,1.25,17,27,21.25,33.75,21.25,33.75,717.1875,1.58823529412
train,train/images/fog_patchy_fog_0090_GF1_WFV1.png,train/labels/fog_patchy_fog_0090_GF1_WFV1.txt,512,512,0,1,0.330204778157,0.681347150259,0.0392491467577,0.0300518134715,1.25,20.0955631399,15.3865284974,25.1194539249,19.2331606218,19.2331606218,25.1194539249,483.126492069,1.30604919383
train,train/images/fog_patchy_fog_0106_GF1_WFV3.png,train/labels/fog_patchy_fog_0106_GF1_WFV3.txt,512,512,0,0,0.1796875,0.44921875,0.0390625,0.0390625,1.25,20,20,25,25,25,25,625,1
train,train/images/fog_patchy_fog_0106_GF1_WFV3.png,train/labels/fog_patchy_fog_0106_GF1_WFV3.txt,512,512,0,1,0.4501953125,0.8193359375,0.037109375,0.037109375,1.25,19,19,23.75,23.75,23.75,23.75,564.0625,1
train,train/images/fog_patchy_fog_0114_GF1_WFV3.png,train/labels/fog_patchy_fog_0114_GF1_WFV3.txt,512,512,0,0,0.5390625,0.0869140625,0.0234375,0.044921875,1.25,12,23,15,28.75,15,28.75,431.25,1.91666666667
train,train/images/fog_patchy_fog_0114_GF1_WFV3.png,train/labels/fog_patchy_fog_0114_GF1_WFV3.txt,512,512,0,1,0.576171875,0.1142578125,0.02734375,0.044921875,1.25,14,23,17.5,28.75,17.5,28.75,503.125,1.64285714286
train,train/images/fog_patchy_fog_0114_GF1_WFV3.png,train/labels/fog_patchy_fog_0114_GF1_WFV3.txt,512,512,0,2,0.6083984375,0.091796875,0.037109375,0.05078125,1.25,19,26,23.75,32.5,23.75,32.5,771.875,1.36842105263
train,train/images/fog_patchy_fog_0114_GF1_WFV3.png,train/labels/fog_patchy_fog_0114_GF1_WFV3.txt,512,512,0,3,0.5830078125,0.1923828125,0.025390625,0.044921875,1.25,13,23,16.25,28.75,16.25,28.75,467.1875,1.76923076923
train,train/images/fog_patchy_fog_0114_GF1_WFV3.png,train/labels/fog_patchy_fog_0114_GF1_WFV3.txt,512,512,0,4,0.603515625,0.21484375,0.02734375,0.04296875,1.25,14,22,17.5,27.5,17.5,27.5,481.25,1.57142857143
train,train/images/fog_patchy_fog_0114_GF1_WFV3.png,train/labels/fog_patchy_fog_0114_GF1_WFV3.txt,512,512,0,5,0.5947265625,0.267578125,0.025390625,0.0390625,1.25,13,20,16.25,25,16.25,25,406.25,1.53846153846
train,train/images/fog_patchy_fog_0115_GF6_WFV_.png,train/labels/fog_patchy_fog_0115_GF6_WFV_.txt,512,512,0,0,0.115234375,0.29296875,0.0390625,0.0546875,1.25,20,28,25,35,25,35,875,1.4
train,train/images/fog_patchy_fog_0122_GF1_WFV3.png,train/labels/fog_patchy_fog_0122_GF1_WFV3.txt,512,512,0,0,0.0771484375,0.47265625,0.037109375,0.03125,1.25,19,16,23.75,20,20,23.75,475,1.1875
train,train/images/fog_patchy_fog_0124_GF6_WFV_.png,train/labels/fog_patchy_fog_0124_GF6_WFV_.txt,512,512,0,0,0.15625,0.0869140625,0.0390625,0.044921875,1.25,20,23,25,28.75,25,28.75,718.75,1.15
train,train/images/fog_patchy_fog_0133_GF6_WFV_.png,train/labels/fog_patchy_fog_0133_GF6_WFV_.txt,512,512,0,0,0.892578125,0.8681640625,0.03515625,0.033203125,1.25,18,17,22.5,21.25,21.25,22.5,478.125,1.05882352941
train,train/images/fog_patchy_fog_0150_GF1_WFV3.png,train/labels/fog_patchy_fog_0150_GF1_WFV3.txt,512,512,0,0,0.2041015625,0.8388671875,0.048828125,0.037109375,1.25,25,19,31.25,23.75,23.75,31.25,742.1875,1.31578947368
train,train/images/fog_patchy_fog_0160_GF1_WFV1.png,train/labels/fog_patchy_fog_0160_GF1_WFV1.txt,512,512,0,0,0.849609375,0.9765625,0.03125,0.0390625,1.25,16,20,20,25,20,25,500,1.25
train,train/images/fog_patchy_fog_0160_GF1_WFV1.png,train/labels/fog_patchy_fog_0160_GF1_WFV1.txt,512,512,0,1,0.620307167235,0.211398963731,0.0204778156997,0.020725388601,1.25,10.4846416382,10.6113989637,13.1058020478,13.2642487047,13.1058020478,13.2642487047,173.838617836,1.01208981002
train,train/images/fog_patchy_fog_0160_GF1_WFV1.png,train/labels/fog_patchy_fog_0160_GF1_WFV1.txt,512,512,0,2,0.259812286689,0.143005181347,0.0162116040956,0.0227979274611,1.25,8.30034129693,11.6725388601,10.3754266212,14.5906735751,10.3754266212,14.5906735751,151.384463032,1.40627215708
train,train/images/fog_patchy_fog_0164_GF1_WFV3.png,train/labels/fog_patchy_fog_0164_GF1_WFV3.txt,512,512,0,0,0.81640625,0.96484375,0.05859375,0.04296875,1.25,30,22,37.5,27.5,27.5,37.5,1031.25,1.36363636364
train,train/images/fog_patchy_fog_0169_GF1_WFV4.png,train/labels/fog_patchy_fog_0169_GF1_WFV4.txt,512,512,0,0,0.744140625,0.9755859375,0.05859375,0.048828125,1.25,30,25,37.5,31.25,31.25,37.5,1171.875,1.2
train,train/images/fog_patchy_fog_0174_GF1_WFV1.png,train/labels/fog_patchy_fog_0174_GF1_WFV1.txt,512,512,0,0,0.12109375,0.763671875,0.0390625,0.03125,1.25,20,16,25,20,20,25,500,1.25
train,train/images/fog_patchy_fog_0174_GF1_WFV1.png,train/labels/fog_patchy_fog_0174_GF1_WFV1.txt,512,512,0,1,0.6328125,0.78125,0.03125,0.02734375,1.25,16,14,20,17.5,17.5,20,350,1.14285714286
train,train/images/fog_patchy_fog_0174_GF1_WFV1.png,train/labels/fog_patchy_fog_0174_GF1_WFV1.txt,512,512,0,2,0.873046875,0.81640625,0.03125,0.0234375,1.25,16,12,20,15,15,20,300,1.33333333333
train,train/images/fog_patchy_fog_0174_GF1_WFV1.png,train/labels/fog_patchy_fog_0174_GF1_WFV1.txt,512,512,0,3,0.892578125,0.1767578125,0.0390625,0.033203125,1.25,20,17,25,21.25,21.25,25,531.25,1.17647058824
train,train/images/fog_patchy_fog_0174_GF1_WFV1.png,train/labels/fog_patchy_fog_0174_GF1_WFV1.txt,512,512,0,4,0.7119140625,0.447265625,0.033203125,0.03125,1.25,17,16,21.25,20,20,21.25,425,1.0625
train,train/images/fog_patchy_fog_0176_GF1_WFV2.png,train/labels/fog_patchy_fog_0176_GF1_WFV2.txt,512,512,0,0,0.0810546875,0.9462890625,0.052734375,0.052734375,1.25,27,27,33.75,33.75,33.75,33.75,1139.0625,1
train,train/images/fog_patchy_fog_0185_GF1_WFV2.png,train/labels/fog_patchy_fog_0185_GF1_WFV2.txt,512,512,0,0,0.333984375,0.986328125,0.04296875,0.02734375,1.25,22,14,27.5,17.5,17.5,27.5,481.25,1.57142857143
train,train/images/fog_patchy_fog_0205_GF6_WFV_.png,train/labels/fog_patchy_fog_0205_GF6_WFV_.txt,512,512,0,0,0.43359375,0.8525390625,0.04296875,0.052734375,1.25,22,27,27.5,33.75,27.5,33.75,928.125,1.22727272727
train,train/images/fog_patchy_fog_0209_GF1_WFV4.png,train/labels/fog_patchy_fog_0209_GF1_WFV4.txt,512,512,0,0,0.390784982935,0.369430051813,0.0238907849829,0.0341968911917,1.25,12.2320819113,17.5088082902,15.2901023891,21.8860103627,15.2901023891,21.8860103627,334.639339334,1.43138415988
train,train/images/fog_patchy_fog_0211_GF1_WFV3.png,train/labels/fog_patchy_fog_0211_GF1_WFV3.txt,512,512,0,0,0.626953125,0.1298828125,0.0390625,0.033203125,1.25,20,17,25,21.25,21.25,25,531.25,1.17647058824
train,train/images/fog_patchy_fog_0218_GF6_WFV_.png,train/labels/fog_patchy_fog_0218_GF6_WFV_.txt,512,512,0,0,0.8740234375,0.8955078125,0.041015625,0.044921875,1.25,21,23,26.25,28.75,26.25,28.75,754.6875,1.09523809524
train,train/images/fog_patchy_fog_0223_GF6_WFV_.png,train/labels/fog_patchy_fog_0223_GF6_WFV_.txt,512,512,0,0,0.1591796875,0.4443359375,0.041015625,0.048828125,1.25,21,25,26.25,31.25,26.25,31.25,820.3125,1.19047619048
train,train/images/fog_patchy_fog_0227_GF6_WFV_.png,train/labels/fog_patchy_fog_0227_GF6_WFV_.txt,512,512,0,0,0.3916015625,0.947265625,0.041015625,0.046875,1.25,21,24,26.25,30,26.25,30,787.5,1.14285714286
train,train/images/fog_patchy_fog_0232_GF6_WFV_.png,train/labels/fog_patchy_fog_0232_GF6_WFV_.txt,512,512,0,0,0.2294921875,0.490234375,0.060546875,0.05078125,1.25,31,26,38.75,32.5,32.5,38.75,1259.375,1.19230769231
train,train/images/fog_patchy_fog_0233_GF1_WFV4.png,train/labels/fog_patchy_fog_0233_GF1_WFV4.txt,512,512,0,0,0.35546875,0.685546875,0.04296875,0.0390625,1.25,22,20,27.5,25,25,27.5,687.5,1.1
train,train/images/fog_patchy_fog_0233_GF1_WFV4.png,train/labels/fog_patchy_fog_0233_GF1_WFV4.txt,512,512,0,1,0.6357421875,0.708984375,0.052734375,0.05078125,1.25,27,26,33.75,32.5,32.5,33.75,1096.875,1.03846153846
train,train/images/fog_patchy_fog_0233_GF1_WFV4.png,train/labels/fog_patchy_fog_0233_GF1_WFV4.txt,512,512,0,2,0.9794921875,0.125,0.041015625,0.04296875,1.25,21,22,26.25,27.5,26.25,27.5,721.875,1.04761904762
train,train/images/fog_patchy_fog_0246_GF6_WFV_.png,train/labels/fog_patchy_fog_0246_GF6_WFV_.txt,512,512,0,0,0.4677734375,0.4931640625,0.029296875,0.041015625,1.25,15,21,18.75,26.25,18.75,26.25,492.1875,1.4
train,train/images/fog_patchy_fog_0246_GF6_WFV_.png,train/labels/fog_patchy_fog_0246_GF6_WFV_.txt,512,512,0,1,0.9228515625,0.888671875,0.029296875,0.0390625,1.25,15,20,18.75,25,18.75,25,468.75,1.33333333333
train,train/images/fog_patchy_fog_0246_GF6_WFV_.png,train/labels/fog_patchy_fog_0246_GF6_WFV_.txt,512,512,0,2,0.21875,0.24609375,0.0234375,0.02734375,1.25,12,14,15,17.5,15,17.5,262.5,1.16666666667
train,train/images/fog_patchy_fog_0246_GF6_WFV_.png,train/labels/fog_patchy_fog_0246_GF6_WFV_.txt,512,512,0,3,0.2578125,0.376953125,0.02734375,0.01953125,1.25,14,10,17.5,12.5,12.5,17.5,218.75,1.4
train,train/images/fog_patchy_fog_0250_GF1_WFV3.png,train/labels/fog_patchy_fog_0250_GF1_WFV3.txt,512,512,0,0,0.313139931741,0.90725388601,0.0341296928328,0.0321243523316,1.25,17.4744027304,16.4476683938,21.843003413,20.5595854922,20.5595854922,21.843003413,449.083096076,1.06242430915
train,train/images/fog_patchy_fog_0252_GF6_WFV_.png,train/labels/fog_patchy_fog_0252_GF6_WFV_.txt,512,512,0,0,0.8740234375,0.8828125,0.052734375,0.0390625,1.25,27,20,33.75,25,25,33.75,843.75,1.35
train,train/images/fog_patchy_fog_0261_GF1_WFV2.png,train/labels/fog_patchy_fog_0261_GF1_WFV2.txt,512,512,0,0,0.4453125,0.2314453125,0.046875,0.044921875,1.25,24,23,30,28.75,28.75,30,862.5,1.04347826087
train,train/images/fog_patchy_fog_0274_GF6_WFV_.png,train/labels/fog_patchy_fog_0274_GF6_WFV_.txt,512,512,0,0,0.6494140625,0.4130859375,0.037109375,0.037109375,1.25,19,19,23.75,23.75,23.75,23.75,564.0625,1
train,train/images/fog_patchy_fog_0274_GF6_WFV_.png,train/labels/fog_patchy_fog_0274_GF6_WFV_.txt,512,512,0,1,0.9130859375,0.2685546875,0.033203125,0.037109375,1.25,17,19,21.25,23.75,21.25,23.75,504.6875,1.11764705882
train,train/images/fog_patchy_fog_0293_GF6_WFV_.png,train/labels/fog_patchy_fog_0293_GF6_WFV_.txt,512,512,0,0,0.3525390625,0.1220703125,0.037109375,0.041015625,1.25,19,21,23.75,26.25,23.75,26.25,623.4375,1.10526315789
train,train/images/fog_patchy_fog_0298_GF1_WFV1.png,train/labels/fog_patchy_fog_0298_GF1_WFV1.txt,512,512,0,0,0.5751953125,0.359375,0.044921875,0.0390625,1.25,23,20,28.75,25,25,28.75,718.75,1.15
train,train/images/fog_patchy_fog_0298_GF1_WFV1.png,train/labels/fog_patchy_fog_0298_GF1_WFV1.txt,512,512,0,1,0.5478515625,0.7470703125,0.056640625,0.029296875,1.25,29,15,36.25,18.75,18.75,36.25,679.6875,1.93333333333
train,train/images/GF1_WFV1_E110.0_N17.9_20200703_L2A0004902374_11264_7680.png,train/labels/GF1_WFV1_E110.0_N17.9_20200703_L2A0004902374_11264_7680.txt,512,512,0,0,0.5712890625,0.94140625,0.064453125,0.0390625,1.25,33,20,41.25,25,25,41.25,1031.25,1.65
train,train/images/GF1_WFV1_E110.0_N17.9_20200703_L2A0004902374_11776_10240.png,train/labels/GF1_WFV1_E110.0_N17.9_20200703_L2A0004902374_11776_10240.txt,512,512,0,0,0.5166015625,0.9541015625,0.048828125,0.037109375,1.25,25,19,31.25,23.75,23.75,31.25,742.1875,1.31578947368
train,train/images/GF1_WFV1_E110.0_N17.9_20200703_L2A0004902374_11776_4608.png,train/labels/GF1_WFV1_E110.0_N17.9_20200703_L2A0004902374_11776_4608.txt,512,512,0,0,0.5244140625,0.3779296875,0.072265625,0.048828125,1.25,37,25,46.25,31.25,31.25,46.25,1445.3125,1.48
train,train/images/GF1_WFV1_E110.0_N17.9_20200703_L2A0004902374_12288_10240.png,train/labels/GF1_WFV1_E110.0_N17.9_20200703_L2A0004902374_12288_10240.txt,512,512,0,0,0.3046875,0.9521484375,0.0546875,0.029296875,1.25,28,15,35,18.75,18.75,35,656.25,1.86666666667
train,train/images/GF1_WFV1_E110.0_N17.9_20200703_L2A0004902374_1536_4608.png,train/labels/GF1_WFV1_E110.0_N17.9_20200703_L2A0004902374_1536_4608.txt,512,512,0,0,0.6171875,0.044921875,0.04296875,0.0390625,1.25,22,20,27.5,25,25,27.5,687.5,1.1
train,train/images/GF1_WFV1_E110.0_N17.9_20200703_L2A0004902374_8192_4096.png,train/labels/GF1_WFV1_E110.0_N17.9_20200703_L2A0004902374_8192_4096.txt,512,512,0,0,0.7138671875,0.048828125,0.041015625,0.03515625,1.25,21,18,26.25,22.5,22.5,26.25,590.625,1.16666666667
train,train/images/GF1_WFV1_E110.0_N17.9_20200703_L2A0004902374_8192_8704.png,train/labels/GF1_WFV1_E110.0_N17.9_20200703_L2A0004902374_8192_8704.txt,512,512,0,0,0.278154327424,0.793,0.0109489051095,0.022,1.25,5.60583941606,11.264,7.00729927007,14.08,7.00729927007,14.08,98.6627737226,2.00933333333
train,train/images/GF1_WFV1_E110.0_N17.9_20200703_L2A0004902374_8192_8704.png,train/labels/GF1_WFV1_E110.0_N17.9_20200703_L2A0004902374_8192_8704.txt,512,512,0,1,0.235922836288,0.8425,0.0109489051095,0.017,1.25,5.60583941606,8.704,7.00729927007,10.88,7.00729927007,10.88,76.2394160584,1.55266666667
train,train/images/GF1_WFV1_E110.0_N17.9_20200703_L2A0004902374_8704_7680.png,train/labels/GF1_WFV1_E110.0_N17.9_20200703_L2A0004902374_8704_7680.txt,512,512,0,0,0.66015625,0.96484375,0.046875,0.06640625,1.25,24,34,30,42.5,30,42.5,1275,1.41666666667
train,train/images/GF1_WFV1_E110.0_N17.9_20200703_L2A0004902374_8704_7680.png,train/labels/GF1_WFV1_E110.0_N17.9_20200703_L2A0004902374_8704_7680.txt,512,512,0,1,0.8212890625,0.5244140625,0.025390625,0.033203125,1.25,13,17,16.25,21.25,16.25,21.25,345.3125,1.30769230769
train,train/images/GF1_WFV1_E110.0_N17.9_20200703_L2A0004902374_9216_8192.png,train/labels/GF1_WFV1_E110.0_N17.9_20200703_L2A0004902374_9216_8192.txt,512,512,0,0,0.13671875,0.2431640625,0.046875,0.037109375,1.25,24,19,30,23.75,23.75,30,712.5,1.26315789474
train,train/images/GF1_WFV1_E110.3_N19.6_20200703_L2A0004902371_12800_2560.png,train/labels/GF1_WFV1_E110.3_N19.6_20200703_L2A0004902371_12800_2560.txt,512,512,0,0,0.3212890625,0.0478515625,0.037109375,0.025390625,1.25,19,13,23.75,16.25,16.25,23.75,385.9375,1.46153846154
train,train/images/GF1_WFV1_E110.3_N19.6_20200703_L2A0004902371_13360_2560.png,train/labels/GF1_WFV1_E110.3_N19.6_20200703_L2A0004902371_13360_2560.txt,512,512,0,0,0.77734375,0.1005859375,0.02734375,0.025390625,1.25,14,13,17.5,16.25,16.25,17.5,284.375,1.07692307692
train,train/images/GF1_WFV1_E110.3_N19.6_20200703_L2A0004902371_13872_2048.png,train/labels/GF1_WFV1_E110.3_N19.6_20200703_L2A0004902371_13872_2048.txt,512,512,0,0,0.470703125,0.806640625,0.02734375,0.0234375,1.25,14,12,17.5,15,15,17.5,262.5,1.16666666667
train,train/images/GF1_WFV1_E110.3_N19.6_20200703_L2A0004902371_13872_2048.png,train/labels/GF1_WFV1_E110.3_N19.6_20200703_L2A0004902371_13872_2048.txt,512,512,0,1,0.5771484375,0.6845703125,0.033203125,0.025390625,1.25,17,13,21.25,16.25,16.25,21.25,345.3125,1.30769230769
train,train/images/GF1_WFV1_E110.3_N19.6_20200703_L2A0004902371_13872_2048.png,train/labels/GF1_WFV1_E110.3_N19.6_20200703_L2A0004902371_13872_2048.txt,512,512,0,2,0.341796875,0.7666015625,0.0234375,0.021484375,1.25,12,11,15,13.75,13.75,15,206.25,1.09090909091
train,train/images/GF1_WFV1_E110.3_N19.6_20200703_L2A0004902371_13872_2048.png,train/labels/GF1_WFV1_E110.3_N19.6_20200703_L2A0004902371_13872_2048.txt,512,512,0,3,0.5478515625,0.7607421875,0.033203125,0.025390625,1.25,17,13,21.25,16.25,16.25,21.25,345.3125,1.30769230769
train,train/images/GF1_WFV1_E110.3_N19.6_20200703_L2A0004902371_13872_2048.png,train/labels/GF1_WFV1_E110.3_N19.6_20200703_L2A0004902371_13872_2048.txt,512,512,0,4,0.272610921502,0.816580310881,0.0162116040956,0.0186528497409,1.25,8.30034129693,9.55025906736,10.3754266212,11.9378238342,10.3754266212,11.9378238342,123.860015208,1.15058631034
train,train/images/GF1_WFV1_E110.3_N19.6_20200703_L2A0004902371_13872_2048.png,train/labels/GF1_WFV1_E110.3_N19.6_20200703_L2A0004902371_13872_2048.txt,512,512,0,5,0.647610921502,0.635751295337,0.0170648464164,0.0155440414508,1.25,8.73720136519,7.9585492228,10.9215017065,9.9481865285,9.9481865285,10.9215017065,108.649136147,1.09783845279
train,train/images/GF1_WFV1_E110.3_N19.6_20200703_L2A0004902371_2048_4608.png,train/labels/GF1_WFV1_E110.3_N19.6_20200703_L2A0004902371_2048_4608.txt,512,512,0,0,0.7265625,0.81640625,0.0234375,0.02734375,1.25,12,14,15,17.5,15,17.5,262.5,1.16666666667
train,train/images/GF1_WFV1_E110.3_N19.6_20200703_L2A0004902371_2560_1536.png,train/labels/GF1_WFV1_E110.3_N19.6_20200703_L2A0004902371_2560_1536.txt,512,512,0,0,0.091796875,0.3701171875,0.04296875,0.048828125,1.25,22,25,27.5,31.25,27.5,31.25,859.375,1.13636363636
train,train/images/GF1_WFV1_E110.3_N19.6_20200703_L2A0004902371_2560_4096.png,train/labels/GF1_WFV1_E110.3_N19.6_20200703_L2A0004902371_2560_4096.txt,512,512,0,0,0.380859375,0.1416015625,0.05078125,0.029296875,1.25,26,15,32.5,18.75,18.75,32.5,609.375,1.73333333333
train,train/images/GF1_WFV1_E110.3_N19.6_20200703_L2A0004902371_2560_4096.png,train/labels/GF1_WFV1_E110.3_N19.6_20200703_L2A0004902371_2560_4096.txt,512,512,0,1,0.0126953125,0.453125,0.025390625,0.0234375,1.25,13,12,16.25,15,15,16.25,243.75,1.08333333333
train,train/images/GF1_WFV1_E110.3_N19.6_20200703_L2A0004902371_4096_512.png,train/labels/GF1_WFV1_E110.3_N19.6_20200703_L2A0004902371_4096_512.txt,512,512,0,0,0.58984375,0.427734375,0.0390625,0.0234375,1.25,20,12,25,15,15,25,375,1.66666666667
train,train/images/GF1_WFV1_E110.3_N19.6_20200703_L2A0004902371_4096_512.png,train/labels/GF1_WFV1_E110.3_N19.6_20200703_L2A0004902371_4096_512.txt,512,512,0,1,0.6513671875,0.4501953125,0.041015625,0.029296875,1.25,21,15,26.25,18.75,18.75,26.25,492.1875,1.4
train,train/images/GF1_WFV1_E110.3_N19.6_20200703_L2A0004902371_6144_3584.png,train/labels/GF1_WFV1_E110.3_N19.6_20200703_L2A0004902371_6144_3584.txt,512,512,0,0,0.423828125,0.7451171875,0.04296875,0.048828125,1.25,22,25,27.5,31.25,27.5,31.25,859.375,1.13636363636
train,train/images/GF1_WFV1_E110.3_N19.6_20200703_L2A0004902371_6144_3584.png,train/labels/GF1_WFV1_E110.3_N19.6_20200703_L2A0004902371_6144_3584.txt,512,512,0,1,0.46875,0.251953125,0.03125,0.04296875,1.25,16,22,20,27.5,20,27.5,550,1.375
train,train/images/GF1_WFV1_E110.3_N19.6_20200703_L2A0004902371_6656_2560.png,train/labels/GF1_WFV1_E110.3_N19.6_20200703_L2A0004902371_6656_2560.txt,512,512,0,0,0.93359375,0.5703125,0.02734375,0.01953125,1.25,14,10,17.5,12.5,12.5,17.5,218.75,1.4
train,train/images/GF1_WFV1_E110.3_N19.6_20200703_L2A0004902371_6656_2560.png,train/labels/GF1_WFV1_E110.3_N19.6_20200703_L2A0004902371_6656_2560.txt,512,512,0,1,0.8671875,0.6142578125,0.0234375,0.017578125,1.25,12,9,15,11.25,11.25,15,168.75,1.33333333333
train,train/images/GF1_WFV1_E110.3_N19.6_20200703_L2A0004902371_6656_2560.png,train/labels/GF1_WFV1_E110.3_N19.6_20200703_L2A0004902371_6656_2560.txt,512,512,0,2,0.857421875,0.681640625,0.02734375,0.015625,1.25,14,8,17.5,10,10,17.5,175,1.75
train,train/images/GF1_WFV1_E110.3_N19.6_20200703_L2A0004902371_6656_2560.png,train/labels/GF1_WFV1_E110.3_N19.6_20200703_L2A0004902371_6656_2560.txt,512,512,0,3,0.7236328125,0.6572265625,0.029296875,0.037109375,1.25,15,19,18.75,23.75,18.75,23.75,445.3125,1.26666666667
train,train/images/GF1_WFV1_E110.3_N19.6_20200703_L2A0004902371_6656_2560.png,train/labels/GF1_WFV1_E110.3_N19.6_20200703_L2A0004902371_6656_2560.txt,512,512,0,4,0.6708984375,0.8603515625,0.025390625,0.041015625,1.25,13,21,16.25,26.25,16.25,26.25,426.5625,1.61538461538
train,train/images/GF1_WFV1_E110.3_N19.6_20200703_L2A0004902371_6656_3584.png,train/labels/GF1_WFV1_E110.3_N19.6_20200703_L2A0004902371_6656_3584.txt,512,512,0,0,0.80078125,0.6552734375,0.0546875,0.029296875,1.25,28,15,35,18.75,18.75,35,656.25,1.86666666667
train,train/images/GF1_WFV1_E110.3_N19.6_20200703_L2A0004902371_7680_3072.png,train/labels/GF1_WFV1_E110.3_N19.6_20200703_L2A0004902371_7680_3072.txt,512,512,0,0,0.2880859375,0.0908203125,0.060546875,0.033203125,1.25,31,17,38.75,21.25,21.25,38.75,823.4375,1.82352941176
train,train/images/GF1_WFV1_E110.3_N19.6_20200703_L2A0004902371_8192_2560.png,train/labels/GF1_WFV1_E110.3_N19.6_20200703_L2A0004902371_8192_2560.txt,512,512,0,0,0.4189453125,0.8818359375,0.041015625,0.025390625,1.25,21,13,26.25,16.25,16.25,26.25,426.5625,1.61538461538
train,train/images/GF1_WFV1_E110.3_N19.6_20200703_L2A0004902371_8192_2560.png,train/labels/GF1_WFV1_E110.3_N19.6_20200703_L2A0004902371_8192_2560.txt,512,512,0,1,0.75390625,0.966796875,0.0546875,0.0390625,1.25,28,20,35,25,25,35,875,1.4
train,train/images/GF1_WFV1_E120.0_N36.3_20200423_L2A0004760887_10240_10752.png,train/labels/GF1_WFV1_E120.0_N36.3_20200423_L2A0004760887_10240_10752.txt,512,512,0,0,0.37109375,0.3408203125,0.0546875,0.048828125,1.25,28,25,35,31.25,31.25,35,1093.75,1.12
train,train/images/GF1_WFV1_E120.0_N36.3_20200423_L2A0004760887_10240_10752.png,train/labels/GF1_WFV1_E120.0_N36.3_20200423_L2A0004760887_10240_10752.txt,512,512,0,1,0.8251953125,0.36328125,0.037109375,0.03125,1.25,19,16,23.75,20,20,23.75,475,1.1875
train,train/images/GF1_WFV1_E120.0_N36.3_20200423_L2A0004760887_10240_11264.png,train/labels/GF1_WFV1_E120.0_N36.3_20200423_L2A0004760887_10240_11264.txt,512,512,0,0,0.5654296875,0.689453125,0.037109375,0.03515625,1.25,19,18,23.75,22.5,22.5,23.75,534.375,1.05555555556
train,train/images/GF1_WFV1_E120.0_N36.3_20200423_L2A0004760887_10240_11264.png,train/labels/GF1_WFV1_E120.0_N36.3_20200423_L2A0004760887_10240_11264.txt,512,512,0,1,0.4609375,0.78515625,0.0390625,0.0390625,1.25,20,20,25,25,25,25,625,1
train,train/images/GF1_WFV1_E120.0_N36.3_20200423_L2A0004760887_10240_11264.png,train/labels/GF1_WFV1_E120.0_N36.3_20200423_L2A0004760887_10240_11264.txt,512,512,0,2,0.752986348123,0.0253886010363,0.0179180887372,0.019689119171,1.25,9.17406143345,10.0808290155,11.4675767918,12.6010362694,11.4675767918,12.6010362694,144.503351076,1.09884036516
train,train/images/GF1_WFV1_E120.0_N36.3_20200423_L2A0004760887_10240_12288.png,train/labels/GF1_WFV1_E120.0_N36.3_20200423_L2A0004760887_10240_12288.txt,512,512,0,0,0.671875,0.447265625,0.03125,0.03125,1.25,16,16,20,20,20,20,400,1
train,train/images/GF1_WFV1_E120.0_N36.3_20200423_L2A0004760887_10240_12288.png,train/labels/GF1_WFV1_E120.0_N36.3_20200423_L2A0004760887_10240_12288.txt,512,512,0,1,0.6953125,0.435546875,0.03125,0.03125,1.25,16,16,20,20,20,20,400,1
train,train/images/GF1_WFV1_E120.0_N36.3_20200423_L2A0004760887_10240_12288.png,train/labels/GF1_WFV1_E120.0_N36.3_20200423_L2A0004760887_10240_12288.txt,512,512,0,2,0.8125,0.40625,0.02734375,0.03515625,1.25,14,18,17.5,22.5,17.5,22.5,393.75,1.28571428571
train,train/images/GF1_WFV1_E120.0_N36.3_20200423_L2A0004760887_10240_12288.png,train/labels/GF1_WFV1_E120.0_N36.3_20200423_L2A0004760887_10240_12288.txt,512,512,0,3,0.841796875,0.40234375,0.03125,0.03515625,1.25,16,18,20,22.5,20,22.5,450,1.125
train,train/images/GF1_WFV1_E120.0_N36.3_20200423_L2A0004760887_10240_12800.png,train/labels/GF1_WFV1_E120.0_N36.3_20200423_L2A0004760887_10240_12800.txt,512,512,0,0,0.6083984375,0.896484375,0.033203125,0.05078125,1.25,17,26,21.25,32.5,21.25,32.5,690.625,1.52941176471
train,train/images/GF1_WFV1_E120.0_N36.3_20200423_L2A0004760887_10240_12800.png,train/labels/GF1_WFV1_E120.0_N36.3_20200423_L2A0004760887_10240_12800.txt,512,512,0,1,0.9306640625,0.044921875,0.029296875,0.03515625,1.25,15,18,18.75,22.5,18.75,22.5,421.875,1.2
train,train/images/GF1_WFV1_E120.0_N36.3_20200423_L2A0004760887_10240_12800.png,train/labels/GF1_WFV1_E120.0_N36.3_20200423_L2A0004760887_10240_12800.txt,512,512,0,2,0.9482421875,0.0693359375,0.037109375,0.033203125,1.25,19,17,23.75,21.25,21.25,23.75,504.6875,1.11764705882
train,train/images/GF1_WFV1_E120.0_N36.3_20200423_L2A0004760887_10240_12800.png,train/labels/GF1_WFV1_E120.0_N36.3_20200423_L2A0004760887_10240_12800.txt,512,512,0,3,0.8662109375,0.69140625,0.029296875,0.03125,1.25,15,16,18.75,20,18.75,20,375,1.06666666667
train,train/images/GF1_WFV1_E120.0_N36.3_20200423_L2A0004760887_10240_12800.png,train/labels/GF1_WFV1_E120.0_N36.3_20200423_L2A0004760887_10240_12800.txt,512,512,0,4,0.89453125,0.6875,0.03515625,0.0390625,1.25,18,20,22.5,25,22.5,25,562.5,1.11111111111
train,train/images/GF1_WFV1_E120.0_N36.3_20200423_L2A0004760887_10240_12800.png,train/labels/GF1_WFV1_E120.0_N36.3_20200423_L2A0004760887_10240_12800.txt,512,512,0,5,0.4150390625,0.90234375,0.033203125,0.03125,1.25,17,16,21.25,20,20,21.25,425,1.0625
train,train/images/GF1_WFV1_E120.0_N36.3_20200423_L2A0004760887_10240_12800.png,train/labels/GF1_WFV1_E120.0_N36.3_20200423_L2A0004760887_10240_12800.txt,512,512,0,6,0.4228515625,0.9287109375,0.048828125,0.029296875,1.25,25,15,31.25,18.75,18.75,31.25,585.9375,1.66666666667
train,train/images/GF1_WFV1_E120.0_N36.3_20200423_L2A0004760887_10240_12800.png,train/labels/GF1_WFV1_E120.0_N36.3_20200423_L2A0004760887_10240_12800.txt,512,512,0,7,0.09765625,0.8193359375,0.03125,0.025390625,1.25,16,13,20,16.25,16.25,20,325,1.23076923077
train,train/images/GF1_WFV1_E120.0_N36.3_20200423_L2A0004760887_10240_12800.png,train/labels/GF1_WFV1_E120.0_N36.3_20200423_L2A0004760887_10240_12800.txt,512,512,0,8,0.1103515625,0.8017578125,0.029296875,0.029296875,1.25,15,15,18.75,18.75,18.75,18.75,351.5625,1
train,train/images/GF1_WFV1_E120.0_N36.3_20200423_L2A0004760887_10240_12800.png,train/labels/GF1_WFV1_E120.0_N36.3_20200423_L2A0004760887_10240_12800.txt,512,512,0,9,0.0283203125,0.5927734375,0.041015625,0.033203125,1.25,21,17,26.25,21.25,21.25,26.25,557.8125,1.23529411765
train,train/images/GF1_WFV1_E120.0_N36.3_20200423_L2A0004760887_10240_12800.png,train/labels/GF1_WFV1_E120.0_N36.3_20200423_L2A0004760887_10240_12800.txt,512,512,0,10,0.46843003413,0.920207253886,0.0204778156997,0.0186528497409,1.25,10.4846416382,9.55025906736,13.1058020478,11.9378238342,11.9378238342,13.1058020478,156.454756052,1.09783845279
train,train/images/GF1_WFV1_E120.0_N36.3_20200423_L2A0004760887_10240_13312.png,train/labels/GF1_WFV1_E120.0_N36.3_20200423_L2A0004760887_10240_13312.txt,512,512,0,0,0.0558873720137,0.456476683938,0.0179180887372,0.019689119171,1.25,9.17406143345,10.0808290155,11.4675767918,12.6010362694,11.4675767918,12.6010362694,144.503351076,1.09884036516
train,train/images/GF1_WFV1_E120.0_N36.3_20200423_L2A0004760887_10240_13312.png,train/labels/GF1_WFV1_E120.0_N36.3_20200423_L2A0004760887_10240_13312.txt,512,512,0,1,0.0682593856655,0.438860103627,0.018771331058,0.019689119171,1.25,9.61092150171,10.0808290155,12.0136518771,12.6010362694,12.0136518771,12.6010362694,151.384463032,1.04889307584
train,train/images/GF1_WFV1_E120.0_N36.3_20200423_L2A0004760887_10240_13824.png,train/labels/GF1_WFV1_E120.0_N36.3_20200423_L2A0004760887_10240_13824.txt,512,512,0,0,0.244140625,0.6845703125,0.04296875,0.033203125,1.25,22,17,27.5,21.25,21.25,27.5,584.375,1.29411764706
train,train/images/GF1_WFV1_E120.0_N36.3_20200423_L2A0004760887_10752_10240.png,train/labels/GF1_WFV1_E120.0_N36.3_20200423_L2A0004760887_10752_10240.txt,512,512,0,0,0.83203125,0.4306640625,0.04296875,0.033203125,1.25,22,17,27.5,21.25,21.25,27.5,584.375,1.29411764706
train,train/images/GF1_WFV1_E120.0_N36.3_20200423_L2A0004760887_10752_10240.png,train/labels/GF1_WFV1_E120.0_N36.3_20200423_L2A0004760887_10752_10240.txt,512,512,0,1,0.3173828125,0.455078125,0.044921875,0.03515625,1.25,23,18,28.75,22.5,22.5,28.75,646.875,1.27777777778
train,train/images/GF1_WFV1_E120.0_N36.3_20200423_L2A0004760887_10752_10240.png,train/labels/GF1_WFV1_E120.0_N36.3_20200423_L2A0004760887_10752_10240.txt,512,512,0,2,0.69921875,0.7099609375,0.03515625,0.029296875,1.25,18,15,22.5,18.75,18.75,22.5,421.875,1.2
train,train/images/GF1_WFV1_E120.0_N36.3_20200423_L2A0004760887_10752_10240.png,train/labels/GF1_WFV1_E120.0_N36.3_20200423_L2A0004760887_10752_10240.txt,512,512,0,3,0.232421875,0.494140625,0.03125,0.02734375,1.25,16,14,20,17.5,17.5,20,350,1.14285714286
train,train/images/GF1_WFV1_E120.0_N36.3_20200423_L2A0004760887_10752_12288.png,train/labels/GF1_WFV1_E120.0_N36.3_20200423_L2A0004760887_10752_12288.txt,512,512,0,0,0.0859375,0.328125,0.0234375,0.02734375,1.25,12,14,15,17.5,15,17.5,262.5,1.16666666667
train,train/images/GF1_WFV1_E120.0_N36.3_20200423_L2A0004760887_10752_12288.png,train/labels/GF1_WFV1_E120.0_N36.3_20200423_L2A0004760887_10752_12288.txt,512,512,0,1,0.0625,0.3359375,0.0390625,0.02734375,1.25,20,14,25,17.5,17.5,25,437.5,1.42857142857
train,train/images/GF1_WFV1_E120.0_N36.3_20200423_L2A0004760887_10752_12800.png,train/labels/GF1_WFV1_E120.0_N36.3_20200423_L2A0004760887_10752_12800.txt,512,512,0,0,0.6826171875,0.4892578125,0.048828125,0.052734375,1.25,25,27,31.25,33.75,31.25,33.75,1054.6875,1.08
train,train/images/GF1_WFV1_E120.0_N36.3_20200423_L2A0004760887_10752_12800.png,train/labels/GF1_WFV1_E120.0_N36.3_20200423_L2A0004760887_10752_12800.txt,512,512,0,1,0.78125,0.9833984375,0.03515625,0.029296875,1.25,18,15,22.5,18.75,18.75,22.5,421.875,1.2
train,train/images/GF1_WFV1_E120.0_N36.3_20200423_L2A0004760887_10752_12800.png,train/labels/GF1_WFV1_E120.0_N36.3_20200423_L2A0004760887_10752_12800.txt,512,512,0,2,0.048828125,0.51953125,0.02734375,0.0390625,1.25,14,20,17.5,25,17.5,25,437.5,1.42857142857
train,train/images/GF1_WFV1_E120.0_N36.3_20200423_L2A0004760887_10752_12800.png,train/labels/GF1_WFV1_E120.0_N36.3_20200423_L2A0004760887_10752_12800.txt,512,512,0,3,0.072265625,0.521484375,0.02734375,0.03515625,1.25,14,18,17.5,22.5,17.5,22.5,393.75,1.28571428571
train,train/images/GF1_WFV1_E120.0_N36.3_20200423_L2A0004760887_10752_12800.png,train/labels/GF1_WFV1_E120.0_N36.3_20200423_L2A0004760887_10752_12800.txt,512,512,0,4,0.044921875,0.748046875,0.03125,0.03515625,1.25,16,18,20,22.5,20,22.5,450,1.125
train,train/images/GF1_WFV1_E120.0_N36.3_20200423_L2A0004760887_10752_12800.png,train/labels/GF1_WFV1_E120.0_N36.3_20200423_L2A0004760887_10752_12800.txt,512,512,0,5,0.0712890625,0.740234375,0.037109375,0.03125,1.25,19,16,23.75,20,20,23.75,475,1.1875
train,train/images/GF1_WFV1_E120.0_N36.3_20200423_L2A0004760887_10752_12800.png,train/labels/GF1_WFV1_E120.0_N36.3_20200423_L2A0004760887_10752_12800.txt,512,512,0,6,0.2607421875,0.2607421875,0.037109375,0.025390625,1.25,19,13,23.75,16.25,16.25,23.75,385.9375,1.46153846154
train,train/images/GF1_WFV1_E120.0_N36.3_20200423_L2A0004760887_10752_12800.png,train/labels/GF1_WFV1_E120.0_N36.3_20200423_L2A0004760887_10752_12800.txt,512,512,0,7,0.259765625,0.2900390625,0.03515625,0.029296875,1.25,18,15,22.5,18.75,18.75,22.5,421.875,1.2
train,train/images/GF1_WFV1_E120.0_N36.3_20200423_L2A0004760887_10752_12800.png,train/labels/GF1_WFV1_E120.0_N36.3_20200423_L2A0004760887_10752_12800.txt,512,512,0,8,0.0439453125,0.123046875,0.033203125,0.03125,1.25,17,16,21.25,20,20,21.25,425,1.0625
train,train/images/GF1_WFV1_E120.0_N36.3_20200423_L2A0004760887_10752_12800.png,train/labels/GF1_WFV1_E120.0_N36.3_20200423_L2A0004760887_10752_12800.txt,512,512,0,9,0.091796875,0.130859375,0.03515625,0.01953125,1.25,18,10,22.5,12.5,12.5,22.5,281.25,1.8
train,train/images/GF1_WFV1_E120.0_N36.3_20200423_L2A0004760887_10752_12800.png,train/labels/GF1_WFV1_E120.0_N36.3_20200423_L2A0004760887_10752_12800.txt,512,512,0,10,0.1357421875,0.1708984375,0.041015625,0.025390625,1.25,21,13,26.25,16.25,16.25,26.25,426.5625,1.61538461538
train,train/images/GF1_WFV1_E120.0_N36.3_20200423_L2A0004760887_10752_12800.png,train/labels/GF1_WFV1_E120.0_N36.3_20200423_L2A0004760887_10752_12800.txt,512,512,0,11,0.0859375,0.1611328125,0.0390625,0.017578125,1.25,20,9,25,11.25,11.25,25,281.25,2.22222222222
train,train/images/GF1_WFV1_E120.0_N36.3_20200423_L2A0004760887_10752_12800.png,train/labels/GF1_WFV1_E120.0_N36.3_20200423_L2A0004760887_10752_12800.txt,512,512,0,12,0.087890625,0.1923828125,0.0390625,0.025390625,1.25,20,13,25,16.25,16.25,25,406.25,1.53846153846
train,train/images/GF1_WFV1_E120.0_N36.3_20200423_L2A0004760887_10752_12800.png,train/labels/GF1_WFV1_E120.0_N36.3_20200423_L2A0004760887_10752_12800.txt,512,512,0,13,0.048828125,0.146484375,0.03515625,0.03125,1.25,18,16,22.5,20,20,22.5,450,1.125
train,train/images/GF1_WFV1_E120.0_N36.3_20200423_L2A0004760887_10752_12800.png,train/labels/GF1_WFV1_E120.0_N36.3_20200423_L2A0004760887_10752_12800.txt,512,512,0,14,0.3125,0.2705078125,0.0390625,0.025390625,1.25,20,13,25,16.25,16.25,25,406.25,1.53846153846
train,train/images/GF1_WFV1_E120.0_N36.3_20200423_L2A0004760887_10752_13312.png,train/labels/GF1_WFV1_E120.0_N36.3_20200423_L2A0004760887_10752_13312.txt,512,512,0,0,0.8125,0.0361328125,0.03515625,0.052734375,1.25,18,27,22.5,33.75,22.5,33.75,759.375,1.5
train,train/images/GF1_WFV1_E120.0_N36.3_20200423_L2A0004760887_10752_13312.png,train/labels/GF1_WFV1_E120.0_N36.3_20200423_L2A0004760887_10752_13312.txt,512,512,0,1,0.427734375,0.8818359375,0.03515625,0.037109375,1.25,18,19,22.5,23.75,22.5,23.75,534.375,1.05555555556
train,train/images/GF1_WFV1_E120.0_N36.3_20200423_L2A0004760887_11264_10240.png,train/labels/GF1_WFV1_E120.0_N36.3_20200423_L2A0004760887_11264_10240.txt,512,512,0,0,0.408203125,0.876953125,0.0625,0.03515625,1.25,32,18,40,22.5,22.5,40,900,1.77777777778
train,train/images/GF1_WFV1_E120.0_N36.3_20200423_L2A0004760887_11264_10240.png,train/labels/GF1_WFV1_E120.0_N36.3_20200423_L2A0004760887_11264_10240.txt,512,512,0,1,0.6640625,0.8759765625,0.0625,0.033203125,1.25,32,17,40,21.25,21.25,40,850,1.88235294118
train,train/images/GF1_WFV1_E120.0_N36.3_20200423_L2A0004760887_11264_13312.png,train/labels/GF1_WFV1_E120.0_N36.3_20200423_L2A0004760887_11264_13312.txt,512,512,0,0,0.298828125,0.7568359375,0.03515625,0.025390625,1.25,18,13,22.5,16.25,16.25,22.5,365.625,1.38461538462
train,train/images/GF1_WFV1_E120.0_N36.3_20200423_L2A0004760887_11264_9728.png,train/labels/GF1_WFV1_E120.0_N36.3_20200423_L2A0004760887_11264_9728.txt,512,512,0,0,0.9501953125,0.1640625,0.083984375,0.0390625,1.25,43,20,53.75,25,25,53.75,1343.75,2.15
train,train/images/GF1_WFV1_E120.0_N36.3_20200423_L2A0004760887_11264_9728.png,train/labels/GF1_WFV1_E120.0_N36.3_20200423_L2A0004760887_11264_9728.txt,512,512,0,1,0.8017578125,0.552734375,0.052734375,0.04296875,1.25,27,22,33.75,27.5,27.5,33.75,928.125,1.22727272727
train,train/images/GF1_WFV1_E120.0_N36.3_20200423_L2A0004760887_11264_9728.png,train/labels/GF1_WFV1_E120.0_N36.3_20200423_L2A0004760887_11264_9728.txt,512,512,0,2,0.01953125,0.8017578125,0.0390625,0.029296875,1.25,20,15,25,18.75,18.75,25,468.75,1.33333333333
train,train/images/GF1_WFV1_E120.0_N36.3_20200423_L2A0004760887_11264_9728.png,train/labels/GF1_WFV1_E120.0_N36.3_20200423_L2A0004760887_11264_9728.txt,512,512,0,3,0.0732421875,0.66796875,0.033203125,0.02734375,1.25,17,14,21.25,17.5,17.5,21.25,371.875,1.21428571429
train,train/images/GF1_WFV1_E120.0_N36.3_20200423_L2A0004760887_11264_9728.png,train/labels/GF1_WFV1_E120.0_N36.3_20200423_L2A0004760887_11264_9728.txt,512,512,0,4,0.1572265625,0.57421875,0.033203125,0.02734375,1.25,17,14,21.25,17.5,17.5,21.25,371.875,1.21428571429
train,train/images/GF1_WFV1_E120.0_N36.3_20200423_L2A0004760887_11264_9728.png,train/labels/GF1_WFV1_E120.0_N36.3_20200423_L2A0004760887_11264_9728.txt,512,512,0,5,0.02734375,0.564453125,0.0390625,0.03125,1.25,20,16,25,20,20,25,500,1.25
train,train/images/GF1_WFV1_E120.0_N36.3_20200423_L2A0004760887_11264_9728.png,train/labels/GF1_WFV1_E120.0_N36.3_20200423_L2A0004760887_11264_9728.txt,512,512,0,6,0.9453125,0.322265625,0.02734375,0.03515625,1.25,14,18,17.5,22.5,17.5,22.5,393.75,1.28571428571
train,train/images/GF1_WFV1_E120.0_N36.3_20200423_L2A0004760887_11264_9728.png,train/labels/GF1_WFV1_E120.0_N36.3_20200423_L2A0004760887_11264_9728.txt,512,512,0,7,0.634765625,0.60546875,0.0390625,0.02734375,1.25,20,14,25,17.5,17.5,25,437.5,1.42857142857
train,train/images/GF1_WFV1_E120.0_N36.3_20200423_L2A0004760887_12288_9216.png,train/labels/GF1_WFV1_E120.0_N36.3_20200423_L2A0004760887_12288_9216.txt,512,512,0,0,0.7978515625,0.4638671875,0.033203125,0.033203125,1.25,17,17,21.25,21.25,21.25,21.25,451.5625,1
train,train/images/GF1_WFV1_E120.0_N36.3_20200423_L2A0004760887_12288_9216.png,train/labels/GF1_WFV1_E120.0_N36.3_20200423_L2A0004760887_12288_9216.txt,512,512,0,1,0.6904296875,0.666015625,0.037109375,0.02734375,1.25,19,14,23.75,17.5,17.5,23.75,415.625,1.35714285714
train,train/images/GF1_WFV1_E120.0_N36.3_20200423_L2A0004760887_12288_9216.png,train/labels/GF1_WFV1_E120.0_N36.3_20200423_L2A0004760887_12288_9216.txt,512,512,0,2,0.837890625,0.77734375,0.0546875,0.0390625,1.25,28,20,35,25,25,35,875,1.4
train,train/images/GF1_WFV1_E120.0_N36.3_20200423_L2A0004760887_12288_9216.png,train/labels/GF1_WFV1_E120.0_N36.3_20200423_L2A0004760887_12288_9216.txt,512,512,0,3,0.248046875,0.115234375,0.0546875,0.0390625,1.25,28,20,35,25,25,35,875,1.4
train,train/images/GF1_WFV1_E120.0_N36.3_20200423_L2A0004760887_12288_9728.png,train/labels/GF1_WFV1_E120.0_N36.3_20200423_L2A0004760887_12288_9728.txt,512,512,0,0,0.412109375,0.4404296875,0.0703125,0.041015625,1.25,36,21,45,26.25,26.25,45,1181.25,1.71428571429
train,train/images/GF1_WFV1_E120.0_N36.3_20200423_L2A0004760887_12288_9728.png,train/labels/GF1_WFV1_E120.0_N36.3_20200423_L2A0004760887_12288_9728.txt,512,512,0,1,0.5048828125,0.4482421875,0.068359375,0.041015625,1.25,35,21,43.75,26.25,26.25,43.75,1148.4375,1.66666666667
train,train/images/GF1_WFV1_E120.0_N36.3_20200423_L2A0004760887_12800_12288.png,train/labels/GF1_WFV1_E120.0_N36.3_20200423_L2A0004760887_12800_12288.txt,512,512,0,0,0.30859375,0.76171875,0.03125,0.0234375,1.25,16,12,20,15,15,20,300,1.33333333333
train,train/images/GF1_WFV1_E120.0_N36.3_20200423_L2A0004760887_12800_12288.png,train/labels/GF1_WFV1_E120.0_N36.3_20200423_L2A0004760887_12800_12288.txt,512,512,0,1,0.3095703125,0.7900390625,0.029296875,0.029296875,1.25,15,15,18.75,18.75,18.75,18.75,351.5625,1
train,train/images/GF1_WFV1_E120.0_N36.3_20200423_L2A0004760887_12800_8192.png,train/labels/GF1_WFV1_E120.0_N36.3_20200423_L2A0004760887_12800_8192.txt,512,512,0,0,0.849609375,0.9765625,0.03125,0.0390625,1.25,16,20,20,25,20,25,500,1.25
train,train/images/GF1_WFV1_E120.0_N36.3_20200423_L2A0004760887_12800_8192.png,train/labels/GF1_WFV1_E120.0_N36.3_20200423_L2A0004760887_12800_8192.txt,512,512,0,1,0.620307167235,0.211398963731,0.0204778156997,0.020725388601,1.25,10.4846416382,10.6113989637,13.1058020478,13.2642487047,13.1058020478,13.2642487047,173.838617836,1.01208981002
train,train/images/GF1_WFV1_E120.0_N36.3_20200423_L2A0004760887_12800_8192.png,train/labels/GF1_WFV1_E120.0_N36.3_20200423_L2A0004760887_12800_8192.txt,512,512,0,2,0.259812286689,0.143005181347,0.0162116040956,0.0227979274611,1.25,8.30034129693,11.6725388601,10.3754266212,14.5906735751,10.3754266212,14.5906735751,151.384463032,1.40627215708
train,train/images/GF1_WFV1_E120.0_N36.3_20200423_L2A0004760887_12800_8704.png,train/labels/GF1_WFV1_E120.0_N36.3_20200423_L2A0004760887_12800_8704.txt,512,512,0,0,0.798828125,0.5146484375,0.046875,0.033203125,1.25,24,17,30,21.25,21.25,30,637.5,1.41176470588
train,train/images/GF1_WFV1_E120.0_N36.3_20200423_L2A0004760887_12800_8704.png,train/labels/GF1_WFV1_E120.0_N36.3_20200423_L2A0004760887_12800_8704.txt,512,512,0,1,0.388671875,0.650390625,0.046875,0.03515625,1.25,24,18,30,22.5,22.5,30,675,1.33333333333
train,train/images/GF1_WFV1_E120.0_N36.3_20200423_L2A0004760887_13312_10752.png,train/labels/GF1_WFV1_E120.0_N36.3_20200423_L2A0004760887_13312_10752.txt,512,512,0,0,0.9873046875,0.9755859375,0.025390625,0.044921875,1.25,13,23,16.25,28.75,16.25,28.75,467.1875,1.76923076923
train,train/images/GF1_WFV1_E120.0_N36.3_20200423_L2A0004760887_13312_8704.png,train/labels/GF1_WFV1_E120.0_N36.3_20200423_L2A0004760887_13312_8704.txt,512,512,0,0,0.7705078125,0.5087890625,0.037109375,0.029296875,1.25,19,15,23.75,18.75,18.75,23.75,445.3125,1.26666666667
train,train/images/GF1_WFV1_E120.0_N36.3_20200423_L2A0004760887_13824_10240.png,train/labels/GF1_WFV1_E120.0_N36.3_20200423_L2A0004760887_13824_10240.txt,512,512,0,0,0.6982421875,0.92578125,0.048828125,0.02734375,1.25,25,14,31.25,17.5,17.5,31.25,546.875,1.78571428571
train,train/images/GF1_WFV1_E120.0_N36.3_20200423_L2A0004760887_13824_10240.png,train/labels/GF1_WFV1_E120.0_N36.3_20200423_L2A0004760887_13824_10240.txt,512,512,0,1,0.970703125,0.7890625,0.0546875,0.03125,1.25,28,16,35,20,20,35,700,1.75
train,train/images/GF1_WFV1_E120.0_N36.3_20200423_L2A0004760887_13824_10240.png,train/labels/GF1_WFV1_E120.0_N36.3_20200423_L2A0004760887_13824_10240.txt,512,512,0,2,0.4609375,0.953125,0.046875,0.03515625,1.25,24,18,30,22.5,22.5,30,675,1.33333333333
train,train/images/GF1_WFV1_E120.0_N36.3_20200423_L2A0004760887_13824_10240.png,train/labels/GF1_WFV1_E120.0_N36.3_20200423_L2A0004760887_13824_10240.txt,512,512,0,3,0.021484375,0.6884765625,0.03125,0.041015625,1.25,16,21,20,26.25,20,26.25,525,1.3125
train,train/images/GF1_WFV1_E120.0_N36.3_20200423_L2A0004760887_13824_10752.png,train/labels/GF1_WFV1_E120.0_N36.3_20200423_L2A0004760887_13824_10752.txt,512,512,0,0,0.3740234375,0.1494140625,0.064453125,0.037109375,1.25,33,19,41.25,23.75,23.75,41.25,979.6875,1.73684210526
train,train/images/GF1_WFV1_E120.0_N36.3_20200423_L2A0004760887_13824_10752.png,train/labels/GF1_WFV1_E120.0_N36.3_20200423_L2A0004760887_13824_10752.txt,512,512,0,1,0.66015625,0.697265625,0.0625,0.0390625,1.25,32,20,40,25,25,40,1000,1.6
train,train/images/GF1_WFV1_E120.0_N36.3_20200423_L2A0004760887_13824_14184.png,train/labels/GF1_WFV1_E120.0_N36.3_20200423_L2A0004760887_13824_14184.txt,512,512,0,0,0.6455078125,0.3232421875,0.048828125,0.041015625,1.25,25,21,31.25,26.25,26.25,31.25,820.3125,1.19047619048
train,train/images/GF1_WFV1_E120.0_N36.3_20200423_L2A0004760887_13824_8192.png,train/labels/GF1_WFV1_E120.0_N36.3_20200423_L2A0004760887_13824_8192.txt,512,512,0,0,0.849609375,0.787109375,0.0390625,0.02734375,1.25,20,14,25,17.5,17.5,25,437.5,1.42857142857
train,train/images/GF1_WFV1_E120.0_N36.3_20200423_L2A0004760887_13824_8192.png,train/labels/GF1_WFV1_E120.0_N36.3_20200423_L2A0004760887_13824_8192.txt,512,512,0,1,0.692832764505,0.441968911917,0.0153583617747,0.0279792746114,1.25,7.86348122867,14.325388601,9.82935153584,17.9067357513,9.82935153584,17.9067357513,176.011600559,1.82176165803
train,train/images/GF1_WFV1_E120.0_N36.3_20200423_L2A0004760887_13824_8704.png,train/labels/GF1_WFV1_E120.0_N36.3_20200423_L2A0004760887_13824_8704.txt,512,512,0,0,0.2666015625,0.0615234375,0.037109375,0.029296875,1.25,19,15,23.75,18.75,18.75,23.75,445.3125,1.26666666667
train,train/images/GF1_WFV1_E120.0_N36.3_20200423_L2A0004760887_13824_8704.png,train/labels/GF1_WFV1_E120.0_N36.3_20200423_L2A0004760887_13824_8704.txt,512,512,0,1,0.92578125,0.8037109375,0.04296875,0.029296875,1.25,22,15,27.5,18.75,18.75,27.5,515.625,1.46666666667
train,train/images/GF1_WFV1_E120.0_N36.3_20200423_L2A0004760887_13824_9216.png,train/labels/GF1_WFV1_E120.0_N36.3_20200423_L2A0004760887_13824_9216.txt,512,512,0,0,0.0830078125,0.23828125,0.033203125,0.04296875,1.25,17,22,21.25,27.5,21.25,27.5,584.375,1.29411764706
train,train/images/GF1_WFV1_E120.0_N36.3_20200423_L2A0004760887_14336_10752.png,train/labels/GF1_WFV1_E120.0_N36.3_20200423_L2A0004760887_14336_10752.txt,512,512,0,0,0.6591796875,0.033203125,0.056640625,0.03515625,1.25,29,18,36.25,22.5,22.5,36.25,815.625,1.61111111111
train,train/images/GF1_WFV1_E120.0_N36.3_20200423_L2A0004760887_14336_10752.png,train/labels/GF1_WFV1_E120.0_N36.3_20200423_L2A0004760887_14336_10752.txt,512,512,0,1,0.0380859375,0.6630859375,0.068359375,0.044921875,1.25,35,23,43.75,28.75,28.75,43.75,1257.8125,1.52173913043
train,train/images/GF1_WFV1_E120.0_N36.3_20200423_L2A0004760887_14336_10752.png,train/labels/GF1_WFV1_E120.0_N36.3_20200423_L2A0004760887_14336_10752.txt,512,512,0,2,0.36328125,0.984375,0.0703125,0.02734375,1.25,36,14,45,17.5,17.5,45,787.5,2.57142857143
train,train/images/GF1_WFV1_E120.0_N36.3_20200423_L2A0004760887_14336_10752.png,train/labels/GF1_WFV1_E120.0_N36.3_20200423_L2A0004760887_14336_10752.txt,512,512,0,3,0.5888671875,0.2744140625,0.041015625,0.033203125,1.25,21,17,26.25,21.25,21.25,26.25,557.8125,1.23529411765
train,train/images/GF1_WFV1_E120.0_N36.3_20200423_L2A0004760887_14336_10752.png,train/labels/GF1_WFV1_E120.0_N36.3_20200423_L2A0004760887_14336_10752.txt,512,512,0,4,0.169921875,0.373046875,0.03515625,0.0390625,1.25,18,20,22.5,25,22.5,25,562.5,1.11111111111
train,train/images/GF1_WFV1_E120.0_N36.3_20200423_L2A0004760887_14336_11264.png,train/labels/GF1_WFV1_E120.0_N36.3_20200423_L2A0004760887_14336_11264.txt,512,512,0,0,0.232421875,0.1953125,0.0546875,0.03125,1.25,28,16,35,20,20,35,700,1.75
train,train/images/GF1_WFV1_E120.0_N36.3_20200423_L2A0004760887_14336_11776.png,train/labels/GF1_WFV1_E120.0_N36.3_20200423_L2A0004760887_14336_11776.txt,512,512,0,0,0.2919921875,0.974609375,0.048828125,0.046875,1.25,25,24,31.25,30,30,31.25,937.5,1.04166666667
train,train/images/GF1_WFV1_E120.0_N36.3_20200423_L2A0004760887_14336_14696.png,train/labels/GF1_WFV1_E120.0_N36.3_20200423_L2A0004760887_14336_14696.txt,512,512,0,0,0.4140625,0.1171875,0.0703125,0.03515625,1.25,36,18,45,22.5,22.5,45,1012.5,2
train,train/images/GF1_WFV1_E120.0_N36.3_20200423_L2A0004760887_14336_6144.png,train/labels/GF1_WFV1_E120.0_N36.3_20200423_L2A0004760887_14336_6144.txt,512,512,0,0,0.3681640625,0.3310546875,0.021484375,0.037109375,1.25,11,19,13.75,23.75,13.75,23.75,326.5625,1.72727272727
train,train/images/GF1_WFV1_E120.0_N36.3_20200423_L2A0004760887_14336_7680.png,train/labels/GF1_WFV1_E120.0_N36.3_20200423_L2A0004760887_14336_7680.txt,512,512,0,0,0.818359375,0.8818359375,0.03125,0.025390625,1.25,16,13,20,16.25,16.25,20,325,1.23076923077
train,train/images/GF1_WFV1_E120.0_N36.3_20200423_L2A0004760887_14336_9216.png,train/labels/GF1_WFV1_E120.0_N36.3_20200423_L2A0004760887_14336_9216.txt,512,512,0,0,0.210750853242,0.0238341968912,0.0153583617747,0.0124352331606,1.25,7.86348122867,6.36683937824,9.82935153584,7.9585492228,7.9585492228,9.82935153584,78.2273780261,1.23506825939
train,train/images/GF1_WFV1_E120.0_N36.3_20200423_L2A0004760887_14336_9216.png,train/labels/GF1_WFV1_E120.0_N36.3_20200423_L2A0004760887_14336_9216.txt,512,512,0,1,0.324658703072,0.0383419689119,0.0213310580205,0.0145077720207,1.25,10.9215017065,7.42797927461,13.6518771331,9.28497409326,9.28497409326,13.6518771331,126.757325505,1.47031935641
train,train/images/GF1_WFV1_E120.0_N36.3_20200423_L2A0004760887_14848_5632.png,train/labels/GF1_WFV1_E120.0_N36.3_20200423_L2A0004760887_14848_5632.txt,512,512,0,0,0.294921875,0.9384765625,0.046875,0.029296875,1.25,24,15,30,18.75,18.75,30,562.5,1.6
train,train/images/GF1_WFV1_E120.0_N36.3_20200423_L2A0004760887_14848_7168.png,train/labels/GF1_WFV1_E120.0_N36.3_20200423_L2A0004760887_14848_7168.txt,512,512,0,0,0.5751953125,0.359375,0.044921875,0.0390625,1.25,23,20,28.75,25,25,28.75,718.75,1.15
train,train/images/GF1_WFV1_E120.0_N36.3_20200423_L2A0004760887_14848_7168.png,train/labels/GF1_WFV1_E120.0_N36.3_20200423_L2A0004760887_14848_7168.txt,512,512,0,1,0.5478515625,0.7470703125,0.056640625,0.029296875,1.25,29,15,36.25,18.75,18.75,36.25,679.6875,1.93333333333
train,train/images/GF1_WFV1_E120.0_N36.3_20200423_L2A0004760887_14848_7680.png,train/labels/GF1_WFV1_E120.0_N36.3_20200423_L2A0004760887_14848_7680.txt,512,512,0,0,0.953125,0.06640625,0.03515625,0.0390625,1.25,18,20,22.5,25,22.5,25,562.5,1.11111111111
train,train/images/GF1_WFV1_E120.0_N36.3_20200423_L2A0004760887_14848_7680.png,train/labels/GF1_WFV1_E120.0_N36.3_20200423_L2A0004760887_14848_7680.txt,512,512,0,1,0.06640625,0.77734375,0.0390625,0.02734375,1.25,20,14,25,17.5,17.5,25,437.5,1.42857142857
train,train/images/GF1_WFV1_E120.0_N36.3_20200423_L2A0004760887_14848_8192.png,train/labels/GF1_WFV1_E120.0_N36.3_20200423_L2A0004760887_14848_8192.txt,512,512,0,0,0.39453125,0.7236328125,0.046875,0.033203125,1.25,24,17,30,21.25,21.25,30,637.5,1.41176470588
train,train/images/GF1_WFV1_E120.0_N36.3_20200423_L2A0004760887_14848_9216.png,train/labels/GF1_WFV1_E120.0_N36.3_20200423_L2A0004760887_14848_9216.txt,512,512,0,0,0.2900390625,0.26171875,0.083984375,0.0390625,1.25,43,20,53.75,25,25,53.75,1343.75,2.15
train,train/images/GF1_WFV1_E120.0_N36.3_20200423_L2A0004760887_14848_9216.png,train/labels/GF1_WFV1_E120.0_N36.3_20200423_L2A0004760887_14848_9216.txt,512,512,0,1,0.07421875,0.32421875,0.0390625,0.03515625,1.25,20,18,25,22.5,22.5,25,562.5,1.11111111111
train,train/images/GF1_WFV1_E120.0_N36.3_20200423_L2A0004760887_14973_10752.png,train/labels/GF1_WFV1_E120.0_N36.3_20200423_L2A0004760887_14973_10752.txt,512,512,0,0,0.0166015625,0.7314453125,0.029296875,0.041015625,1.25,15,21,18.75,26.25,18.75,26.25,492.1875,1.4
train,train/images/GF1_WFV1_E120.0_N36.3_20200423_L2A0004760887_14973_11264.png,train/labels/GF1_WFV1_E120.0_N36.3_20200423_L2A0004760887_14973_11264.txt,512,512,0,0,0.533203125,0.9306640625,0.07421875,0.029296875,1.25,38,15,47.5,18.75,18.75,47.5,890.625,2.53333333333
train,train/images/GF1_WFV1_E120.0_N36.3_20200423_L2A0004760887_14973_11264.png,train/labels/GF1_WFV1_E120.0_N36.3_20200423_L2A0004760887_14973_11264.txt,512,512,0,1,0.55859375,0.376953125,0.0546875,0.03515625,1.25,28,18,35,22.5,22.5,35,787.5,1.55555555556
train,train/images/GF1_WFV1_E120.0_N36.3_20200423_L2A0004760887_14973_11776.png,train/labels/GF1_WFV1_E120.0_N36.3_20200423_L2A0004760887_14973_11776.txt,512,512,0,0,0.4541015625,0.2978515625,0.080078125,0.041015625,1.25,41,21,51.25,26.25,26.25,51.25,1345.3125,1.95238095238
train,train/images/GF1_WFV1_E120.0_N36.3_20200423_L2A0004760887_14973_11776.png,train/labels/GF1_WFV1_E120.0_N36.3_20200423_L2A0004760887_14973_11776.txt,512,512,0,1,0.66015625,0.720703125,0.08203125,0.0390625,1.25,42,20,52.5,25,25,52.5,1312.5,2.1
train,train/images/GF1_WFV1_E120.0_N36.3_20200423_L2A0004760887_14973_11776.png,train/labels/GF1_WFV1_E120.0_N36.3_20200423_L2A0004760887_14973_11776.txt,512,512,0,2,0.3515625,0.7021484375,0.0625,0.037109375,1.25,32,19,40,23.75,23.75,40,950,1.68421052632
train,train/images/GF1_WFV1_E120.0_N36.3_20200423_L2A0004760887_14973_5632.png,train/labels/GF1_WFV1_E120.0_N36.3_20200423_L2A0004760887_14973_5632.txt,512,512,0,0,0.0498046875,0.943359375,0.033203125,0.03125,1.25,17,16,21.25,20,20,21.25,425,1.0625
train,train/images/GF1_WFV1_E120.0_N36.3_20200423_L2A0004760887_14973_7168.png,train/labels/GF1_WFV1_E120.0_N36.3_20200423_L2A0004760887_14973_7168.txt,512,512,0,0,0.3291015625,0.3583984375,0.048828125,0.033203125,1.25,25,17,31.25,21.25,21.25,31.25,664.0625,1.47058823529
train,train/images/GF1_WFV1_E120.0_N36.3_20200423_L2A0004760887_14973_7168.png,train/labels/GF1_WFV1_E120.0_N36.3_20200423_L2A0004760887_14973_7168.txt,512,512,0,1,0.29296875,0.7451171875,0.0546875,0.041015625,1.25,28,21,35,26.25,26.25,35,918.75,1.33333333333
train,train/images/GF1_WFV1_E120.0_N36.3_20200423_L2A0004760887_14973_7680.png,train/labels/GF1_WFV1_E120.0_N36.3_20200423_L2A0004760887_14973_7680.txt,512,512,0,0,0.708984375,0.0634765625,0.03125,0.033203125,1.25,16,17,20,21.25,20,21.25,425,1.0625
train,train/images/GF1_WFV1_E120.0_N36.3_20200423_L2A0004760887_15360_10752.png,train/labels/GF1_WFV1_E120.0_N36.3_20200423_L2A0004760887_15360_10752.txt,512,512,0,0,0.51953125,0.1953125,0.05078125,0.0390625,1.25,26,20,32.5,25,25,32.5,812.5,1.3
train,train/images/GF1_WFV1_E120.0_N36.3_20200423_L2A0004760887_15360_10752.png,train/labels/GF1_WFV1_E120.0_N36.3_20200423_L2A0004760887_15360_10752.txt,512,512,0,1,0.5771484375,0.162109375,0.044921875,0.03515625,1.25,23,18,28.75,22.5,22.5,28.75,646.875,1.27777777778
train,train/images/GF1_WFV1_E120.0_N36.3_20200423_L2A0004760887_15360_6144.png,train/labels/GF1_WFV1_E120.0_N36.3_20200423_L2A0004760887_15360_6144.txt,512,512,0,0,0.7783203125,0.8720703125,0.037109375,0.044921875,1.25,19,23,23.75,28.75,23.75,28.75,682.8125,1.21052631579
train,train/images/GF1_WFV1_E120.0_N36.3_20200423_L2A0004760887_15360_6144.png,train/labels/GF1_WFV1_E120.0_N36.3_20200423_L2A0004760887_15360_6144.txt,512,512,0,1,0.142578125,0.2978515625,0.03515625,0.037109375,1.25,18,19,22.5,23.75,22.5,23.75,534.375,1.05555555556
train,train/images/GF1_WFV1_E120.0_N36.3_20200423_L2A0004760887_15360_7680.png,train/labels/GF1_WFV1_E120.0_N36.3_20200423_L2A0004760887_15360_7680.txt,512,512,0,0,0.9658203125,0.16796875,0.037109375,0.03125,1.25,19,16,23.75,20,20,23.75,475,1.1875
train,train/images/GF1_WFV1_E120.0_N36.3_20200423_L2A0004760887_15360_8192.png,train/labels/GF1_WFV1_E120.0_N36.3_20200423_L2A0004760887_15360_8192.txt,512,512,0,0,0.390625,0.6689453125,0.046875,0.037109375,1.25,24,19,30,23.75,23.75,30,712.5,1.26315789474
train,train/images/GF1_WFV1_E120.0_N36.3_20200423_L2A0004760887_15485_7680.png,train/labels/GF1_WFV1_E120.0_N36.3_20200423_L2A0004760887_15485_7680.txt,512,512,0,0,0.7236328125,0.16796875,0.044921875,0.03125,1.25,23,16,28.75,20,20,28.75,575,1.4375
train,train/images/GF1_WFV1_E120.0_N36.3_20200423_L2A0004760887_15485_8192.png,train/labels/GF1_WFV1_E120.0_N36.3_20200423_L2A0004760887_15485_8192.txt,512,512,0,0,0.1474609375,0.6689453125,0.044921875,0.033203125,1.25,23,17,28.75,21.25,21.25,28.75,610.9375,1.35294117647
train,train/images/GF1_WFV1_E120.0_N36.3_20200423_L2A0004760887_15485_8192.png,train/labels/GF1_WFV1_E120.0_N36.3_20200423_L2A0004760887_15485_8192.txt,512,512,0,1,0.8203125,0.7109375,0.0390625,0.04296875,1.25,20,22,25,27.5,25,27.5,687.5,1.1
train,train/images/GF1_WFV1_E120.0_N36.3_20200423_L2A0004760887_15485_8192.png,train/labels/GF1_WFV1_E120.0_N36.3_20200423_L2A0004760887_15485_8192.txt,512,512,0,2,0.7861328125,0.5205078125,0.033203125,0.033203125,1.25,17,17,21.25,21.25,21.25,21.25,451.5625,1
train,train/images/GF1_WFV1_E120.0_N36.3_20200423_L2A0004760887_15872_5632.png,train/labels/GF1_WFV1_E120.0_N36.3_20200423_L2A0004760887_15872_5632.txt,512,512,0,0,0.1416015625,0.1220703125,0.029296875,0.052734375,1.25,15,27,18.75,33.75,18.75,33.75,632.8125,1.8
train,train/images/GF1_WFV1_E120.0_N36.3_20200423_L2A0004760887_15872_7168.png,train/labels/GF1_WFV1_E120.0_N36.3_20200423_L2A0004760887_15872_7168.txt,512,512,0,0,0.1484375,0.2802734375,0.0390625,0.037109375,1.25,20,19,25,23.75,23.75,25,593.75,1.05263157895
train,train/images/GF1_WFV1_E120.0_N36.3_20200423_L2A0004760887_15872_7168.png,train/labels/GF1_WFV1_E120.0_N36.3_20200423_L2A0004760887_15872_7168.txt,512,512,0,1,0.216796875,0.3828125,0.03515625,0.03515625,1.25,18,18,22.5,22.5,22.5,22.5,506.25,1
train,train/images/GF1_WFV1_E120.0_N36.3_20200423_L2A0004760887_15872_7168.png,train/labels/GF1_WFV1_E120.0_N36.3_20200423_L2A0004760887_15872_7168.txt,512,512,0,2,0.443359375,0.6240234375,0.04296875,0.044921875,1.25,22,23,27.5,28.75,27.5,28.75,790.625,1.04545454545
train,train/images/GF1_WFV1_E120.0_N36.3_20200423_L2A0004760887_15872_8704.png,train/labels/GF1_WFV1_E120.0_N36.3_20200423_L2A0004760887_15872_8704.txt,512,512,0,0,0.095703125,0.169921875,0.0390625,0.04296875,1.25,20,22,25,27.5,25,27.5,687.5,1.1
train,train/images/GF1_WFV1_E120.0_N36.3_20200423_L2A0004760887_15997_6144.png,train/labels/GF1_WFV1_E120.0_N36.3_20200423_L2A0004760887_15997_6144.txt,512,512,0,0,0.73828125,0.4404296875,0.0234375,0.048828125,1.25,12,25,15,31.25,15,31.25,468.75,2.08333333333
train,train/images/GF1_WFV1_E120.0_N36.3_20200423_L2A0004760887_4096_512.png,train/labels/GF1_WFV1_E120.0_N36.3_20200423_L2A0004760887_4096_512.txt,512,512,0,0,0.55859375,0.4521484375,0.0546875,0.041015625,1.25,28,21,35,26.25,26.25,35,918.75,1.33333333333
train,train/images/GF1_WFV1_E120.0_N36.3_20200423_L2A0004760887_4096_512.png,train/labels/GF1_WFV1_E120.0_N36.3_20200423_L2A0004760887_4096_512.txt,512,512,0,1,0.80078125,0.2705078125,0.05078125,0.044921875,1.25,26,23,32.5,28.75,28.75,32.5,934.375,1.13043478261
train,train/images/GF1_WFV1_E120.0_N36.3_20200423_L2A0004760887_4096_512.png,train/labels/GF1_WFV1_E120.0_N36.3_20200423_L2A0004760887_4096_512.txt,512,512,0,2,0.97265625,0.6318359375,0.0390625,0.037109375,1.25,20,19,25,23.75,23.75,25,593.75,1.05263157895
train,train/images/GF1_WFV1_E120.0_N36.3_20200423_L2A0004760887_4608_512.png,train/labels/GF1_WFV1_E120.0_N36.3_20200423_L2A0004760887_4608_512.txt,512,512,0,0,0.0419921875,0.0302734375,0.052734375,0.044921875,1.25,27,23,33.75,28.75,28.75,33.75,970.3125,1.17391304348
train,train/images/GF1_WFV1_E120.0_N36.3_20200423_L2A0004760887_4608_512.png,train/labels/GF1_WFV1_E120.0_N36.3_20200423_L2A0004760887_4608_512.txt,512,512,0,1,0.2783203125,0.5634765625,0.044921875,0.033203125,1.25,23,17,28.75,21.25,21.25,28.75,610.9375,1.35294117647
train,train/images/GF1_WFV1_E120.0_N36.3_20200423_L2A0004760887_4608_512.png,train/labels/GF1_WFV1_E120.0_N36.3_20200423_L2A0004760887_4608_512.txt,512,512,0,2,0.68359375,0.4833984375,0.046875,0.033203125,1.25,24,17,30,21.25,21.25,30,637.5,1.41176470588
train,train/images/GF1_WFV1_E120.0_N36.3_20200423_L2A0004760887_4608_512.png,train/labels/GF1_WFV1_E120.0_N36.3_20200423_L2A0004760887_4608_512.txt,512,512,0,3,0.7509765625,0.4580078125,0.041015625,0.041015625,1.25,21,21,26.25,26.25,26.25,26.25,689.0625,1
train,train/images/GF1_WFV1_E120.0_N36.3_20200423_L2A0004760887_4608_512.png,train/labels/GF1_WFV1_E120.0_N36.3_20200423_L2A0004760887_4608_512.txt,512,512,0,4,0.55162116041,0.640932642487,0.0196245733788,0.0238341968912,1.25,10.04778157,12.2031088083,12.5597269625,15.2538860104,12.5597269625,15.2538860104,191.584643407,1.21450777202
train,train/images/GF1_WFV1_E120.0_N36.3_20200423_L2A0004760887_7680_13312.png,train/labels/GF1_WFV1_E120.0_N36.3_20200423_L2A0004760887_7680_13312.txt,512,512,0,0,0.4541015625,0.9775390625,0.037109375,0.044921875,1.25,19,23,23.75,28.75,23.75,28.75,682.8125,1.21052631579
train,train/images/GF1_WFV1_E120.0_N36.3_20200423_L2A0004760887_7680_13824.png,train/labels/GF1_WFV1_E120.0_N36.3_20200423_L2A0004760887_7680_13824.txt,512,512,0,0,0.3935546875,0.1005859375,0.041015625,0.048828125,1.25,21,25,26.25,31.25,26.25,31.25,820.3125,1.19047619048
train,train/images/GF1_WFV1_E120.0_N36.3_20200423_L2A0004760887_7680_13824.png,train/labels/GF1_WFV1_E120.0_N36.3_20200423_L2A0004760887_7680_13824.txt,512,512,0,1,0.67578125,0.2880859375,0.046875,0.029296875,1.25,24,15,30,18.75,18.75,30,562.5,1.6
train,train/images/GF1_WFV1_E120.0_N36.3_20200423_L2A0004760887_9216_11776.png,train/labels/GF1_WFV1_E120.0_N36.3_20200423_L2A0004760887_9216_11776.txt,512,512,0,0,0.7041015625,0.9091796875,0.048828125,0.048828125,1.25,25,25,31.25,31.25,31.25,31.25,976.5625,1
train,train/images/GF1_WFV1_E120.0_N36.3_20200423_L2A0004760887_9728_11264.png,train/labels/GF1_WFV1_E120.0_N36.3_20200423_L2A0004760887_9728_11264.txt,512,512,0,0,0.337890625,0.376953125,0.04296875,0.0390625,1.25,22,20,27.5,25,25,27.5,687.5,1.1
train,train/images/GF1_WFV1_E120.0_N36.3_20200423_L2A0004760887_9728_11776.png,train/labels/GF1_WFV1_E120.0_N36.3_20200423_L2A0004760887_9728_11776.txt,512,512,0,0,0.1279296875,0.0673828125,0.037109375,0.052734375,1.25,19,27,23.75,33.75,23.75,33.75,801.5625,1.42105263158
train,train/images/GF1_WFV1_E120.0_N36.3_20200423_L2A0004760887_9728_11776.png,train/labels/GF1_WFV1_E120.0_N36.3_20200423_L2A0004760887_9728_11776.txt,512,512,0,1,0.380859375,0.1162109375,0.04296875,0.037109375,1.25,22,19,27.5,23.75,23.75,27.5,653.125,1.15789473684
train,train/images/GF1_WFV1_E120.0_N36.3_20200423_L2A0004760887_9728_11776.png,train/labels/GF1_WFV1_E120.0_N36.3_20200423_L2A0004760887_9728_11776.txt,512,512,0,2,0.8359375,0.52734375,0.05078125,0.0390625,1.25,26,20,32.5,25,25,32.5,812.5,1.3
train,train/images/GF1_WFV1_E120.0_N36.3_20200423_L2A0004760887_9728_11776.png,train/labels/GF1_WFV1_E120.0_N36.3_20200423_L2A0004760887_9728_11776.txt,512,512,0,3,0.6826171875,0.66015625,0.044921875,0.02734375,1.25,23,14,28.75,17.5,17.5,28.75,503.125,1.64285714286
train,train/images/GF1_WFV1_E127.5_N16.2_20200630_L2A0004898206_10240_12800.png,train/labels/GF1_WFV1_E127.5_N16.2_20200630_L2A0004898206_10240_12800.txt,512,512,0,0,0.3203125,0.1865234375,0.046875,0.037109375,1.25,24,19,30,23.75,23.75,30,712.5,1.26315789474
train,train/images/GF1_WFV1_E127.5_N16.2_20200630_L2A0004898206_2560_10752.png,train/labels/GF1_WFV1_E127.5_N16.2_20200630_L2A0004898206_2560_10752.txt,512,512,0,0,0.8447265625,0.48828125,0.048828125,0.0546875,1.25,25,28,31.25,35,31.25,35,1093.75,1.12
train,train/images/GF1_WFV1_E127.5_N16.2_20200630_L2A0004898206_7680_8192.png,train/labels/GF1_WFV1_E127.5_N16.2_20200630_L2A0004898206_7680_8192.txt,512,512,0,0,0.9111328125,0.607421875,0.048828125,0.06640625,1.25,25,34,31.25,42.5,31.25,42.5,1328.125,1.36
train,train/images/GF1_WFV2_E111.6_N17.5_20200703_L2A0004902588_10240_7168.png,train/labels/GF1_WFV2_E111.6_N17.5_20200703_L2A0004902588_10240_7168.txt,512,512,0,0,0.3369140625,0.7783203125,0.060546875,0.044921875,1.25,31,23,38.75,28.75,28.75,38.75,1114.0625,1.34782608696
train,train/images/GF1_WFV2_E111.6_N17.5_20200703_L2A0004902588_1024_7168.png,train/labels/GF1_WFV2_E111.6_N17.5_20200703_L2A0004902588_1024_7168.txt,512,512,0,0,0.6416015625,0.9794921875,0.029296875,0.037109375,1.25,15,19,18.75,23.75,18.75,23.75,445.3125,1.26666666667
train,train/images/GF1_WFV2_E111.6_N17.5_20200703_L2A0004902588_11776_11776.png,train/labels/GF1_WFV2_E111.6_N17.5_20200703_L2A0004902588_11776_11776.txt,512,512,0,0,0.8154296875,0.017578125,0.064453125,0.03515625,1.25,33,18,41.25,22.5,22.5,41.25,928.125,1.83333333333
train,train/images/GF1_WFV2_E111.6_N17.5_20200703_L2A0004902588_11776_11776.png,train/labels/GF1_WFV2_E111.6_N17.5_20200703_L2A0004902588_11776_11776.txt,512,512,0,1,0.947265625,0.9775390625,0.046875,0.037109375,1.25,24,19,30,23.75,23.75,30,712.5,1.26315789474
train,train/images/GF1_WFV2_E111.6_N17.5_20200703_L2A0004902588_12288_8704.png,train/labels/GF1_WFV2_E111.6_N17.5_20200703_L2A0004902588_12288_8704.txt,512,512,0,0,0.6796875,0.6416015625,0.05078125,0.064453125,1.25,26,33,32.5,41.25,32.5,41.25,1340.625,1.26923076923
train,train/images/GF1_WFV2_E111.6_N17.5_20200703_L2A0004902588_12288_8704.png,train/labels/GF1_WFV2_E111.6_N17.5_20200703_L2A0004902588_12288_8704.txt,512,512,0,1,0.8857421875,0.1357421875,0.041015625,0.060546875,1.25,21,31,26.25,38.75,26.25,38.75,1017.1875,1.47619047619
train,train/images/GF1_WFV2_E111.6_N17.5_20200703_L2A0004902588_12288_9216.png,train/labels/GF1_WFV2_E111.6_N17.5_20200703_L2A0004902588_12288_9216.txt,512,512,0,0,0.5625,0.421875,0.04296875,0.0546875,1.25,22,28,27.5,35,27.5,35,962.5,1.27272727273
train,train/images/GF1_WFV2_E111.6_N17.5_20200703_L2A0004902588_12389_8704.png,train/labels/GF1_WFV2_E111.6_N17.5_20200703_L2A0004902588_12389_8704.txt,512,512,0,0,0.6904296875,0.138671875,0.037109375,0.046875,1.25,19,24,23.75,30,23.75,30,712.5,1.26315789474
train,train/images/GF1_WFV2_E111.6_N17.5_20200703_L2A0004902588_12389_8704.png,train/labels/GF1_WFV2_E111.6_N17.5_20200703_L2A0004902588_12389_8704.txt,512,512,0,1,0.484375,0.6435546875,0.04296875,0.056640625,1.25,22,29,27.5,36.25,27.5,36.25,996.875,1.31818181818
train,train/images/GF1_WFV2_E111.6_N17.5_20200703_L2A0004902588_3072_12288.png,train/labels/GF1_WFV2_E111.6_N17.5_20200703_L2A0004902588_3072_12288.txt,512,512,0,0,0.7109375,0.41015625,0.03125,0.0703125,1.25,16,36,20,45,20,45,900,2.25
train,train/images/GF1_WFV2_E111.6_N17.5_20200703_L2A0004902588_7168_5120.png,train/labels/GF1_WFV2_E111.6_N17.5_20200703_L2A0004902588_7168_5120.txt,512,512,0,0,0.6005859375,0.744140625,0.044921875,0.05859375,1.25,23,30,28.75,37.5,28.75,37.5,1078.125,1.30434782609
train,train/images/GF1_WFV2_E111.6_N17.5_20200703_L2A0004902588_7680_5120.png,train/labels/GF1_WFV2_E111.6_N17.5_20200703_L2A0004902588_7680_5120.txt,512,512,0,0,0.2939453125,0.41796875,0.033203125,0.03125,1.25,17,16,21.25,20,20,21.25,425,1.0625
train,train/images/GF1_WFV2_E111.6_N17.5_20200703_L2A0004902588_8704_6144.png,train/labels/GF1_WFV2_E111.6_N17.5_20200703_L2A0004902588_8704_6144.txt,512,512,0,0,0.0576171875,0.5380859375,0.041015625,0.037109375,1.25,21,19,26.25,23.75,23.75,26.25,623.4375,1.10526315789
train,train/images/GF1_WFV2_E111.6_N17.5_20200703_L2A0004902588_9216_2048.png,train/labels/GF1_WFV2_E111.6_N17.5_20200703_L2A0004902588_9216_2048.txt,512,512,0,0,0.1689453125,0.2587890625,0.041015625,0.037109375,1.25,21,19,26.25,23.75,23.75,26.25,623.4375,1.10526315789
train,train/images/GF1_WFV2_E111.6_N17.5_20200703_L2A0004902588_9728_4608.png,train/labels/GF1_WFV2_E111.6_N17.5_20200703_L2A0004902588_9728_4608.txt,512,512,0,0,0.57421875,0.5107421875,0.03125,0.025390625,1.25,16,13,20,16.25,16.25,20,325,1.23076923077
train,train/images/GF1_WFV2_E112.0_N19.2_20200703_L2A0004902375_10752_13312.png,train/labels/GF1_WFV2_E112.0_N19.2_20200703_L2A0004902375_10752_13312.txt,512,512,0,0,0.44140625,0.3759765625,0.02734375,0.041015625,1.25,14,21,17.5,26.25,17.5,26.25,459.375,1.5
train,train/images/GF1_WFV2_E112.0_N19.2_20200703_L2A0004902375_512_11264.png,train/labels/GF1_WFV2_E112.0_N19.2_20200703_L2A0004902375_512_11264.txt,512,512,0,0,0.34765625,0.408203125,0.03125,0.046875,1.25,16,24,20,30,20,30,600,1.5
train,train/images/GF1_WFV2_E112.0_N19.2_20200703_L2A0004902375_512_11264.png,train/labels/GF1_WFV2_E112.0_N19.2_20200703_L2A0004902375_512_11264.txt,512,512,0,1,0.380859375,0.5810546875,0.03125,0.048828125,1.25,16,25,20,31.25,20,31.25,625,1.5625
train,train/images/GF1_WFV2_E112.0_N19.2_20200703_L2A0004902375_6656_13312.png,train/labels/GF1_WFV2_E112.0_N19.2_20200703_L2A0004902375_6656_13312.txt,512,512,0,0,0.4150390625,0.9501953125,0.041015625,0.041015625,1.25,21,21,26.25,26.25,26.25,26.25,689.0625,1
train,train/images/GF1_WFV2_E112.0_N19.2_20200703_L2A0004902375_7168_13824.png,train/labels/GF1_WFV2_E112.0_N19.2_20200703_L2A0004902375_7168_13824.txt,512,512,0,0,0.576171875,0.6796875,0.0390625,0.04296875,1.25,20,22,25,27.5,25,27.5,687.5,1.1
train,train/images/GF1_WFV2_E112.0_N19.2_20200703_L2A0004902375_7168_14167.png,train/labels/GF1_WFV2_E112.0_N19.2_20200703_L2A0004902375_7168_14167.txt,512,512,0,0,0.576171875,0.01953125,0.046875,0.03515625,1.25,24,18,30,22.5,22.5,30,675,1.33333333333
train,train/images/GF1_WFV2_E112.0_N19.2_20200703_L2A0004902375_7168_4608.png,train/labels/GF1_WFV2_E112.0_N19.2_20200703_L2A0004902375_7168_4608.txt,512,512,0,0,0.2958984375,0.51953125,0.025390625,0.04296875,1.25,13,22,16.25,27.5,16.25,27.5,446.875,1.69230769231
train,train/images/GF1_WFV2_E112.0_N19.2_20200703_L2A0004902375_7168_4608.png,train/labels/GF1_WFV2_E112.0_N19.2_20200703_L2A0004902375_7168_4608.txt,512,512,0,1,0.51953125,0.3193359375,0.02734375,0.029296875,1.25,14,15,17.5,18.75,17.5,18.75,328.125,1.07142857143
train,train/images/GF1_WFV2_E112.0_N19.2_20200703_L2A0004902375_7680_12800.png,train/labels/GF1_WFV2_E112.0_N19.2_20200703_L2A0004902375_7680_12800.txt,512,512,0,0,0.8798828125,0.3203125,0.029296875,0.0390625,1.25,15,20,18.75,25,18.75,25,468.75,1.33333333333
train,train/images/GF1_WFV2_E112.0_N19.2_20200703_L2A0004902375_7680_5632.png,train/labels/GF1_WFV2_E112.0_N19.2_20200703_L2A0004902375_7680_5632.txt,512,512,0,0,0.1103515625,0.87109375,0.041015625,0.0546875,1.25,21,28,26.25,35,26.25,35,918.75,1.33333333333
train,train/images/GF1_WFV2_E112.0_N19.2_20200703_L2A0004902375_8704_10240.png,train/labels/GF1_WFV2_E112.0_N19.2_20200703_L2A0004902375_8704_10240.txt,512,512,0,0,0.87890625,0.2373046875,0.046875,0.044921875,1.25,24,23,30,28.75,28.75,30,862.5,1.04347826087
train,train/images/GF1_WFV2_E112.0_N19.2_20200703_L2A0004902375_9216_9216.png,train/labels/GF1_WFV2_E112.0_N19.2_20200703_L2A0004902375_9216_9216.txt,512,512,0,0,0.5341796875,0.6435546875,0.041015625,0.052734375,1.25,21,27,26.25,33.75,26.25,33.75,885.9375,1.28571428571
train,train/images/GF1_WFV2_E118.9_N24.3_20200710_L2A0004922278_0_12288.png,train/labels/GF1_WFV2_E118.9_N24.3_20200710_L2A0004922278_0_12288.txt,512,512,0,0,0.6650390625,0.4931640625,0.044921875,0.033203125,1.25,23,17,28.75,21.25,21.25,28.75,610.9375,1.35294117647
train,train/images/GF1_WFV2_E118.9_N24.3_20200710_L2A0004922278_0_12288.png,train/labels/GF1_WFV2_E118.9_N24.3_20200710_L2A0004922278_0_12288.txt,512,512,0,1,0.91015625,0.8984375,0.0546875,0.046875,1.25,28,24,35,30,30,35,1050,1.16666666667
train,train/images/GF1_WFV2_E118.9_N24.3_20200710_L2A0004922278_0_12288.png,train/labels/GF1_WFV2_E118.9_N24.3_20200710_L2A0004922278_0_12288.txt,512,512,0,2,0.9580078125,0.8486328125,0.041015625,0.048828125,1.25,21,25,26.25,31.25,26.25,31.25,820.3125,1.19047619048
train,train/images/GF1_WFV2_E118.9_N24.3_20200710_L2A0004922278_0_12288.png,train/labels/GF1_WFV2_E118.9_N24.3_20200710_L2A0004922278_0_12288.txt,512,512,0,3,0.8857421875,0.94140625,0.037109375,0.02734375,1.25,19,14,23.75,17.5,17.5,23.75,415.625,1.35714285714
train,train/images/GF1_WFV2_E118.9_N24.3_20200710_L2A0004922278_1024_10752.png,train/labels/GF1_WFV2_E118.9_N24.3_20200710_L2A0004922278_1024_10752.txt,512,512,0,0,0.0498046875,0.96484375,0.044921875,0.04296875,1.25,23,22,28.75,27.5,27.5,28.75,790.625,1.04545454545
train,train/images/GF1_WFV2_E118.9_N24.3_20200710_L2A0004922278_10752_13312.png,train/labels/GF1_WFV2_E118.9_N24.3_20200710_L2A0004922278_10752_13312.txt,512,512,0,0,0.5791015625,0.943359375,0.025390625,0.02734375,1.25,13,14,16.25,17.5,16.25,17.5,284.375,1.07692307692
train,train/images/GF1_WFV2_E118.9_N24.3_20200710_L2A0004922278_10752_13824.png,train/labels/GF1_WFV2_E118.9_N24.3_20200710_L2A0004922278_10752_13824.txt,512,512,0,0,0.2841796875,0.8291015625,0.037109375,0.041015625,1.25,19,21,23.75,26.25,23.75,26.25,623.4375,1.10526315789
train,train/images/GF1_WFV2_E118.9_N24.3_20200710_L2A0004922278_10752_14117.png,train/labels/GF1_WFV2_E118.9_N24.3_20200710_L2A0004922278_10752_14117.txt,512,512,0,0,0.2861328125,0.2607421875,0.029296875,0.041015625,1.25,15,21,18.75,26.25,18.75,26.25,492.1875,1.4
train,train/images/GF1_WFV2_E118.9_N24.3_20200710_L2A0004922278_10752_14117.png,train/labels/GF1_WFV2_E118.9_N24.3_20200710_L2A0004922278_10752_14117.txt,512,512,0,1,0.8603515625,0.919921875,0.037109375,0.05078125,1.25,19,26,23.75,32.5,23.75,32.5,771.875,1.36842105263
train,train/images/GF1_WFV2_E118.9_N24.3_20200710_L2A0004922278_11264_10240.png,train/labels/GF1_WFV2_E118.9_N24.3_20200710_L2A0004922278_11264_10240.txt,512,512,0,0,0.383532423208,0.353886010363,0.0196245733788,0.019689119171,1.25,10.04778157,10.0808290155,12.5597269625,12.6010362694,12.5597269625,12.6010362694,158.265574988,1.00328902906
train,train/images/GF1_WFV2_E118.9_N24.3_20200710_L2A0004922278_11264_10240.png,train/labels/GF1_WFV2_E118.9_N24.3_20200710_L2A0004922278_11264_10240.txt,512,512,0,1,0.362627986348,0.571502590674,0.0136518771331,0.019689119171,1.25,6.98976109215,10.0808290155,8.73720136519,12.6010362694,8.73720136519,12.6010362694,110.097791296,1.44222797927
train,train/images/GF1_WFV2_E118.9_N24.3_20200710_L2A0004922278_11264_10240.png,train/labels/GF1_WFV2_E118.9_N24.3_20200710_L2A0004922278_11264_10240.txt,512,512,0,2,0.0682593856655,0.438860103627,0.0119453924915,0.0113989637306,1.25,6.11604095563,5.83626943005,7.64505119454,7.29533678756,7.29533678756,7.64505119454,55.7732232223,1.04793670493
train,train/images/GF1_WFV2_E118.9_N24.3_20200710_L2A0004922278_11264_10240.png,train/labels/GF1_WFV2_E118.9_N24.3_20200710_L2A0004922278_11264_10240.txt,512,512,0,3,0.144197952218,0.429533678756,0.0119453924915,0.0113989637306,1.25,6.11604095563,5.83626943005,7.64505119454,7.29533678756,7.29533678756,7.64505119454,55.7732232223,1.04793670493
train,train/images/GF1_WFV2_E118.9_N24.3_20200710_L2A0004922278_11264_10240.png,train/labels/GF1_WFV2_E118.9_N24.3_20200710_L2A0004922278_11264_10240.txt,512,512,0,4,0.205631399317,0.339378238342,0.0136518771331,0.0113989637306,1.25,6.98976109215,5.83626943005,8.73720136519,7.29533678756,7.29533678756,8.73720136519,63.7408265398,1.1976419485
train,train/images/GF1_WFV2_E118.9_N24.3_20200710_L2A0004922278_11264_10240.png,train/labels/GF1_WFV2_E118.9_N24.3_20200710_L2A0004922278_11264_10240.txt,512,512,0,5,0.141638225256,0.598445595855,0.0102389078498,0.0176165803109,1.25,5.24232081911,9.01968911917,6.55290102389,11.274611399,6.55290102389,11.274611399,73.8814125802,1.72055267703
train,train/images/GF1_WFV2_E118.9_N24.3_20200710_L2A0004922278_11264_10240.png,train/labels/GF1_WFV2_E118.9_N24.3_20200710_L2A0004922278_11264_10240.txt,512,512,0,6,0.199658703072,0.376683937824,0.00853242320819,0.0113989637306,1.25,4.36860068259,5.83626943005,5.46075085324,7.29533678756,5.46075085324,7.29533678756,39.8380165874,1.33595854922
train,train/images/GF1_WFV2_E118.9_N24.3_20200710_L2A0004922278_11264_10240.png,train/labels/GF1_WFV2_E118.9_N24.3_20200710_L2A0004922278_11264_10240.txt,512,512,0,7,0.253412969283,0.39274611399,0.0119453924915,0.0165803108808,1.25,6.11604095563,8.48911917098,7.64505119454,10.6113989637,7.64505119454,10.6113989637,81.1246883234,1.38800888231
train,train/images/GF1_WFV2_E118.9_N24.3_20200710_L2A0004922278_11264_14117.png,train/labels/GF1_WFV2_E118.9_N24.3_20200710_L2A0004922278_11264_14117.txt,512,512,0,0,0.5341796875,0.6416015625,0.052734375,0.033203125,1.25,27,17,33.75,21.25,21.25,33.75,717.1875,1.58823529412
train,train/images/GF1_WFV2_E118.9_N24.3_20200710_L2A0004922278_11264_4096.png,train/labels/GF1_WFV2_E118.9_N24.3_20200710_L2A0004922278_11264_4096.txt,512,512,0,0,0.191126279863,0.346632124352,0.0460750853242,0.0424870466321,1.25,23.590443686,21.7533678756,29.4880546075,27.1917098446,27.1917098446,29.4880546075,801.830624768,1.08445017897
train,train/images/GF1_WFV2_E118.9_N24.3_20200710_L2A0004922278_11776_13312.png,train/labels/GF1_WFV2_E118.9_N24.3_20200710_L2A0004922278_11776_13312.txt,512,512,0,0,0.072265625,0.71875,0.0390625,0.046875,1.25,20,24,25,30,25,30,750,1.2
train,train/images/GF1_WFV2_E118.9_N24.3_20200710_L2A0004922278_11776_13824.png,train/labels/GF1_WFV2_E118.9_N24.3_20200710_L2A0004922278_11776_13824.txt,512,512,0,0,0.0498046875,0.97265625,0.041015625,0.03125,1.25,21,16,26.25,20,20,26.25,525,1.3125
train,train/images/GF1_WFV2_E118.9_N24.3_20200710_L2A0004922278_11776_14117.png,train/labels/GF1_WFV2_E118.9_N24.3_20200710_L2A0004922278_11776_14117.txt,512,512,0,0,0.0478515625,0.40234375,0.037109375,0.03125,1.25,19,16,23.75,20,20,23.75,475,1.1875
train,train/images/GF1_WFV2_E118.9_N24.3_20200710_L2A0004922278_11776_14117.png,train/labels/GF1_WFV2_E118.9_N24.3_20200710_L2A0004922278_11776_14117.txt,512,512,0,1,0.4775390625,0.4677734375,0.048828125,0.033203125,1.25,25,17,31.25,21.25,21.25,31.25,664.0625,1.47058823529
train,train/images/GF1_WFV2_E118.9_N24.3_20200710_L2A0004922278_11776_14117.png,train/labels/GF1_WFV2_E118.9_N24.3_20200710_L2A0004922278_11776_14117.txt,512,512,0,2,0.1806640625,0.7080078125,0.037109375,0.037109375,1.25,19,19,23.75,23.75,23.75,23.75,564.0625,1
train,train/images/GF1_WFV2_E118.9_N24.3_20200710_L2A0004922278_11776_4096.png,train/labels/GF1_WFV2_E118.9_N24.3_20200710_L2A0004922278_11776_4096.txt,512,512,0,0,0.7470703125,0.72265625,0.048828125,0.0390625,1.25,25,20,31.25,25,25,31.25,781.25,1.25
train,train/images/GF1_WFV2_E118.9_N24.3_20200710_L2A0004922278_12288_4096.png,train/labels/GF1_WFV2_E118.9_N24.3_20200710_L2A0004922278_12288_4096.txt,512,512,0,0,0.6630859375,0.361328125,0.048828125,0.04296875,1.25,25,22,31.25,27.5,27.5,31.25,859.375,1.13636363636
train,train/images/GF1_WFV2_E118.9_N24.3_20200710_L2A0004922278_12288_4096.png,train/labels/GF1_WFV2_E118.9_N24.3_20200710_L2A0004922278_12288_4096.txt,512,512,0,1,0.46885665529,0.310362694301,0.0179180887372,0.0176165803109,1.25,9.17406143345,9.01968911917,11.4675767918,11.274611399,11.274611399,11.4675767918,129.292472015,1.01711503714
train,train/images/GF1_WFV2_E118.9_N24.3_20200710_L2A0004922278_12288_4096.png,train/labels/GF1_WFV2_E118.9_N24.3_20200710_L2A0004922278_12288_4096.txt,512,512,0,2,0.00767918088737,0.570466321244,0.0119453924915,0.0176165803109,1.25,6.11604095563,9.01968911917,7.64505119454,11.274611399,7.64505119454,11.274611399,86.1949813436,1.47475943745
train,train/images/GF1_WFV2_E118.9_N24.3_20200710_L2A0004922278_12288_5632.png,train/labels/GF1_WFV2_E118.9_N24.3_20200710_L2A0004922278_12288_5632.txt,512,512,0,0,0.6123046875,0.541015625,0.041015625,0.046875,1.25,21,24,26.25,30,26.25,30,787.5,1.14285714286
train,train/images/GF1_WFV2_E118.9_N24.3_20200710_L2A0004922278_12483_4096.png,train/labels/GF1_WFV2_E118.9_N24.3_20200710_L2A0004922278_12483_4096.txt,512,512,0,0,0.27734375,0.361328125,0.0546875,0.04296875,1.25,28,22,35,27.5,27.5,35,962.5,1.27272727273
train,train/images/GF1_WFV2_E118.9_N24.3_20200710_L2A0004922278_12483_4096.png,train/labels/GF1_WFV2_E118.9_N24.3_20200710_L2A0004922278_12483_4096.txt,512,512,0,1,0.0859375,0.306640625,0.03125,0.0234375,1.25,16,12,20,15,15,20,300,1.33333333333
train,train/images/GF1_WFV2_E118.9_N24.3_20200710_L2A0004922278_12483_5120.png,train/labels/GF1_WFV2_E118.9_N24.3_20200710_L2A0004922278_12483_5120.txt,512,512,0,0,0.8798828125,0.8193359375,0.052734375,0.044921875,1.25,27,23,33.75,28.75,28.75,33.75,970.3125,1.17391304348
train,train/images/GF1_WFV2_E118.9_N24.3_20200710_L2A0004922278_12483_5632.png,train/labels/GF1_WFV2_E118.9_N24.3_20200710_L2A0004922278_12483_5632.txt,512,512,0,0,0.236328125,0.544921875,0.046875,0.04296875,1.25,24,22,30,27.5,27.5,30,825,1.09090909091
train,train/images/GF1_WFV2_E118.9_N24.3_20200710_L2A0004922278_12800_4608.png,train/labels/GF1_WFV2_E118.9_N24.3_20200710_L2A0004922278_12800_4608.txt,512,512,0,0,0.9892578125,0.845703125,0.021484375,0.04296875,1.25,11,22,13.75,27.5,13.75,27.5,378.125,2
train,train/images/GF1_WFV2_E118.9_N24.3_20200710_L2A0004922278_12800_4608.png,train/labels/GF1_WFV2_E118.9_N24.3_20200710_L2A0004922278_12800_4608.txt,512,512,0,1,0.939453125,0.86328125,0.0390625,0.04296875,1.25,20,22,25,27.5,25,27.5,687.5,1.1
train,train/images/GF1_WFV2_E118.9_N24.3_20200710_L2A0004922278_12800_4608.png,train/labels/GF1_WFV2_E118.9_N24.3_20200710_L2A0004922278_12800_4608.txt,512,512,0,2,0.65614334471,0.453367875648,0.0153583617747,0.0217616580311,1.25,7.86348122867,11.1419689119,9.82935153584,13.9274611399,9.82935153584,13.9274611399,136.897911546,1.41692573402
train,train/images/GF1_WFV2_E118.9_N24.3_20200710_L2A0004922278_12800_5120.png,train/labels/GF1_WFV2_E118.9_N24.3_20200710_L2A0004922278_12800_5120.txt,512,512,0,0,0.26171875,0.822265625,0.046875,0.0546875,1.25,24,28,30,35,30,35,1050,1.16666666667
train,train/images/GF1_WFV2_E118.9_N24.3_20200710_L2A0004922278_12995_4608.png,train/labels/GF1_WFV2_E118.9_N24.3_20200710_L2A0004922278_12995_4608.txt,512,512,0,0,0.6748046875,0.73046875,0.044921875,0.04296875,1.25,23,22,28.75,27.5,27.5,28.75,790.625,1.04545454545
train,train/images/GF1_WFV2_E118.9_N24.3_20200710_L2A0004922278_12995_4608.png,train/labels/GF1_WFV2_E118.9_N24.3_20200710_L2A0004922278_12995_4608.txt,512,512,0,1,0.615234375,0.84375,0.0390625,0.0390625,1.25,20,20,25,25,25,25,625,1
train,train/images/GF1_WFV2_E118.9_N24.3_20200710_L2A0004922278_12995_4608.png,train/labels/GF1_WFV2_E118.9_N24.3_20200710_L2A0004922278_12995_4608.txt,512,512,0,2,0.5625,0.861328125,0.04296875,0.046875,1.25,22,24,27.5,30,27.5,30,825,1.09090909091
train,train/images/GF1_WFV2_E118.9_N24.3_20200710_L2A0004922278_12995_4608.png,train/labels/GF1_WFV2_E118.9_N24.3_20200710_L2A0004922278_12995_4608.txt,512,512,0,3,0.274317406143,0.453367875648,0.0145051194539,0.019689119171,1.25,7.42662116041,10.0808290155,9.28327645051,12.6010362694,9.28327645051,12.6010362694,116.978903252,1.35739103932
train,train/images/GF1_WFV2_E118.9_N24.3_20200710_L2A0004922278_13312_4608.png,train/labels/GF1_WFV2_E118.9_N24.3_20200710_L2A0004922278_13312_4608.txt,512,512,0,0,0.060546875,0.732421875,0.0390625,0.046875,1.25,20,24,25,30,25,30,750,1.2
train,train/images/GF1_WFV2_E118.9_N24.3_20200710_L2A0004922278_13507_3584.png,train/labels/GF1_WFV2_E118.9_N24.3_20200710_L2A0004922278_13507_3584.txt,512,512,0,0,0.81640625,0.865234375,0.02734375,0.046875,1.25,14,24,17.5,30,17.5,30,525,1.71428571429
train,train/images/GF1_WFV2_E118.9_N24.3_20200710_L2A0004922278_13507_3584.png,train/labels/GF1_WFV2_E118.9_N24.3_20200710_L2A0004922278_13507_3584.txt,512,512,0,1,0.899317406143,0.440932642487,0.0170648464164,0.019689119171,1.25,8.73720136519,10.0808290155,10.9215017065,12.6010362694,10.9215017065,12.6010362694,137.62223912,1.15378238342
train,train/images/GF1_WFV2_E118.9_N24.3_20200710_L2A0004922278_13507_5120.png,train/labels/GF1_WFV2_E118.9_N24.3_20200710_L2A0004922278_13507_5120.txt,512,512,0,0,0.455078125,0.4384765625,0.02734375,0.033203125,1.25,14,17,17.5,21.25,17.5,21.25,371.875,1.21428571429
train,train/images/GF1_WFV2_E118.9_N24.3_20200710_L2A0004922278_13824_3584.png,train/labels/GF1_WFV2_E118.9_N24.3_20200710_L2A0004922278_13824_3584.txt,512,512,0,0,0.1943359375,0.8681640625,0.033203125,0.048828125,1.25,17,25,21.25,31.25,21.25,31.25,664.0625,1.47058823529
train,train/images/GF1_WFV2_E118.9_N24.3_20200710_L2A0004922278_13824_3584.png,train/labels/GF1_WFV2_E118.9_N24.3_20200710_L2A0004922278_13824_3584.txt,512,512,0,1,0.28114334471,0.441450777202,0.0162116040956,0.0186528497409,1.25,8.30034129693,9.55025906736,10.3754266212,11.9378238342,10.3754266212,11.9378238342,123.860015208,1.15058631034
train,train/images/GF1_WFV2_E118.9_N24.3_20200710_L2A0004922278_1536_10752.png,train/labels/GF1_WFV2_E118.9_N24.3_20200710_L2A0004922278_1536_10752.txt,512,512,0,0,0.033203125,0.62109375,0.0546875,0.05078125,1.25,28,26,35,32.5,32.5,35,1137.5,1.07692307692
train,train/images/GF1_WFV2_E118.9_N24.3_20200710_L2A0004922278_2048_11776.png,train/labels/GF1_WFV2_E118.9_N24.3_20200710_L2A0004922278_2048_11776.txt,512,512,0,0,0.8369140625,0.1953125,0.080078125,0.0703125,1.25,41,36,51.25,45,45,51.25,2306.25,1.13888888889
train,train/images/GF1_WFV2_E118.9_N24.3_20200710_L2A0004922278_2048_12288.png,train/labels/GF1_WFV2_E118.9_N24.3_20200710_L2A0004922278_2048_12288.txt,512,512,0,0,0.529296875,0.220703125,0.0546875,0.0390625,1.25,28,20,35,25,25,35,875,1.4
train,train/images/GF1_WFV2_E118.9_N24.3_20200710_L2A0004922278_2048_6144.png,train/labels/GF1_WFV2_E118.9_N24.3_20200710_L2A0004922278_2048_6144.txt,512,512,0,0,0.716796875,0.8544921875,0.02734375,0.044921875,1.25,14,23,17.5,28.75,17.5,28.75,503.125,1.64285714286
train,train/images/GF1_WFV2_E118.9_N24.3_20200710_L2A0004922278_2048_6144.png,train/labels/GF1_WFV2_E118.9_N24.3_20200710_L2A0004922278_2048_6144.txt,512,512,0,1,0.546875,0.5693359375,0.03125,0.033203125,1.25,16,17,20,21.25,20,21.25,425,1.0625
train,train/images/GF1_WFV2_E118.9_N24.3_20200710_L2A0004922278_2048_7680.png,train/labels/GF1_WFV2_E118.9_N24.3_20200710_L2A0004922278_2048_7680.txt,512,512,0,0,0.873046875,0.2978515625,0.0546875,0.041015625,1.25,28,21,35,26.25,26.25,35,918.75,1.33333333333
train,train/images/GF1_WFV2_E118.9_N24.3_20200710_L2A0004922278_2048_9216.png,train/labels/GF1_WFV2_E118.9_N24.3_20200710_L2A0004922278_2048_9216.txt,512,512,0,0,0.1943359375,0.55078125,0.056640625,0.04296875,1.25,29,22,36.25,27.5,27.5,36.25,996.875,1.31818181818
train,train/images/GF1_WFV2_E118.9_N24.3_20200710_L2A0004922278_2048_9216.png,train/labels/GF1_WFV2_E118.9_N24.3_20200710_L2A0004922278_2048_9216.txt,512,512,0,1,0.3505859375,0.5107421875,0.056640625,0.037109375,1.25,29,19,36.25,23.75,23.75,36.25,860.9375,1.52631578947
train,train/images/GF1_WFV2_E118.9_N24.3_20200710_L2A0004922278_2048_9216.png,train/labels/GF1_WFV2_E118.9_N24.3_20200710_L2A0004922278_2048_9216.txt,512,512,0,2,0.75390625,0.8486328125,0.0390625,0.033203125,1.25,20,17,25,21.25,21.25,25,531.25,1.17647058824
train,train/images/GF1_WFV2_E118.9_N24.3_20200710_L2A0004922278_2048_9216.png,train/labels/GF1_WFV2_E118.9_N24.3_20200710_L2A0004922278_2048_9216.txt,512,512,0,3,0.1044921875,0.548828125,0.033203125,0.02734375,1.25,17,14,21.25,17.5,17.5,21.25,371.875,1.21428571429
train,train/images/GF1_WFV2_E118.9_N24.3_20200710_L2A0004922278_2560_10240.png,train/labels/GF1_WFV2_E118.9_N24.3_20200710_L2A0004922278_2560_10240.txt,512,512,0,0,0.66796875,0.4306640625,0.0625,0.056640625,1.25,32,29,40,36.25,36.25,40,1450,1.10344827586
train,train/images/GF1_WFV2_E118.9_N24.3_20200710_L2A0004922278_2560_12800.png,train/labels/GF1_WFV2_E118.9_N24.3_20200710_L2A0004922278_2560_12800.txt,512,512,0,0,0.7451171875,0.7900390625,0.033203125,0.037109375,1.25,17,19,21.25,23.75,21.25,23.75,504.6875,1.11764705882
train,train/images/GF1_WFV2_E118.9_N24.3_20200710_L2A0004922278_2560_12800.png,train/labels/GF1_WFV2_E118.9_N24.3_20200710_L2A0004922278_2560_12800.txt,512,512,0,1,0.314453125,0.8662109375,0.03125,0.037109375,1.25,16,19,20,23.75,20,23.75,475,1.1875
train,train/images/GF1_WFV2_E118.9_N24.3_20200710_L2A0004922278_2560_7168.png,train/labels/GF1_WFV2_E118.9_N24.3_20200710_L2A0004922278_2560_7168.txt,512,512,0,0,0.6162109375,0.08984375,0.037109375,0.046875,1.25,19,24,23.75,30,23.75,30,712.5,1.26315789474
train,train/images/GF1_WFV2_E118.9_N24.3_20200710_L2A0004922278_2560_9216.png,train/labels/GF1_WFV2_E118.9_N24.3_20200710_L2A0004922278_2560_9216.txt,512,512,0,0,0.1904296875,0.2109375,0.037109375,0.03515625,1.25,19,18,23.75,22.5,22.5,23.75,534.375,1.05555555556
train,train/images/GF1_WFV2_E118.9_N24.3_20200710_L2A0004922278_3072_10752.png,train/labels/GF1_WFV2_E118.9_N24.3_20200710_L2A0004922278_3072_10752.txt,512,512,0,0,0.9267578125,0.68359375,0.025390625,0.0390625,1.25,13,20,16.25,25,16.25,25,406.25,1.53846153846
train,train/images/GF1_WFV2_E118.9_N24.3_20200710_L2A0004922278_3072_12800.png,train/labels/GF1_WFV2_E118.9_N24.3_20200710_L2A0004922278_3072_12800.txt,512,512,0,0,0.142578125,0.953125,0.03515625,0.02734375,1.25,18,14,22.5,17.5,17.5,22.5,393.75,1.28571428571
train,train/images/GF1_WFV2_E118.9_N24.3_20200710_L2A0004922278_3072_7680.png,train/labels/GF1_WFV2_E118.9_N24.3_20200710_L2A0004922278_3072_7680.txt,512,512,0,0,0.9599609375,0.1318359375,0.060546875,0.056640625,1.25,31,29,38.75,36.25,36.25,38.75,1404.6875,1.06896551724
train,train/images/GF1_WFV2_E118.9_N24.3_20200710_L2A0004922278_3072_7680.png,train/labels/GF1_WFV2_E118.9_N24.3_20200710_L2A0004922278_3072_7680.txt,512,512,0,1,0.8212890625,0.7822265625,0.048828125,0.056640625,1.25,25,29,31.25,36.25,31.25,36.25,1132.8125,1.16
train,train/images/GF1_WFV2_E118.9_N24.3_20200710_L2A0004922278_3072_9216.png,train/labels/GF1_WFV2_E118.9_N24.3_20200710_L2A0004922278_3072_9216.txt,512,512,0,0,0.5625,0.2939453125,0.046875,0.041015625,1.25,24,21,30,26.25,26.25,30,787.5,1.14285714286
train,train/images/GF1_WFV2_E118.9_N24.3_20200710_L2A0004922278_3072_9216.png,train/labels/GF1_WFV2_E118.9_N24.3_20200710_L2A0004922278_3072_9216.txt,512,512,0,1,0.2861328125,0.09375,0.056640625,0.03515625,1.25,29,18,36.25,22.5,22.5,36.25,815.625,1.61111111111
train,train/images/GF1_WFV2_E118.9_N24.3_20200710_L2A0004922278_3072_9216.png,train/labels/GF1_WFV2_E118.9_N24.3_20200710_L2A0004922278_3072_9216.txt,512,512,0,2,0.6064453125,0.431640625,0.052734375,0.05078125,1.25,27,26,33.75,32.5,32.5,33.75,1096.875,1.03846153846
train,train/images/GF1_WFV2_E118.9_N24.3_20200710_L2A0004922278_3072_9216.png,train/labels/GF1_WFV2_E118.9_N24.3_20200710_L2A0004922278_3072_9216.txt,512,512,0,3,0.7685546875,0.4755859375,0.072265625,0.052734375,1.25,37,27,46.25,33.75,33.75,46.25,1560.9375,1.37037037037
train,train/images/GF1_WFV2_E118.9_N24.3_20200710_L2A0004922278_3072_9216.png,train/labels/GF1_WFV2_E118.9_N24.3_20200710_L2A0004922278_3072_9216.txt,512,512,0,4,0.8720703125,0.7431640625,0.068359375,0.052734375,1.25,35,27,43.75,33.75,33.75,43.75,1476.5625,1.2962962963
train,train/images/GF1_WFV2_E118.9_N24.3_20200710_L2A0004922278_3584_11264.png,train/labels/GF1_WFV2_E118.9_N24.3_20200710_L2A0004922278_3584_11264.txt,512,512,0,0,0.2333984375,0.1279296875,0.060546875,0.072265625,1.25,31,37,38.75,46.25,38.75,46.25,1792.1875,1.1935483871
train,train/images/GF1_WFV2_E118.9_N24.3_20200710_L2A0004922278_3584_12800.png,train/labels/GF1_WFV2_E118.9_N24.3_20200710_L2A0004922278_3584_12800.txt,512,512,0,0,0.21875,0.5107421875,0.03125,0.037109375,1.25,16,19,20,23.75,20,23.75,475,1.1875
train,train/images/GF1_WFV2_E118.9_N24.3_20200710_L2A0004922278_3584_12800.png,train/labels/GF1_WFV2_E118.9_N24.3_20200710_L2A0004922278_3584_12800.txt,512,512,0,1,0.3896484375,0.36328125,0.037109375,0.04296875,1.25,19,22,23.75,27.5,23.75,27.5,653.125,1.15789473684
train,train/images/GF1_WFV2_E118.9_N24.3_20200710_L2A0004922278_3584_12800.png,train/labels/GF1_WFV2_E118.9_N24.3_20200710_L2A0004922278_3584_12800.txt,512,512,0,2,0.533203125,0.259765625,0.03125,0.0390625,1.25,16,20,20,25,20,25,500,1.25
train,train/images/GF1_WFV2_E118.9_N24.3_20200710_L2A0004922278_3584_8192.png,train/labels/GF1_WFV2_E118.9_N24.3_20200710_L2A0004922278_3584_8192.txt,512,512,0,0,0.10546875,0.671875,0.046875,0.05078125,1.25,24,26,30,32.5,30,32.5,975,1.08333333333
train,train/images/GF1_WFV2_E118.9_N24.3_20200710_L2A0004922278_3584_8192.png,train/labels/GF1_WFV2_E118.9_N24.3_20200710_L2A0004922278_3584_8192.txt,512,512,0,1,0.294921875,0.8798828125,0.04296875,0.041015625,1.25,22,21,27.5,26.25,26.25,27.5,721.875,1.04761904762
train,train/images/GF1_WFV2_E118.9_N24.3_20200710_L2A0004922278_3584_9728.png,train/labels/GF1_WFV2_E118.9_N24.3_20200710_L2A0004922278_3584_9728.txt,512,512,0,0,0.52734375,0.59375,0.046875,0.0390625,1.25,24,20,30,25,25,30,750,1.2
train,train/images/GF1_WFV2_E118.9_N24.3_20200710_L2A0004922278_512_10240.png,train/labels/GF1_WFV2_E118.9_N24.3_20200710_L2A0004922278_512_10240.txt,512,512,0,0,0.609375,0.7685546875,0.04296875,0.033203125,1.25,22,17,27.5,21.25,21.25,27.5,584.375,1.29411764706
train,train/images/GF1_WFV2_E118.9_N24.3_20200710_L2A0004922278_512_10752.png,train/labels/GF1_WFV2_E118.9_N24.3_20200710_L2A0004922278_512_10752.txt,512,512,0,0,0.7392578125,0.802734375,0.044921875,0.04296875,1.25,23,22,28.75,27.5,27.5,28.75,790.625,1.04545454545
train,train/images/GF1_WFV2_E118.9_N24.3_20200710_L2A0004922278_512_10752.png,train/labels/GF1_WFV2_E118.9_N24.3_20200710_L2A0004922278_512_10752.txt,512,512,0,1,0.4384765625,0.5576171875,0.041015625,0.037109375,1.25,21,19,26.25,23.75,23.75,26.25,623.4375,1.10526315789
train,train/images/GF1_WFV2_E118.9_N24.3_20200710_L2A0004922278_512_10752.png,train/labels/GF1_WFV2_E118.9_N24.3_20200710_L2A0004922278_512_10752.txt,512,512,0,2,0.6494140625,0.4619140625,0.037109375,0.037109375,1.25,19,19,23.75,23.75,23.75,23.75,564.0625,1
train,train/images/GF1_WFV2_E118.9_N24.3_20200710_L2A0004922278_512_10752.png,train/labels/GF1_WFV2_E118.9_N24.3_20200710_L2A0004922278_512_10752.txt,512,512,0,3,0.1875,0.1943359375,0.0390625,0.037109375,1.25,20,19,25,23.75,23.75,25,593.75,1.05263157895
train,train/images/GF1_WFV2_E118.9_N24.3_20200710_L2A0004922278_512_11776.png,train/labels/GF1_WFV2_E118.9_N24.3_20200710_L2A0004922278_512_11776.txt,512,512,0,0,0.685546875,0.1806640625,0.046875,0.048828125,1.25,24,25,30,31.25,30,31.25,937.5,1.04166666667
train,train/images/GF1_WFV2_E118.9_N24.3_20200710_L2A0004922278_512_11776.png,train/labels/GF1_WFV2_E118.9_N24.3_20200710_L2A0004922278_512_11776.txt,512,512,0,1,0.7412109375,0.12109375,0.056640625,0.0546875,1.25,29,28,36.25,35,35,36.25,1268.75,1.03571428571
train,train/images/GF1_WFV2_E118.9_N24.3_20200710_L2A0004922278_512_11776.png,train/labels/GF1_WFV2_E118.9_N24.3_20200710_L2A0004922278_512_11776.txt,512,512,0,2,0.9794921875,0.5126953125,0.041015625,0.072265625,1.25,21,37,26.25,46.25,26.25,46.25,1214.0625,1.7619047619
train,train/images/GF1_WFV2_E118.9_N24.3_20200710_L2A0004922278_6144_12800.png,train/labels/GF1_WFV2_E118.9_N24.3_20200710_L2A0004922278_6144_12800.txt,512,512,0,0,0.8251953125,0.529296875,0.041015625,0.04296875,1.25,21,22,26.25,27.5,26.25,27.5,721.875,1.04761904762
train,train/images/GF1_WFV2_E118.9_N24.3_20200710_L2A0004922278_6144_12800.png,train/labels/GF1_WFV2_E118.9_N24.3_20200710_L2A0004922278_6144_12800.txt,512,512,0,1,0.97265625,0.2998046875,0.05078125,0.044921875,1.25,26,23,32.5,28.75,28.75,32.5,934.375,1.13043478261
train,train/images/GF1_WFV2_E118.9_N24.3_20200710_L2A0004922278_6144_12800.png,train/labels/GF1_WFV2_E118.9_N24.3_20200710_L2A0004922278_6144_12800.txt,512,512,0,2,0.919921875,0.30078125,0.0390625,0.0390625,1.25,20,20,25,25,25,25,625,1
train,train/images/GF1_WFV2_E118.9_N24.3_20200710_L2A0004922278_6144_13824.png,train/labels/GF1_WFV2_E118.9_N24.3_20200710_L2A0004922278_6144_13824.txt,512,512,0,0,0.548828125,0.24609375,0.046875,0.04296875,1.25,24,22,30,27.5,27.5,30,825,1.09090909091
train,train/images/GF1_WFV2_E118.9_N24.3_20200710_L2A0004922278_6656_12288.png,train/labels/GF1_WFV2_E118.9_N24.3_20200710_L2A0004922278_6656_12288.txt,512,512,0,0,0.3662109375,0.423828125,0.033203125,0.04296875,1.25,17,22,21.25,27.5,21.25,27.5,584.375,1.29411764706
train,train/images/GF1_WFV2_E118.9_N24.3_20200710_L2A0004922278_6656_12288.png,train/labels/GF1_WFV2_E118.9_N24.3_20200710_L2A0004922278_6656_12288.txt,512,512,0,1,0.3974609375,0.45703125,0.029296875,0.046875,1.25,15,24,18.75,30,18.75,30,562.5,1.6
train,train/images/GF1_WFV2_E118.9_N24.3_20200710_L2A0004922278_6656_12288.png,train/labels/GF1_WFV2_E118.9_N24.3_20200710_L2A0004922278_6656_12288.txt,512,512,0,2,0.2529296875,0.630859375,0.029296875,0.0390625,1.25,15,20,18.75,25,18.75,25,468.75,1.33333333333
train,train/images/GF1_WFV2_E118.9_N24.3_20200710_L2A0004922278_6656_12288.png,train/labels/GF1_WFV2_E118.9_N24.3_20200710_L2A0004922278_6656_12288.txt,512,512,0,3,0.330078125,0.6328125,0.02734375,0.046875,1.25,14,24,17.5,30,17.5,30,525,1.71428571429
train,train/images/GF1_WFV2_E118.9_N24.3_20200710_L2A0004922278_7168_13312.png,train/labels/GF1_WFV2_E118.9_N24.3_20200710_L2A0004922278_7168_13312.txt,512,512,0,0,0.87109375,0.3515625,0.0390625,0.02734375,1.25,20,14,25,17.5,17.5,25,437.5,1.42857142857
train,train/images/GF1_WFV2_E118.9_N24.3_20200710_L2A0004922278_7168_13312.png,train/labels/GF1_WFV2_E118.9_N24.3_20200710_L2A0004922278_7168_13312.txt,512,512,0,1,0.3916015625,0.658203125,0.044921875,0.02734375,1.25,23,14,28.75,17.5,17.5,28.75,503.125,1.64285714286
train,train/images/GF1_WFV2_E118.9_N24.3_20200710_L2A0004922278_9216_13312.png,train/labels/GF1_WFV2_E118.9_N24.3_20200710_L2A0004922278_9216_13312.txt,512,512,0,0,0.2060546875,0.498046875,0.044921875,0.04296875,1.25,23,22,28.75,27.5,27.5,28.75,790.625,1.04545454545
train,train/images/GF1_WFV2_E118.9_N24.3_20200710_L2A0004922278_9728_13824.png,train/labels/GF1_WFV2_E118.9_N24.3_20200710_L2A0004922278_9728_13824.txt,512,512,0,0,0.17578125,0.2255859375,0.0390625,0.029296875,1.25,20,15,25,18.75,18.75,25,468.75,1.33333333333
train,train/images/GF1_WFV2_E123.6_N29.3_20190910_L2A0004239231_0_11264.png,train/labels/GF1_WFV2_E123.6_N29.3_20190910_L2A0004239231_0_11264.txt,512,512,0,0,0.779296875,0.560546875,0.0625,0.046875,1.25,32,24,40,30,30,40,1200,1.33333333333
train,train/images/GF1_WFV2_E123.6_N29.3_20190910_L2A0004239231_1024_10240.png,train/labels/GF1_WFV2_E123.6_N29.3_20190910_L2A0004239231_1024_10240.txt,512,512,0,0,0.8994140625,0.7763671875,0.029296875,0.048828125,1.25,15,25,18.75,31.25,18.75,31.25,585.9375,1.66666666667
train,train/images/GF1_WFV2_E123.6_N29.3_20190910_L2A0004239231_1024_10752.png,train/labels/GF1_WFV2_E123.6_N29.3_20190910_L2A0004239231_1024_10752.txt,512,512,0,0,0.2998046875,0.4677734375,0.048828125,0.060546875,1.25,25,31,31.25,38.75,31.25,38.75,1210.9375,1.24
train,train/images/GF1_WFV2_E123.6_N29.3_20190910_L2A0004239231_1024_10752.png,train/labels/GF1_WFV2_E123.6_N29.3_20190910_L2A0004239231_1024_10752.txt,512,512,0,1,0.5146484375,0.60546875,0.037109375,0.05078125,1.25,19,26,23.75,32.5,23.75,32.5,771.875,1.36842105263
train,train/images/GF1_WFV2_E123.6_N29.3_20190910_L2A0004239231_1024_10752.png,train/labels/GF1_WFV2_E123.6_N29.3_20190910_L2A0004239231_1024_10752.txt,512,512,0,2,0.9169921875,0.251953125,0.037109375,0.046875,1.25,19,24,23.75,30,23.75,30,712.5,1.26315789474
train,train/images/GF1_WFV2_E123.6_N29.3_20190910_L2A0004239231_1024_11264.png,train/labels/GF1_WFV2_E123.6_N29.3_20190910_L2A0004239231_1024_11264.txt,512,512,0,0,0.8125,0.7841796875,0.05859375,0.068359375,1.25,30,35,37.5,43.75,37.5,43.75,1640.625,1.16666666667
train,train/images/GF1_WFV2_E123.6_N29.3_20190910_L2A0004239231_1024_11776.png,train/labels/GF1_WFV2_E123.6_N29.3_20190910_L2A0004239231_1024_11776.txt,512,512,0,0,0.5927734375,0.3603515625,0.048828125,0.060546875,1.25,25,31,31.25,38.75,31.25,38.75,1210.9375,1.24
train,train/images/GF1_WFV2_E123.6_N29.3_20190910_L2A0004239231_1024_11776.png,train/labels/GF1_WFV2_E123.6_N29.3_20190910_L2A0004239231_1024_11776.txt,512,512,0,1,0.6982421875,0.7470703125,0.056640625,0.056640625,1.25,29,29,36.25,36.25,36.25,36.25,1314.0625,1
train,train/images/GF1_WFV2_E123.6_N29.3_20190910_L2A0004239231_1024_12288.png,train/labels/GF1_WFV2_E123.6_N29.3_20190910_L2A0004239231_1024_12288.txt,512,512,0,0,0.5087890625,0.697265625,0.044921875,0.0546875,1.25,23,28,28.75,35,28.75,35,1006.25,1.21739130435
train,train/images/GF1_WFV2_E123.6_N29.3_20190910_L2A0004239231_1024_8192.png,train/labels/GF1_WFV2_E123.6_N29.3_20190910_L2A0004239231_1024_8192.txt,512,512,0,0,0.128839590444,0.749222797927,0.018771331058,0.020725388601,1.25,9.61092150171,10.6113989637,12.0136518771,13.2642487047,12.0136518771,13.2642487047,159.35206635,1.10409797456
train,train/images/GF1_WFV2_E123.6_N29.3_20190910_L2A0004239231_1536_10240.png,train/labels/GF1_WFV2_E123.6_N29.3_20190910_L2A0004239231_1536_10240.txt,512,512,0,0,0.16796875,0.8359375,0.046875,0.0625,1.25,24,32,30,40,30,40,1200,1.33333333333
train,train/images/GF1_WFV2_E123.6_N29.3_20190910_L2A0004239231_1536_10240.png,train/labels/GF1_WFV2_E123.6_N29.3_20190910_L2A0004239231_1536_10240.txt,512,512,0,1,0.5849609375,0.3544921875,0.052734375,0.056640625,1.25,27,29,33.75,36.25,33.75,36.25,1223.4375,1.07407407407
train,train/images/GF1_WFV2_E123.6_N29.3_20190910_L2A0004239231_1536_3072.png,train/labels/GF1_WFV2_E123.6_N29.3_20190910_L2A0004239231_1536_3072.txt,512,512,0,0,0.775390625,0.9716796875,0.046875,0.037109375,1.25,24,19,30,23.75,23.75,30,712.5,1.26315789474
train,train/images/GF1_WFV2_E123.6_N29.3_20190910_L2A0004239231_1536_4096.png,train/labels/GF1_WFV2_E123.6_N29.3_20190910_L2A0004239231_1536_4096.txt,512,512,0,0,0.7607421875,0.3095703125,0.064453125,0.041015625,1.25,33,21,41.25,26.25,26.25,41.25,1082.8125,1.57142857143
train,train/images/GF1_WFV2_E123.6_N29.3_20190910_L2A0004239231_1536_4096.png,train/labels/GF1_WFV2_E123.6_N29.3_20190910_L2A0004239231_1536_4096.txt,512,512,0,1,0.7939453125,0.83203125,0.076171875,0.05078125,1.25,39,26,48.75,32.5,32.5,48.75,1584.375,1.5
train,train/images/GF1_WFV2_E123.6_N29.3_20190910_L2A0004239231_1536_4096.png,train/labels/GF1_WFV2_E123.6_N29.3_20190910_L2A0004239231_1536_4096.txt,512,512,0,2,0.591796875,0.740234375,0.0703125,0.05078125,1.25,36,26,45,32.5,32.5,45,1462.5,1.38461538462
train,train/images/GF1_WFV2_E123.6_N29.3_20190910_L2A0004239231_1536_4096.png,train/labels/GF1_WFV2_E123.6_N29.3_20190910_L2A0004239231_1536_4096.txt,512,512,0,3,0.4482421875,0.865234375,0.056640625,0.03515625,1.25,29,18,36.25,22.5,22.5,36.25,815.625,1.61111111111
train,train/images/GF1_WFV2_E123.6_N29.3_20190910_L2A0004239231_1536_4608.png,train/labels/GF1_WFV2_E123.6_N29.3_20190910_L2A0004239231_1536_4608.txt,512,512,0,0,0.6787109375,0.0224609375,0.037109375,0.044921875,1.25,19,23,23.75,28.75,23.75,28.75,682.8125,1.21052631579
train,train/images/GF1_WFV2_E123.6_N29.3_20190910_L2A0004239231_1536_4608.png,train/labels/GF1_WFV2_E123.6_N29.3_20190910_L2A0004239231_1536_4608.txt,512,512,0,1,0.96875,0.0166015625,0.05859375,0.033203125,1.25,30,17,37.5,21.25,21.25,37.5,796.875,1.76470588235
train,train/images/GF1_WFV2_E123.6_N29.3_20190910_L2A0004239231_1536_4608.png,train/labels/GF1_WFV2_E123.6_N29.3_20190910_L2A0004239231_1536_4608.txt,512,512,0,2,0.54296875,0.330078125,0.08203125,0.05078125,1.25,42,26,52.5,32.5,32.5,52.5,1706.25,1.61538461538
train,train/images/GF1_WFV2_E123.6_N29.3_20190910_L2A0004239231_1536_4608.png,train/labels/GF1_WFV2_E123.6_N29.3_20190910_L2A0004239231_1536_4608.txt,512,512,0,3,0.2314453125,0.361328125,0.064453125,0.05078125,1.25,33,26,41.25,32.5,32.5,41.25,1340.625,1.26923076923
train,train/images/GF1_WFV2_E123.6_N29.3_20190910_L2A0004239231_1536_4608.png,train/labels/GF1_WFV2_E123.6_N29.3_20190910_L2A0004239231_1536_4608.txt,512,512,0,4,0.732421875,0.5830078125,0.0625,0.052734375,1.25,32,27,40,33.75,33.75,40,1350,1.18518518519
train,train/images/GF1_WFV2_E123.6_N29.3_20190910_L2A0004239231_1536_4608.png,train/labels/GF1_WFV2_E123.6_N29.3_20190910_L2A0004239231_1536_4608.txt,512,512,0,5,0.6474609375,0.5498046875,0.037109375,0.041015625,1.25,19,21,23.75,26.25,23.75,26.25,623.4375,1.10526315789
train,train/images/GF1_WFV2_E123.6_N29.3_20190910_L2A0004239231_1536_4608.png,train/labels/GF1_WFV2_E123.6_N29.3_20190910_L2A0004239231_1536_4608.txt,512,512,0,6,0.296875,0.962890625,0.0625,0.04296875,1.25,32,22,40,27.5,27.5,40,1100,1.45454545455
train,train/images/GF1_WFV2_E123.6_N29.3_20190910_L2A0004239231_1536_4608.png,train/labels/GF1_WFV2_E123.6_N29.3_20190910_L2A0004239231_1536_4608.txt,512,512,0,7,0.2421875,0.7666015625,0.0546875,0.041015625,1.25,28,21,35,26.25,26.25,35,918.75,1.33333333333
train,train/images/GF1_WFV2_E123.6_N29.3_20190910_L2A0004239231_1536_4608.png,train/labels/GF1_WFV2_E123.6_N29.3_20190910_L2A0004239231_1536_4608.txt,512,512,0,8,0.544921875,0.8701171875,0.0546875,0.041015625,1.25,28,21,35,26.25,26.25,35,918.75,1.33333333333
train,train/images/GF1_WFV2_E123.6_N29.3_20190910_L2A0004239231_1536_4608.png,train/labels/GF1_WFV2_E123.6_N29.3_20190910_L2A0004239231_1536_4608.txt,512,512,0,9,0.4794921875,0.97265625,0.052734375,0.046875,1.25,27,24,33.75,30,30,33.75,1012.5,1.125
train,train/images/GF1_WFV2_E123.6_N29.3_20190910_L2A0004239231_1536_7168.png,train/labels/GF1_WFV2_E123.6_N29.3_20190910_L2A0004239231_1536_7168.txt,512,512,0,0,0.451171875,0.9560546875,0.05859375,0.052734375,1.25,30,27,37.5,33.75,33.75,37.5,1265.625,1.11111111111
train,train/images/GF1_WFV2_E123.6_N29.3_20190910_L2A0004239231_1536_9728.png,train/labels/GF1_WFV2_E123.6_N29.3_20190910_L2A0004239231_1536_9728.txt,512,512,0,0,0.3701171875,0.55078125,0.041015625,0.05078125,1.25,21,26,26.25,32.5,26.25,32.5,853.125,1.2380952381
train,train/images/GF1_WFV2_E123.6_N29.3_20190910_L2A0004239231_2048_1024.png,train/labels/GF1_WFV2_E123.6_N29.3_20190910_L2A0004239231_2048_1024.txt,512,512,0,0,0.818359375,0.9892578125,0.0390625,0.021484375,1.25,20,11,25,13.75,13.75,25,343.75,1.81818181818
train,train/images/GF1_WFV2_E123.6_N29.3_20190910_L2A0004239231_2048_11264.png,train/labels/GF1_WFV2_E123.6_N29.3_20190910_L2A0004239231_2048_11264.txt,512,512,0,0,0.8779296875,0.3544921875,0.037109375,0.033203125,1.25,19,17,23.75,21.25,21.25,23.75,504.6875,1.11764705882
train,train/images/GF1_WFV2_E123.6_N29.3_20190910_L2A0004239231_2048_1536.png,train/labels/GF1_WFV2_E123.6_N29.3_20190910_L2A0004239231_2048_1536.txt,512,512,0,0,0.625,0.5302734375,0.05859375,0.044921875,1.25,30,23,37.5,28.75,28.75,37.5,1078.125,1.30434782609
train,train/images/GF1_WFV2_E123.6_N29.3_20190910_L2A0004239231_2048_1536.png,train/labels/GF1_WFV2_E123.6_N29.3_20190910_L2A0004239231_2048_1536.txt,512,512,0,1,0.7783203125,0.349609375,0.041015625,0.02734375,1.25,21,14,26.25,17.5,17.5,26.25,459.375,1.5
train,train/images/GF1_WFV2_E123.6_N29.3_20190910_L2A0004239231_2048_1536.png,train/labels/GF1_WFV2_E123.6_N29.3_20190910_L2A0004239231_2048_1536.txt,512,512,0,2,0.916015625,0.0546875,0.0390625,0.03515625,1.25,20,18,25,22.5,22.5,25,562.5,1.11111111111
train,train/images/GF1_WFV2_E123.6_N29.3_20190910_L2A0004239231_2048_2560.png,train/labels/GF1_WFV2_E123.6_N29.3_20190910_L2A0004239231_2048_2560.txt,512,512,0,0,0.6337890625,0.1162109375,0.048828125,0.037109375,1.25,25,19,31.25,23.75,23.75,31.25,742.1875,1.31578947368
train,train/images/GF1_WFV2_E123.6_N29.3_20190910_L2A0004239231_2048_2560.png,train/labels/GF1_WFV2_E123.6_N29.3_20190910_L2A0004239231_2048_2560.txt,512,512,0,1,0.640625,0.5126953125,0.01953125,0.021484375,1.25,10,11,12.5,13.75,12.5,13.75,171.875,1.1
train,train/images/GF1_WFV2_E123.6_N29.3_20190910_L2A0004239231_2048_2560.png,train/labels/GF1_WFV2_E123.6_N29.3_20190910_L2A0004239231_2048_2560.txt,512,512,0,2,0.275390625,0.4326171875,0.0234375,0.021484375,1.25,12,11,15,13.75,13.75,15,206.25,1.09090909091
train,train/images/GF1_WFV2_E123.6_N29.3_20190910_L2A0004239231_2048_3072.png,train/labels/GF1_WFV2_E123.6_N29.3_20190910_L2A0004239231_2048_3072.txt,512,512,0,0,0.8291015625,0.9150390625,0.048828125,0.044921875,1.25,25,23,31.25,28.75,28.75,31.25,898.4375,1.08695652174
train,train/images/GF1_WFV2_E123.6_N29.3_20190910_L2A0004239231_2048_3072.png,train/labels/GF1_WFV2_E123.6_N29.3_20190910_L2A0004239231_2048_3072.txt,512,512,0,1,0.845703125,0.7470703125,0.02734375,0.021484375,1.25,14,11,17.5,13.75,13.75,17.5,240.625,1.27272727273
train,train/images/GF1_WFV2_E123.6_N29.3_20190910_L2A0004239231_2048_3584.png,train/labels/GF1_WFV2_E123.6_N29.3_20190910_L2A0004239231_2048_3584.txt,512,512,0,0,0.5029296875,0.947265625,0.052734375,0.046875,1.25,27,24,33.75,30,30,33.75,1012.5,1.125
train,train/images/GF1_WFV2_E123.6_N29.3_20190910_L2A0004239231_2048_6656.png,train/labels/GF1_WFV2_E123.6_N29.3_20190910_L2A0004239231_2048_6656.txt,512,512,0,0,0.1728515625,0.9619140625,0.044921875,0.041015625,1.25,23,21,28.75,26.25,26.25,28.75,754.6875,1.09523809524
train,train/images/GF1_WFV2_E123.6_N29.3_20190910_L2A0004239231_2048_9728.png,train/labels/GF1_WFV2_E123.6_N29.3_20190910_L2A0004239231_2048_9728.txt,512,512,0,0,0.0263671875,0.9052734375,0.048828125,0.068359375,1.25,25,35,31.25,43.75,31.25,43.75,1367.1875,1.4
train,train/images/GF1_WFV2_E123.6_N29.3_20190910_L2A0004239231_2560_0.png,train/labels/GF1_WFV2_E123.6_N29.3_20190910_L2A0004239231_2560_0.txt,512,512,0,0,0.1689453125,0.6474609375,0.044921875,0.041015625,1.25,23,21,28.75,26.25,26.25,28.75,754.6875,1.09523809524
train,train/images/GF1_WFV2_E123.6_N29.3_20190910_L2A0004239231_2560_0.png,train/labels/GF1_WFV2_E123.6_N29.3_20190910_L2A0004239231_2560_0.txt,512,512,0,1,0.2353515625,0.330078125,0.041015625,0.03515625,1.25,21,18,26.25,22.5,22.5,26.25,590.625,1.16666666667
train,train/images/GF1_WFV2_E123.6_N29.3_20190910_L2A0004239231_2560_0.png,train/labels/GF1_WFV2_E123.6_N29.3_20190910_L2A0004239231_2560_0.txt,512,512,0,2,0.408203125,0.658203125,0.0390625,0.02734375,1.25,20,14,25,17.5,17.5,25,437.5,1.42857142857
train,train/images/GF1_WFV2_E123.6_N29.3_20190910_L2A0004239231_2560_0.png,train/labels/GF1_WFV2_E123.6_N29.3_20190910_L2A0004239231_2560_0.txt,512,512,0,3,0.34765625,0.6845703125,0.046875,0.025390625,1.25,24,13,30,16.25,16.25,30,487.5,1.84615384615
train,train/images/GF1_WFV2_E123.6_N29.3_20190910_L2A0004239231_2560_1024.png,train/labels/GF1_WFV2_E123.6_N29.3_20190910_L2A0004239231_2560_1024.txt,512,512,0,0,0.2177734375,0.6982421875,0.048828125,0.037109375,1.25,25,19,31.25,23.75,23.75,31.25,742.1875,1.31578947368
train,train/images/GF1_WFV2_E123.6_N29.3_20190910_L2A0004239231_2560_1024.png,train/labels/GF1_WFV2_E123.6_N29.3_20190910_L2A0004239231_2560_1024.txt,512,512,0,1,0.73828125,0.818359375,0.05078125,0.03515625,1.25,26,18,32.5,22.5,22.5,32.5,731.25,1.44444444444
train,train/images/GF1_WFV2_E123.6_N29.3_20190910_L2A0004239231_2560_1536.png,train/labels/GF1_WFV2_E123.6_N29.3_20190910_L2A0004239231_2560_1536.txt,512,512,0,0,0.751953125,0.8720703125,0.0390625,0.044921875,1.25,20,23,25,28.75,25,28.75,718.75,1.15
train,train/images/GF1_WFV2_E123.6_N29.3_20190910_L2A0004239231_2560_1536.png,train/labels/GF1_WFV2_E123.6_N29.3_20190910_L2A0004239231_2560_1536.txt,512,512,0,1,0.6826171875,0.775390625,0.048828125,0.046875,1.25,25,24,31.25,30,30,31.25,937.5,1.04166666667
train,train/images/GF1_WFV2_E123.6_N29.3_20190910_L2A0004239231_2560_1536.png,train/labels/GF1_WFV2_E123.6_N29.3_20190910_L2A0004239231_2560_1536.txt,512,512,0,2,0.3232421875,0.447265625,0.044921875,0.02734375,1.25,23,14,28.75,17.5,17.5,28.75,503.125,1.64285714286
train,train/images/GF1_WFV2_E123.6_N29.3_20190910_L2A0004239231_2560_2048.png,train/labels/GF1_WFV2_E123.6_N29.3_20190910_L2A0004239231_2560_2048.txt,512,512,0,0,0.2705078125,0.2861328125,0.044921875,0.033203125,1.25,23,17,28.75,21.25,21.25,28.75,610.9375,1.35294117647
train,train/images/GF1_WFV2_E123.6_N29.3_20190910_L2A0004239231_2560_2048.png,train/labels/GF1_WFV2_E123.6_N29.3_20190910_L2A0004239231_2560_2048.txt,512,512,0,1,0.775390625,0.185546875,0.0546875,0.04296875,1.25,28,22,35,27.5,27.5,35,962.5,1.27272727273
train,train/images/GF1_WFV2_E123.6_N29.3_20190910_L2A0004239231_2560_2560.png,train/labels/GF1_WFV2_E123.6_N29.3_20190910_L2A0004239231_2560_2560.txt,512,512,0,0,0.4931640625,0.7041015625,0.048828125,0.041015625,1.25,25,21,31.25,26.25,26.25,31.25,820.3125,1.19047619048
train,train/images/GF1_WFV2_E123.6_N29.3_20190910_L2A0004239231_2560_2560.png,train/labels/GF1_WFV2_E123.6_N29.3_20190910_L2A0004239231_2560_2560.txt,512,512,0,1,0.5341796875,0.8359375,0.044921875,0.0390625,1.25,23,20,28.75,25,25,28.75,718.75,1.15
train,train/images/GF1_WFV2_E123.6_N29.3_20190910_L2A0004239231_2560_3072.png,train/labels/GF1_WFV2_E123.6_N29.3_20190910_L2A0004239231_2560_3072.txt,512,512,0,0,0.9384765625,0.3544921875,0.041015625,0.060546875,1.25,21,31,26.25,38.75,26.25,38.75,1017.1875,1.47619047619
train,train/images/GF1_WFV2_E123.6_N29.3_20190910_L2A0004239231_2560_4096.png,train/labels/GF1_WFV2_E123.6_N29.3_20190910_L2A0004239231_2560_4096.txt,512,512,0,0,0.8818359375,0.8193359375,0.056640625,0.060546875,1.25,29,31,36.25,38.75,36.25,38.75,1404.6875,1.06896551724
train,train/images/GF1_WFV2_E123.6_N29.3_20190910_L2A0004239231_2560_7168.png,train/labels/GF1_WFV2_E123.6_N29.3_20190910_L2A0004239231_2560_7168.txt,512,512,0,0,0.736328125,0.3623046875,0.0625,0.060546875,1.25,32,31,40,38.75,38.75,40,1550,1.03225806452
train,train/images/GF1_WFV2_E123.6_N29.3_20190910_L2A0004239231_2560_7168.png,train/labels/GF1_WFV2_E123.6_N29.3_20190910_L2A0004239231_2560_7168.txt,512,512,0,1,0.2705078125,0.77734375,0.048828125,0.05078125,1.25,25,26,31.25,32.5,31.25,32.5,1015.625,1.04
train,train/images/GF1_WFV2_E123.6_N29.3_20190910_L2A0004239231_2560_7680.png,train/labels/GF1_WFV2_E123.6_N29.3_20190910_L2A0004239231_2560_7680.txt,512,512,0,0,0.04296875,0.078125,0.046875,0.06640625,1.25,24,34,30,42.5,30,42.5,1275,1.41666666667
train,train/images/GF1_WFV2_E123.6_N29.3_20190910_L2A0004239231_2560_8192.png,train/labels/GF1_WFV2_E123.6_N29.3_20190910_L2A0004239231_2560_8192.txt,512,512,0,0,0.4921875,0.5361328125,0.0546875,0.056640625,1.25,28,29,35,36.25,35,36.25,1268.75,1.03571428571
train,train/images/GF1_WFV2_E123.6_N29.3_20190910_L2A0004239231_2560_9216.png,train/labels/GF1_WFV2_E123.6_N29.3_20190910_L2A0004239231_2560_9216.txt,512,512,0,0,0.9384765625,0.2578125,0.056640625,0.06640625,1.25,29,34,36.25,42.5,36.25,42.5,1540.625,1.1724137931
train,train/images/GF1_WFV2_E123.6_N29.3_20190910_L2A0004239231_3072_0.png,train/labels/GF1_WFV2_E123.6_N29.3_20190910_L2A0004239231_3072_0.txt,512,512,0,0,0.4560546875,0.43359375,0.044921875,0.0625,1.25,23,32,28.75,40,28.75,40,1150,1.39130434783
train,train/images/GF1_WFV2_E123.6_N29.3_20190910_L2A0004239231_3072_0.png,train/labels/GF1_WFV2_E123.6_N29.3_20190910_L2A0004239231_3072_0.txt,512,512,0,1,0.412109375,0.8759765625,0.0390625,0.044921875,1.25,20,23,25,28.75,25,28.75,718.75,1.15
train,train/images/GF1_WFV2_E123.6_N29.3_20190910_L2A0004239231_3072_2560.png,train/labels/GF1_WFV2_E123.6_N29.3_20190910_L2A0004239231_3072_2560.txt,512,512,0,0,0.669921875,0.7939453125,0.046875,0.060546875,1.25,24,31,30,38.75,30,38.75,1162.5,1.29166666667
train,train/images/GF1_WFV2_E123.6_N29.3_20190910_L2A0004239231_3072_2560.png,train/labels/GF1_WFV2_E123.6_N29.3_20190910_L2A0004239231_3072_2560.txt,512,512,0,1,0.90234375,0.1962890625,0.05859375,0.044921875,1.25,30,23,37.5,28.75,28.75,37.5,1078.125,1.30434782609
train,train/images/GF1_WFV2_E123.6_N29.3_20190910_L2A0004239231_3072_5632.png,train/labels/GF1_WFV2_E123.6_N29.3_20190910_L2A0004239231_3072_5632.txt,512,512,0,0,0.634765625,0.384765625,0.0390625,0.04296875,1.25,20,22,25,27.5,25,27.5,687.5,1.1
train,train/images/GF1_WFV2_E123.6_N29.3_20190910_L2A0004239231_3072_8704.png,train/labels/GF1_WFV2_E123.6_N29.3_20190910_L2A0004239231_3072_8704.txt,512,512,0,0,0.0712890625,0.67578125,0.044921875,0.0546875,1.25,23,28,28.75,35,28.75,35,1006.25,1.21739130435
train,train/images/GF1_WFV2_E123.6_N29.3_20190910_L2A0004239231_3584_0.png,train/labels/GF1_WFV2_E123.6_N29.3_20190910_L2A0004239231_3584_0.txt,512,512,0,0,0.138671875,0.4208984375,0.05078125,0.037109375,1.25,26,19,32.5,23.75,23.75,32.5,771.875,1.36842105263
train,train/images/GF1_WFV2_E123.6_N29.3_20190910_L2A0004239231_3584_0.png,train/labels/GF1_WFV2_E123.6_N29.3_20190910_L2A0004239231_3584_0.txt,512,512,0,1,0.98828125,0.9375,0.01953125,0.05859375,1.25,10,30,12.5,37.5,12.5,37.5,468.75,3
train,train/images/GF1_WFV2_E123.6_N29.3_20190910_L2A0004239231_3584_0.png,train/labels/GF1_WFV2_E123.6_N29.3_20190910_L2A0004239231_3584_0.txt,512,512,0,2,0.01171875,0.734375,0.0234375,0.03515625,1.25,12,18,15,22.5,15,22.5,337.5,1.5
train,train/images/GF1_WFV2_E123.6_N29.3_20190910_L2A0004239231_3584_1024.png,train/labels/GF1_WFV2_E123.6_N29.3_20190910_L2A0004239231_3584_1024.txt,512,512,0,0,0.7646484375,0.794921875,0.052734375,0.0390625,1.25,27,20,33.75,25,25,33.75,843.75,1.35
train,train/images/GF1_WFV2_E123.6_N29.3_20190910_L2A0004239231_3584_1024.png,train/labels/GF1_WFV2_E123.6_N29.3_20190910_L2A0004239231_3584_1024.txt,512,512,0,1,0.376953125,0.87109375,0.0390625,0.04296875,1.25,20,22,25,27.5,25,27.5,687.5,1.1
train,train/images/GF1_WFV2_E123.6_N29.3_20190910_L2A0004239231_3584_1024.png,train/labels/GF1_WFV2_E123.6_N29.3_20190910_L2A0004239231_3584_1024.txt,512,512,0,2,0.3740234375,0.8369140625,0.048828125,0.044921875,1.25,25,23,31.25,28.75,28.75,31.25,898.4375,1.08695652174
train,train/images/GF1_WFV2_E123.6_N29.3_20190910_L2A0004239231_3584_3584.png,train/labels/GF1_WFV2_E123.6_N29.3_20190910_L2A0004239231_3584_3584.txt,512,512,0,0,0.5927734375,0.9150390625,0.041015625,0.052734375,1.25,21,27,26.25,33.75,26.25,33.75,885.9375,1.28571428571
train,train/images/GF1_WFV2_E123.6_N29.3_20190910_L2A0004239231_3584_512.png,train/labels/GF1_WFV2_E123.6_N29.3_20190910_L2A0004239231_3584_512.txt,512,512,0,0,0.0185546875,0.80859375,0.037109375,0.0390625,1.25,19,20,23.75,25,23.75,25,593.75,1.05263157895
train,train/images/GF1_WFV2_E123.6_N29.3_20190910_L2A0004239231_3584_512.png,train/labels/GF1_WFV2_E123.6_N29.3_20190910_L2A0004239231_3584_512.txt,512,512,0,1,0.814453125,0.3603515625,0.046875,0.041015625,1.25,24,21,30,26.25,26.25,30,787.5,1.14285714286
train,train/images/GF1_WFV2_E123.6_N29.3_20190910_L2A0004239231_3584_7680.png,train/labels/GF1_WFV2_E123.6_N29.3_20190910_L2A0004239231_3584_7680.txt,512,512,0,0,0.0738054607509,0.537823834197,0.0213310580205,0.0269430051813,1.25,10.9215017065,13.7948186528,13.6518771331,17.2435233161,13.6518771331,17.2435233161,235.406461653,1.2630880829
train,train/images/GF1_WFV2_E123.6_N29.3_20190910_L2A0004239231_4096_11776.png,train/labels/GF1_WFV2_E123.6_N29.3_20190910_L2A0004239231_4096_11776.txt,512,512,0,0,0.564453125,0.2744140625,0.0390625,0.056640625,1.25,20,29,25,36.25,25,36.25,906.25,1.45
train,train/images/GF1_WFV2_E123.6_N29.3_20190910_L2A0004239231_4096_1536.png,train/labels/GF1_WFV2_E123.6_N29.3_20190910_L2A0004239231_4096_1536.txt,512,512,0,0,0.1181640625,0.259765625,0.048828125,0.03515625,1.25,25,18,31.25,22.5,22.5,31.25,703.125,1.38888888889
train,train/images/GF1_WFV2_E123.6_N29.3_20190910_L2A0004239231_4096_1536.png,train/labels/GF1_WFV2_E123.6_N29.3_20190910_L2A0004239231_4096_1536.txt,512,512,0,1,0.154296875,0.3837890625,0.04296875,0.037109375,1.25,22,19,27.5,23.75,23.75,27.5,653.125,1.15789473684
train,train/images/GF1_WFV2_E123.6_N29.3_20190910_L2A0004239231_4096_1536.png,train/labels/GF1_WFV2_E123.6_N29.3_20190910_L2A0004239231_4096_1536.txt,512,512,0,2,0.4892578125,0.2861328125,0.048828125,0.029296875,1.25,25,15,31.25,18.75,18.75,31.25,585.9375,1.66666666667
train,train/images/GF1_WFV2_E123.6_N29.3_20190910_L2A0004239231_4096_5632.png,train/labels/GF1_WFV2_E123.6_N29.3_20190910_L2A0004239231_4096_5632.txt,512,512,0,0,0.71875,0.1572265625,0.046875,0.052734375,1.25,24,27,30,33.75,30,33.75,1012.5,1.125
train,train/images/GF1_WFV2_E123.6_N29.3_20190910_L2A0004239231_4608_10240.png,train/labels/GF1_WFV2_E123.6_N29.3_20190910_L2A0004239231_4608_10240.txt,512,512,0,0,0.6201171875,0.1787109375,0.048828125,0.052734375,1.25,25,27,31.25,33.75,31.25,33.75,1054.6875,1.08
train,train/images/GF1_WFV2_E123.6_N29.3_20190910_L2A0004239231_4608_10240.png,train/labels/GF1_WFV2_E123.6_N29.3_20190910_L2A0004239231_4608_10240.txt,512,512,0,1,0.734375,0.0654296875,0.0546875,0.041015625,1.25,28,21,35,26.25,26.25,35,918.75,1.33333333333
train,train/images/GF1_WFV2_E123.6_N29.3_20190910_L2A0004239231_4608_11264.png,train/labels/GF1_WFV2_E123.6_N29.3_20190910_L2A0004239231_4608_11264.txt,512,512,0,0,0.390625,0.103515625,0.0625,0.078125,1.25,32,40,40,50,40,50,2000,1.25
train,train/images/GF1_WFV2_E123.6_N29.3_20190910_L2A0004239231_4608_11776.png,train/labels/GF1_WFV2_E123.6_N29.3_20190910_L2A0004239231_4608_11776.txt,512,512,0,0,0.046875,0.8828125,0.046875,0.04296875,1.25,24,22,30,27.5,27.5,30,825,1.09090909091
train,train/images/GF1_WFV2_E123.6_N29.3_20190910_L2A0004239231_4608_13312.png,train/labels/GF1_WFV2_E123.6_N29.3_20190910_L2A0004239231_4608_13312.txt,512,512,0,0,0.7939453125,0.3564453125,0.033203125,0.025390625,1.25,17,13,21.25,16.25,16.25,21.25,345.3125,1.30769230769
train,train/images/GF1_WFV2_E123.6_N29.3_20190910_L2A0004239231_4608_8192.png,train/labels/GF1_WFV2_E123.6_N29.3_20190910_L2A0004239231_4608_8192.txt,512,512,0,0,0.154296875,0.1689453125,0.03515625,0.044921875,1.25,18,23,22.5,28.75,22.5,28.75,646.875,1.27777777778
train,train/images/GF1_WFV2_E123.6_N29.3_20190910_L2A0004239231_5120_10240.png,train/labels/GF1_WFV2_E123.6_N29.3_20190910_L2A0004239231_5120_10240.txt,512,512,0,0,0.0986328125,0.3349609375,0.068359375,0.072265625,1.25,35,37,43.75,46.25,43.75,46.25,2023.4375,1.05714285714
train,train/images/GF1_WFV2_E123.6_N29.3_20190910_L2A0004239231_5120_13312.png,train/labels/GF1_WFV2_E123.6_N29.3_20190910_L2A0004239231_5120_13312.txt,512,512,0,0,0.595703125,0.7626953125,0.046875,0.025390625,1.25,24,13,30,16.25,16.25,30,487.5,1.84615384615
train,train/images/GF1_WFV2_E123.6_N29.3_20190910_L2A0004239231_5120_13312.png,train/labels/GF1_WFV2_E123.6_N29.3_20190910_L2A0004239231_5120_13312.txt,512,512,0,1,0.056640625,0.4541015625,0.03515625,0.025390625,1.25,18,13,22.5,16.25,16.25,22.5,365.625,1.38461538462
train,train/images/GF1_WFV2_E123.6_N29.3_20190910_L2A0004239231_5120_13312.png,train/labels/GF1_WFV2_E123.6_N29.3_20190910_L2A0004239231_5120_13312.txt,512,512,0,2,0.447265625,0.3916015625,0.046875,0.025390625,1.25,24,13,30,16.25,16.25,30,487.5,1.84615384615
train,train/images/GF1_WFV2_E123.6_N29.3_20190910_L2A0004239231_5120_13312.png,train/labels/GF1_WFV2_E123.6_N29.3_20190910_L2A0004239231_5120_13312.txt,512,512,0,3,0.025390625,0.4228515625,0.04296875,0.033203125,1.25,22,17,27.5,21.25,21.25,27.5,584.375,1.29411764706
train,train/images/GF1_WFV2_E123.6_N29.3_20190910_L2A0004239231_5120_13312.png,train/labels/GF1_WFV2_E123.6_N29.3_20190910_L2A0004239231_5120_13312.txt,512,512,0,4,0.31640625,0.27734375,0.0390625,0.02734375,1.25,20,14,25,17.5,17.5,25,437.5,1.42857142857
train,train/images/GF1_WFV2_E123.6_N29.3_20190910_L2A0004239231_5120_13312.png,train/labels/GF1_WFV2_E123.6_N29.3_20190910_L2A0004239231_5120_13312.txt,512,512,0,5,0.47265625,0.1689453125,0.0390625,0.041015625,1.25,20,21,25,26.25,25,26.25,656.25,1.05
train,train/images/GF1_WFV2_E123.6_N29.3_20190910_L2A0004239231_5120_13312.png,train/labels/GF1_WFV2_E123.6_N29.3_20190910_L2A0004239231_5120_13312.txt,512,512,0,6,0.285836177474,0.540414507772,0.0221843003413,0.0217616580311,1.25,11.3583617747,11.1419689119,14.1979522184,13.9274611399,13.9274611399,14.1979522184,197.741427788,1.01942142045
train,train/images/GF1_WFV2_E123.6_N29.3_20190910_L2A0004239231_5120_3072.png,train/labels/GF1_WFV2_E123.6_N29.3_20190910_L2A0004239231_5120_3072.txt,512,512,0,0,0.955078125,0.580078125,0.0546875,0.03125,1.25,28,16,35,20,20,35,700,1.75
train,train/images/GF1_WFV2_E123.6_N29.3_20190910_L2A0004239231_5120_3072.png,train/labels/GF1_WFV2_E123.6_N29.3_20190910_L2A0004239231_5120_3072.txt,512,512,0,1,0.49609375,0.53515625,0.06640625,0.03515625,1.25,34,18,42.5,22.5,22.5,42.5,956.25,1.88888888889
train,train/images/GF1_WFV2_E123.6_N29.3_20190910_L2A0004239231_5120_3072.png,train/labels/GF1_WFV2_E123.6_N29.3_20190910_L2A0004239231_5120_3072.txt,512,512,0,2,0.779436860068,0.775129533679,0.0230375426621,0.0186528497409,1.25,11.795221843,9.55025906736,14.7440273038,11.9378238342,11.9378238342,14.7440273038,176.011600559,1.23506825939
train,train/images/GF1_WFV2_E123.6_N29.3_20190910_L2A0004239231_5120_4608.png,train/labels/GF1_WFV2_E123.6_N29.3_20190910_L2A0004239231_5120_4608.txt,512,512,0,0,0.3857421875,0.48828125,0.044921875,0.03125,1.25,23,16,28.75,20,20,28.75,575,1.4375
train,train/images/GF1_WFV2_E123.6_N29.3_20190910_L2A0004239231_5120_5120.png,train/labels/GF1_WFV2_E123.6_N29.3_20190910_L2A0004239231_5120_5120.txt,512,512,0,0,0.5126953125,0.8837890625,0.041015625,0.033203125,1.25,21,17,26.25,21.25,21.25,26.25,557.8125,1.23529411765
train,train/images/GF1_WFV2_E123.6_N29.3_20190910_L2A0004239231_5120_7680.png,train/labels/GF1_WFV2_E123.6_N29.3_20190910_L2A0004239231_5120_7680.txt,512,512,0,0,0.1533203125,0.9794921875,0.041015625,0.037109375,1.25,21,19,26.25,23.75,23.75,26.25,623.4375,1.10526315789
train,train/images/GF1_WFV2_E123.6_N29.3_20190910_L2A0004239231_5120_8192.png,train/labels/GF1_WFV2_E123.6_N29.3_20190910_L2A0004239231_5120_8192.txt,512,512,0,0,0.60546875,0.478515625,0.04296875,0.04296875,1.25,22,22,27.5,27.5,27.5,27.5,756.25,1
train,train/images/GF1_WFV2_E123.6_N29.3_20190910_L2A0004239231_5120_8192.png,train/labels/GF1_WFV2_E123.6_N29.3_20190910_L2A0004239231_5120_8192.txt,512,512,0,1,0.1474609375,0.01171875,0.033203125,0.01953125,1.25,17,10,21.25,12.5,12.5,21.25,265.625,1.7
train,train/images/GF1_WFV2_E123.6_N29.3_20190910_L2A0004239231_512_11264.png,train/labels/GF1_WFV2_E123.6_N29.3_20190910_L2A0004239231_512_11264.txt,512,512,0,0,0.7314453125,0.2451171875,0.044921875,0.052734375,1.25,23,27,28.75,33.75,28.75,33.75,970.3125,1.17391304348
train,train/images/GF1_WFV2_E123.6_N29.3_20190910_L2A0004239231_512_8704.png,train/labels/GF1_WFV2_E123.6_N29.3_20190910_L2A0004239231_512_8704.txt,512,512,0,0,0.869140625,0.3369140625,0.0625,0.056640625,1.25,32,29,40,36.25,36.25,40,1450,1.10344827586
train,train/images/GF1_WFV2_E123.6_N29.3_20190910_L2A0004239231_512_9216.png,train/labels/GF1_WFV2_E123.6_N29.3_20190910_L2A0004239231_512_9216.txt,512,512,0,0,0.615234375,0.6748046875,0.046875,0.048828125,1.25,24,25,30,31.25,30,31.25,937.5,1.04166666667
train,train/images/GF1_WFV2_E123.6_N29.3_20190910_L2A0004239231_5632_11776.png,train/labels/GF1_WFV2_E123.6_N29.3_20190910_L2A0004239231_5632_11776.txt,512,512,0,0,0.880859375,0.546875,0.0390625,0.06640625,1.25,20,34,25,42.5,25,42.5,1062.5,1.7
train,train/images/GF1_WFV2_E123.6_N29.3_20190910_L2A0004239231_5632_12288.png,train/labels/GF1_WFV2_E123.6_N29.3_20190910_L2A0004239231_5632_12288.txt,512,512,0,0,0.091796875,0.6533203125,0.04296875,0.052734375,1.25,22,27,27.5,33.75,27.5,33.75,928.125,1.22727272727
train,train/images/GF1_WFV2_E123.6_N29.3_20190910_L2A0004239231_5632_13312.png,train/labels/GF1_WFV2_E123.6_N29.3_20190910_L2A0004239231_5632_13312.txt,512,512,0,0,0.4775390625,0.0888671875,0.041015625,0.044921875,1.25,21,23,26.25,28.75,26.25,28.75,754.6875,1.09523809524
train,train/images/GF1_WFV2_E123.6_N29.3_20190910_L2A0004239231_5632_13312.png,train/labels/GF1_WFV2_E123.6_N29.3_20190910_L2A0004239231_5632_13312.txt,512,512,0,1,0.2578125,0.73046875,0.03125,0.03515625,1.25,16,18,20,22.5,20,22.5,450,1.125
train,train/images/GF1_WFV2_E123.6_N29.3_20190910_L2A0004239231_5632_2048.png,train/labels/GF1_WFV2_E123.6_N29.3_20190910_L2A0004239231_5632_2048.txt,512,512,0,0,0.5703125,0.7978515625,0.05078125,0.044921875,1.25,26,23,32.5,28.75,28.75,32.5,934.375,1.13043478261
train,train/images/GF1_WFV2_E123.6_N29.3_20190910_L2A0004239231_5632_3584.png,train/labels/GF1_WFV2_E123.6_N29.3_20190910_L2A0004239231_5632_3584.txt,512,512,0,0,0.521484375,0.353515625,0.046875,0.0546875,1.25,24,28,30,35,30,35,1050,1.16666666667
train,train/images/GF1_WFV2_E123.6_N29.3_20190910_L2A0004239231_5632_3584.png,train/labels/GF1_WFV2_E123.6_N29.3_20190910_L2A0004239231_5632_3584.txt,512,512,0,1,0.59375,0.6435546875,0.0390625,0.044921875,1.25,20,23,25,28.75,25,28.75,718.75,1.15
train,train/images/GF1_WFV2_E123.6_N29.3_20190910_L2A0004239231_5632_3584.png,train/labels/GF1_WFV2_E123.6_N29.3_20190910_L2A0004239231_5632_3584.txt,512,512,0,2,0.65625,0.556640625,0.0234375,0.03125,1.25,12,16,15,20,15,20,300,1.33333333333
train,train/images/GF1_WFV2_E123.6_N29.3_20190910_L2A0004239231_5632_512.png,train/labels/GF1_WFV2_E123.6_N29.3_20190910_L2A0004239231_5632_512.txt,512,512,0,0,0.6025390625,0.474609375,0.025390625,0.06640625,1.25,13,34,16.25,42.5,16.25,42.5,690.625,2.61538461538
train,train/images/GF1_WFV2_E123.6_N29.3_20190910_L2A0004239231_5632_512.png,train/labels/GF1_WFV2_E123.6_N29.3_20190910_L2A0004239231_5632_512.txt,512,512,0,1,0.1015625,0.6806640625,0.03125,0.052734375,1.25,16,27,20,33.75,20,33.75,675,1.6875
train,train/images/GF1_WFV2_E123.6_N29.3_20190910_L2A0004239231_6144_12800.png,train/labels/GF1_WFV2_E123.6_N29.3_20190910_L2A0004239231_6144_12800.txt,512,512,0,0,0.43359375,0.49609375,0.0546875,0.05859375,1.25,28,30,35,37.5,35,37.5,1312.5,1.07142857143
train,train/images/GF1_WFV2_E123.6_N29.3_20190910_L2A0004239231_6144_12800.png,train/labels/GF1_WFV2_E123.6_N29.3_20190910_L2A0004239231_6144_12800.txt,512,512,0,1,0.554180887372,0.288601036269,0.028156996587,0.0217616580311,1.25,14.4163822526,11.1419689119,18.0204778157,13.9274611399,13.9274611399,18.0204778157,250.979504501,1.29388103364
train,train/images/GF1_WFV2_E123.6_N29.3_20190910_L2A0004239231_6144_2048.png,train/labels/GF1_WFV2_E123.6_N29.3_20190910_L2A0004239231_6144_2048.txt,512,512,0,0,0.8779296875,0.8447265625,0.068359375,0.041015625,1.25,35,21,43.75,26.25,26.25,43.75,1148.4375,1.66666666667
train,train/images/GF1_WFV2_E123.6_N29.3_20190910_L2A0004239231_6144_2048.png,train/labels/GF1_WFV2_E123.6_N29.3_20190910_L2A0004239231_6144_2048.txt,512,512,0,1,0.1669921875,0.478515625,0.033203125,0.04296875,1.25,17,22,21.25,27.5,21.25,27.5,584.375,1.29411764706
train,train/images/GF1_WFV2_E123.6_N29.3_20190910_L2A0004239231_6656_9728.png,train/labels/GF1_WFV2_E123.6_N29.3_20190910_L2A0004239231_6656_9728.txt,512,512,0,0,0.130859375,0.541015625,0.04296875,0.05859375,1.25,22,30,27.5,37.5,27.5,37.5,1031.25,1.36363636364
train,train/images/GF1_WFV2_E123.6_N29.3_20190910_L2A0004239231_7680_2048.png,train/labels/GF1_WFV2_E123.6_N29.3_20190910_L2A0004239231_7680_2048.txt,512,512,0,0,0.529296875,0.3837890625,0.046875,0.060546875,1.25,24,31,30,38.75,30,38.75,1162.5,1.29166666667
train,train/images/GF1_WFV2_E123.6_N29.3_20190910_L2A0004239231_8192_13824.png,train/labels/GF1_WFV2_E123.6_N29.3_20190910_L2A0004239231_8192_13824.txt,512,512,0,0,0.4033203125,0.208984375,0.041015625,0.04296875,1.25,21,22,26.25,27.5,26.25,27.5,721.875,1.04761904762
train,train/images/GF1_WFV2_E123.6_N29.3_20190910_L2A0004239231_8192_3072.png,train/labels/GF1_WFV2_E123.6_N29.3_20190910_L2A0004239231_8192_3072.txt,512,512,0,0,0.9794921875,0.1943359375,0.041015625,0.056640625,1.25,21,29,26.25,36.25,26.25,36.25,951.5625,1.38095238095
train,train/images/GF1_WFV2_E123.6_N29.3_20190910_L2A0004239231_8192_3072.png,train/labels/GF1_WFV2_E123.6_N29.3_20190910_L2A0004239231_8192_3072.txt,512,512,0,1,0.6005859375,0.6728515625,0.025390625,0.041015625,1.25,13,21,16.25,26.25,16.25,26.25,426.5625,1.61538461538
train,train/images/GF1_WFV2_E123.6_N29.3_20190910_L2A0004239231_8192_3584.png,train/labels/GF1_WFV2_E123.6_N29.3_20190910_L2A0004239231_8192_3584.txt,512,512,0,0,0.373046875,0.0859375,0.05078125,0.04296875,1.25,26,22,32.5,27.5,27.5,32.5,893.75,1.18181818182
train,train/images/GF1_WFV2_E123.6_N29.3_20190910_L2A0004239231_8192_4608.png,train/labels/GF1_WFV2_E123.6_N29.3_20190910_L2A0004239231_8192_4608.txt,512,512,0,0,0.5458984375,0.5166015625,0.064453125,0.087890625,1.25,33,45,41.25,56.25,41.25,56.25,2320.3125,1.36363636364
train,train/images/GF1_WFV2_E123.6_N29.3_20190910_L2A0004239231_8704_13312.png,train/labels/GF1_WFV2_E123.6_N29.3_20190910_L2A0004239231_8704_13312.txt,512,512,0,0,0.7197265625,0.0751953125,0.056640625,0.056640625,1.25,29,29,36.25,36.25,36.25,36.25,1314.0625,1
train,train/images/GF1_WFV2_E123.6_N29.3_20190910_L2A0004239231_9216_11776.png,train/labels/GF1_WFV2_E123.6_N29.3_20190910_L2A0004239231_9216_11776.txt,512,512,0,0,0.076171875,0.26171875,0.01953125,0.02734375,1.25,10,14,12.5,17.5,12.5,17.5,218.75,1.4
train,train/images/GF1_WFV3_E112.3_N21.4_20190806_L2A0004164428_0_12288.png,train/labels/GF1_WFV3_E112.3_N21.4_20190806_L2A0004164428_0_12288.txt,512,512,0,0,0.9853515625,0.6953125,0.029296875,0.0390625,1.25,15,20,18.75,25,18.75,25,468.75,1.33333333333
train,train/images/GF1_WFV3_E112.3_N21.4_20190806_L2A0004164428_10240_10240.png,train/labels/GF1_WFV3_E112.3_N21.4_20190806_L2A0004164428_10240_10240.txt,512,512,0,0,0.14453125,0.154296875,0.0546875,0.0390625,1.25,28,20,35,25,25,35,875,1.4
train,train/images/GF1_WFV3_E112.3_N21.4_20190806_L2A0004164428_10240_10240.png,train/labels/GF1_WFV3_E112.3_N21.4_20190806_L2A0004164428_10240_10240.txt,512,512,0,1,0.119140625,0.10546875,0.0625,0.04296875,1.25,32,22,40,27.5,27.5,40,1100,1.45454545455
train,train/images/GF1_WFV3_E112.3_N21.4_20190806_L2A0004164428_10240_6144.png,train/labels/GF1_WFV3_E112.3_N21.4_20190806_L2A0004164428_10240_6144.txt,512,512,0,0,0.6826171875,0.9541015625,0.056640625,0.033203125,1.25,29,17,36.25,21.25,21.25,36.25,770.3125,1.70588235294
train,train/images/GF1_WFV3_E112.3_N21.4_20190806_L2A0004164428_10240_9216.png,train/labels/GF1_WFV3_E112.3_N21.4_20190806_L2A0004164428_10240_9216.txt,512,512,0,0,0.9521484375,0.69921875,0.060546875,0.046875,1.25,31,24,38.75,30,30,38.75,1162.5,1.29166666667
train,train/images/GF1_WFV3_E112.3_N21.4_20190806_L2A0004164428_10240_9216.png,train/labels/GF1_WFV3_E112.3_N21.4_20190806_L2A0004164428_10240_9216.txt,512,512,0,1,0.96484375,0.6025390625,0.04296875,0.044921875,1.25,22,23,27.5,28.75,27.5,28.75,790.625,1.04545454545
train,train/images/GF1_WFV3_E112.3_N21.4_20190806_L2A0004164428_10240_9216.png,train/labels/GF1_WFV3_E112.3_N21.4_20190806_L2A0004164428_10240_9216.txt,512,512,0,2,0.537109375,0.0986328125,0.0234375,0.037109375,1.25,12,19,15,23.75,15,23.75,356.25,1.58333333333
train,train/images/GF1_WFV3_E112.3_N21.4_20190806_L2A0004164428_10752_6144.png,train/labels/GF1_WFV3_E112.3_N21.4_20190806_L2A0004164428_10752_6144.txt,512,512,0,0,0.7646484375,0.486328125,0.052734375,0.046875,1.25,27,24,33.75,30,30,33.75,1012.5,1.125
train,train/images/GF1_WFV3_E112.3_N21.4_20190806_L2A0004164428_10752_6144.png,train/labels/GF1_WFV3_E112.3_N21.4_20190806_L2A0004164428_10752_6144.txt,512,512,0,1,0.916015625,0.2802734375,0.0546875,0.037109375,1.25,28,19,35,23.75,23.75,35,831.25,1.47368421053
train,train/images/GF1_WFV3_E112.3_N21.4_20190806_L2A0004164428_10752_6144.png,train/labels/GF1_WFV3_E112.3_N21.4_20190806_L2A0004164428_10752_6144.txt,512,512,0,2,0.8525390625,0.88671875,0.041015625,0.03515625,1.25,21,18,26.25,22.5,22.5,26.25,590.625,1.16666666667
train,train/images/GF1_WFV3_E112.3_N21.4_20190806_L2A0004164428_10752_9216.png,train/labels/GF1_WFV3_E112.3_N21.4_20190806_L2A0004164428_10752_9216.txt,512,512,0,0,0.7685546875,0.9775390625,0.080078125,0.044921875,1.25,41,23,51.25,28.75,28.75,51.25,1473.4375,1.78260869565
train,train/images/GF1_WFV3_E112.3_N21.4_20190806_L2A0004164428_10752_9216.png,train/labels/GF1_WFV3_E112.3_N21.4_20190806_L2A0004164428_10752_9216.txt,512,512,0,1,0.6318359375,0.3291015625,0.037109375,0.041015625,1.25,19,21,23.75,26.25,23.75,26.25,623.4375,1.10526315789
train,train/images/GF1_WFV3_E112.3_N21.4_20190806_L2A0004164428_10752_9216.png,train/labels/GF1_WFV3_E112.3_N21.4_20190806_L2A0004164428_10752_9216.txt,512,512,0,2,0.6748046875,0.3193359375,0.044921875,0.044921875,1.25,23,23,28.75,28.75,28.75,28.75,826.5625,1
train,train/images/GF1_WFV3_E112.3_N21.4_20190806_L2A0004164428_10752_9216.png,train/labels/GF1_WFV3_E112.3_N21.4_20190806_L2A0004164428_10752_9216.txt,512,512,0,3,0.7080078125,0.2109375,0.029296875,0.04296875,1.25,15,22,18.75,27.5,18.75,27.5,515.625,1.46666666667
train,train/images/GF1_WFV3_E112.3_N21.4_20190806_L2A0004164428_10752_9216.png,train/labels/GF1_WFV3_E112.3_N21.4_20190806_L2A0004164428_10752_9216.txt,512,512,0,4,0.7431640625,0.203125,0.037109375,0.04296875,1.25,19,22,23.75,27.5,23.75,27.5,653.125,1.15789473684
train,train/images/GF1_WFV3_E112.3_N21.4_20190806_L2A0004164428_10752_9216.png,train/labels/GF1_WFV3_E112.3_N21.4_20190806_L2A0004164428_10752_9216.txt,512,512,0,5,0.876953125,0.6171875,0.0390625,0.05078125,1.25,20,26,25,32.5,25,32.5,812.5,1.3
train,train/images/GF1_WFV3_E112.3_N21.4_20190806_L2A0004164428_10752_9216.png,train/labels/GF1_WFV3_E112.3_N21.4_20190806_L2A0004164428_10752_9216.txt,512,512,0,6,0.9267578125,0.615234375,0.044921875,0.0546875,1.25,23,28,28.75,35,28.75,35,1006.25,1.21739130435
train,train/images/GF1_WFV3_E112.3_N21.4_20190806_L2A0004164428_10752_9216.png,train/labels/GF1_WFV3_E112.3_N21.4_20190806_L2A0004164428_10752_9216.txt,512,512,0,7,0.4404296875,0.7705078125,0.041015625,0.052734375,1.25,21,27,26.25,33.75,26.25,33.75,885.9375,1.28571428571
train,train/images/GF1_WFV3_E112.3_N21.4_20190806_L2A0004164428_10752_9216.png,train/labels/GF1_WFV3_E112.3_N21.4_20190806_L2A0004164428_10752_9216.txt,512,512,0,8,0.478515625,0.771484375,0.0390625,0.05859375,1.25,20,30,25,37.5,25,37.5,937.5,1.5
train,train/images/GF1_WFV3_E112.3_N21.4_20190806_L2A0004164428_10752_9216.png,train/labels/GF1_WFV3_E112.3_N21.4_20190806_L2A0004164428_10752_9216.txt,512,512,0,9,0.537109375,0.736328125,0.0390625,0.046875,1.25,20,24,25,30,25,30,750,1.2
train,train/images/GF1_WFV3_E112.3_N21.4_20190806_L2A0004164428_10752_9216.png,train/labels/GF1_WFV3_E112.3_N21.4_20190806_L2A0004164428_10752_9216.txt,512,512,0,10,0.587890625,0.736328125,0.046875,0.0625,1.25,24,32,30,40,30,40,1200,1.33333333333
train,train/images/GF1_WFV3_E112.3_N21.4_20190806_L2A0004164428_10752_9728.png,train/labels/GF1_WFV3_E112.3_N21.4_20190806_L2A0004164428_10752_9728.txt,512,512,0,0,0.7548828125,0.0263671875,0.091796875,0.052734375,1.25,47,27,58.75,33.75,33.75,58.75,1982.8125,1.74074074074
train,train/images/GF1_WFV3_E112.3_N21.4_20190806_L2A0004164428_10752_9728.png,train/labels/GF1_WFV3_E112.3_N21.4_20190806_L2A0004164428_10752_9728.txt,512,512,0,1,0.3125,0.11328125,0.0546875,0.0546875,1.25,28,28,35,35,35,35,1225,1
train,train/images/GF1_WFV3_E112.3_N21.4_20190806_L2A0004164428_10752_9728.png,train/labels/GF1_WFV3_E112.3_N21.4_20190806_L2A0004164428_10752_9728.txt,512,512,0,2,0.353515625,0.107421875,0.04296875,0.0625,1.25,22,32,27.5,40,27.5,40,1100,1.45454545455
train,train/images/GF1_WFV3_E112.3_N21.4_20190806_L2A0004164428_11264_10240.png,train/labels/GF1_WFV3_E112.3_N21.4_20190806_L2A0004164428_11264_10240.txt,512,512,0,0,0.625,0.904296875,0.01953125,0.02734375,1.25,10,14,12.5,17.5,12.5,17.5,218.75,1.4
train,train/images/GF1_WFV3_E112.3_N21.4_20190806_L2A0004164428_11264_10240.png,train/labels/GF1_WFV3_E112.3_N21.4_20190806_L2A0004164428_11264_10240.txt,512,512,0,1,0.7626953125,0.458984375,0.017578125,0.04296875,1.25,9,22,11.25,27.5,11.25,27.5,309.375,2.44444444444
train,train/images/GF1_WFV3_E112.3_N21.4_20190806_L2A0004164428_11264_10240.png,train/labels/GF1_WFV3_E112.3_N21.4_20190806_L2A0004164428_11264_10240.txt,512,512,0,2,0.8408203125,0.470703125,0.025390625,0.046875,1.25,13,24,16.25,30,16.25,30,487.5,1.84615384615
train,train/images/GF1_WFV3_E112.3_N21.4_20190806_L2A0004164428_11264_10240.png,train/labels/GF1_WFV3_E112.3_N21.4_20190806_L2A0004164428_11264_10240.txt,512,512,0,3,0.84765625,0.623046875,0.01953125,0.046875,1.25,10,24,12.5,30,12.5,30,375,2.4
train,train/images/GF1_WFV3_E112.3_N21.4_20190806_L2A0004164428_11264_10240.png,train/labels/GF1_WFV3_E112.3_N21.4_20190806_L2A0004164428_11264_10240.txt,512,512,0,4,0.9697265625,0.744140625,0.017578125,0.02734375,1.25,9,14,11.25,17.5,11.25,17.5,196.875,1.55555555556
train,train/images/GF1_WFV3_E112.3_N21.4_20190806_L2A0004164428_11264_13824.png,train/labels/GF1_WFV3_E112.3_N21.4_20190806_L2A0004164428_11264_13824.txt,512,512,0,0,0.029296875,0.662109375,0.02734375,0.03125,1.25,14,16,17.5,20,17.5,20,350,1.14285714286
train,train/images/GF1_WFV3_E112.3_N21.4_20190806_L2A0004164428_11776_10240.png,train/labels/GF1_WFV3_E112.3_N21.4_20190806_L2A0004164428_11776_10240.txt,512,512,0,0,0.0107421875,0.5498046875,0.017578125,0.041015625,1.25,9,21,11.25,26.25,11.25,26.25,295.3125,2.33333333333
train,train/images/GF1_WFV3_E112.3_N21.4_20190806_L2A0004164428_11776_10240.png,train/labels/GF1_WFV3_E112.3_N21.4_20190806_L2A0004164428_11776_10240.txt,512,512,0,1,0.0146484375,0.7666015625,0.021484375,0.041015625,1.25,11,21,13.75,26.25,13.75,26.25,360.9375,1.90909090909
train,train/images/GF1_WFV3_E112.3_N21.4_20190806_L2A0004164428_11776_10240.png,train/labels/GF1_WFV3_E112.3_N21.4_20190806_L2A0004164428_11776_10240.txt,512,512,0,2,0.8837890625,0.703125,0.025390625,0.04296875,1.25,13,22,16.25,27.5,16.25,27.5,446.875,1.69230769231
train,train/images/GF1_WFV3_E112.3_N21.4_20190806_L2A0004164428_11776_10240.png,train/labels/GF1_WFV3_E112.3_N21.4_20190806_L2A0004164428_11776_10240.txt,512,512,0,3,0.8701171875,0.82421875,0.017578125,0.03125,1.25,9,16,11.25,20,11.25,20,225,1.77777777778
train,train/images/GF1_WFV3_E112.3_N21.4_20190806_L2A0004164428_11776_10240.png,train/labels/GF1_WFV3_E112.3_N21.4_20190806_L2A0004164428_11776_10240.txt,512,512,0,4,0.892578125,0.8837890625,0.015625,0.033203125,1.25,8,17,10,21.25,10,21.25,212.5,2.125
train,train/images/GF1_WFV3_E112.3_N21.4_20190806_L2A0004164428_11776_10240.png,train/labels/GF1_WFV3_E112.3_N21.4_20190806_L2A0004164428_11776_10240.txt,512,512,0,5,0.9345703125,0.08984375,0.029296875,0.046875,1.25,15,24,18.75,30,18.75,30,562.5,1.6
train,train/images/GF1_WFV3_E112.3_N21.4_20190806_L2A0004164428_11776_10752.png,train/labels/GF1_WFV3_E112.3_N21.4_20190806_L2A0004164428_11776_10752.txt,512,512,0,0,0.7646484375,0.9111328125,0.052734375,0.048828125,1.25,27,25,33.75,31.25,31.25,33.75,1054.6875,1.08
train,train/images/GF1_WFV3_E112.3_N21.4_20190806_L2A0004164428_11776_10752.png,train/labels/GF1_WFV3_E112.3_N21.4_20190806_L2A0004164428_11776_10752.txt,512,512,0,1,0.9765625,0.5712890625,0.0390625,0.052734375,1.25,20,27,25,33.75,25,33.75,843.75,1.35
train,train/images/GF1_WFV3_E112.3_N21.4_20190806_L2A0004164428_11776_7680.png,train/labels/GF1_WFV3_E112.3_N21.4_20190806_L2A0004164428_11776_7680.txt,512,512,0,0,0.7939453125,0.40234375,0.048828125,0.046875,1.25,25,24,31.25,30,30,31.25,937.5,1.04166666667
train,train/images/GF1_WFV3_E112.3_N21.4_20190806_L2A0004164428_11776_9216.png,train/labels/GF1_WFV3_E112.3_N21.4_20190806_L2A0004164428_11776_9216.txt,512,512,0,0,0.30078125,0.1240234375,0.046875,0.029296875,1.25,24,15,30,18.75,18.75,30,562.5,1.6
train,train/images/GF1_WFV3_E112.3_N21.4_20190806_L2A0004164428_11776_9216.png,train/labels/GF1_WFV3_E112.3_N21.4_20190806_L2A0004164428_11776_9216.txt,512,512,0,1,0.330078125,0.10546875,0.05078125,0.046875,1.25,26,24,32.5,30,30,32.5,975,1.08333333333
train,train/images/GF1_WFV3_E112.3_N21.4_20190806_L2A0004164428_12288_10752.png,train/labels/GF1_WFV3_E112.3_N21.4_20190806_L2A0004164428_12288_10752.txt,512,512,0,0,0.81640625,0.96484375,0.05859375,0.04296875,1.25,30,22,37.5,27.5,27.5,37.5,1031.25,1.36363636364
train,train/images/GF1_WFV3_E112.3_N21.4_20190806_L2A0004164428_12288_9216.png,train/labels/GF1_WFV3_E112.3_N21.4_20190806_L2A0004164428_12288_9216.txt,512,512,0,0,0.6015625,0.4892578125,0.05859375,0.041015625,1.25,30,21,37.5,26.25,26.25,37.5,984.375,1.42857142857
train,train/images/GF1_WFV3_E112.3_N21.4_20190806_L2A0004164428_12288_9216.png,train/labels/GF1_WFV3_E112.3_N21.4_20190806_L2A0004164428_12288_9216.txt,512,512,0,1,0.6259765625,0.4599609375,0.060546875,0.044921875,1.25,31,23,38.75,28.75,28.75,38.75,1114.0625,1.34782608696
train,train/images/GF1_WFV3_E112.3_N21.4_20190806_L2A0004164428_12288_9728.png,train/labels/GF1_WFV3_E112.3_N21.4_20190806_L2A0004164428_12288_9728.txt,512,512,0,0,0.8740234375,0.2451171875,0.060546875,0.044921875,1.25,31,23,38.75,28.75,28.75,38.75,1114.0625,1.34782608696
train,train/images/GF1_WFV3_E112.3_N21.4_20190806_L2A0004164428_12593_10752.png,train/labels/GF1_WFV3_E112.3_N21.4_20190806_L2A0004164428_12593_10752.txt,512,512,0,0,0.224609375,0.958984375,0.05859375,0.0546875,1.25,30,28,37.5,35,35,37.5,1312.5,1.07142857143
train,train/images/GF1_WFV3_E112.3_N21.4_20190806_L2A0004164428_12593_7168.png,train/labels/GF1_WFV3_E112.3_N21.4_20190806_L2A0004164428_12593_7168.txt,512,512,0,0,0.974609375,0.9775390625,0.03515625,0.044921875,1.25,18,23,22.5,28.75,22.5,28.75,646.875,1.27777777778
train,train/images/GF1_WFV3_E112.3_N21.4_20190806_L2A0004164428_12593_9216.png,train/labels/GF1_WFV3_E112.3_N21.4_20190806_L2A0004164428_12593_9216.txt,512,512,0,0,0.830078125,0.9443359375,0.03515625,0.056640625,1.25,18,29,22.5,36.25,22.5,36.25,815.625,1.61111111111
train,train/images/GF1_WFV3_E112.3_N21.4_20190806_L2A0004164428_12593_9216.png,train/labels/GF1_WFV3_E112.3_N21.4_20190806_L2A0004164428_12593_9216.txt,512,512,0,1,0.841723549488,0.125388601036,0.0264505119454,0.0227979274611,1.25,13.542662116,11.6725388601,16.9283276451,14.5906735751,14.5906735751,16.9283276451,246.995702842,1.1602156376
train,train/images/GF1_WFV3_E112.3_N21.4_20190806_L2A0004164428_12593_9728.png,train/labels/GF1_WFV3_E112.3_N21.4_20190806_L2A0004164428_12593_9728.txt,512,512,0,0,0.28515625,0.2421875,0.046875,0.04296875,1.25,24,22,30,27.5,27.5,30,825,1.09090909091
train,train/images/GF1_WFV3_E112.3_N21.4_20190806_L2A0004164428_12800_10240.png,train/labels/GF1_WFV3_E112.3_N21.4_20190806_L2A0004164428_12800_10240.txt,512,512,0,0,0.1376953125,0.08984375,0.021484375,0.04296875,1.25,11,22,13.75,27.5,13.75,27.5,378.125,2
train,train/images/GF1_WFV3_E112.3_N21.4_20190806_L2A0004164428_12800_10240.png,train/labels/GF1_WFV3_E112.3_N21.4_20190806_L2A0004164428_12800_10240.txt,512,512,0,1,0.205078125,0.09765625,0.01953125,0.0390625,1.25,10,20,12.5,25,12.5,25,312.5,2
train,train/images/GF1_WFV3_E112.3_N21.4_20190806_L2A0004164428_12800_10240.png,train/labels/GF1_WFV3_E112.3_N21.4_20190806_L2A0004164428_12800_10240.txt,512,512,0,2,0.173828125,0.1142578125,0.02734375,0.037109375,1.25,14,19,17.5,23.75,17.5,23.75,415.625,1.35714285714
train,train/images/GF1_WFV3_E112.3_N21.4_20190806_L2A0004164428_12800_10240.png,train/labels/GF1_WFV3_E112.3_N21.4_20190806_L2A0004164428_12800_10240.txt,512,512,0,3,0.181640625,0.1953125,0.0234375,0.0390625,1.25,12,20,15,25,15,25,375,1.66666666667
train,train/images/GF1_WFV3_E112.3_N21.4_20190806_L2A0004164428_12800_10240.png,train/labels/GF1_WFV3_E112.3_N21.4_20190806_L2A0004164428_12800_10240.txt,512,512,0,4,0.203125,0.212890625,0.01953125,0.0390625,1.25,10,20,12.5,25,12.5,25,312.5,2
train,train/images/GF1_WFV3_E112.3_N21.4_20190806_L2A0004164428_12800_10240.png,train/labels/GF1_WFV3_E112.3_N21.4_20190806_L2A0004164428_12800_10240.txt,512,512,0,5,0.1953125,0.2724609375,0.02734375,0.041015625,1.25,14,21,17.5,26.25,17.5,26.25,459.375,1.5
train,train/images/GF1_WFV3_E112.3_N21.4_20190806_L2A0004164428_12800_7680.png,train/labels/GF1_WFV3_E112.3_N21.4_20190806_L2A0004164428_12800_7680.txt,512,512,0,0,0.052734375,0.2685546875,0.04296875,0.044921875,1.25,22,23,27.5,28.75,27.5,28.75,790.625,1.04545454545
train,train/images/GF1_WFV3_E112.3_N21.4_20190806_L2A0004164428_12800_7680.png,train/labels/GF1_WFV3_E112.3_N21.4_20190806_L2A0004164428_12800_7680.txt,512,512,0,1,0.0380859375,0.69921875,0.025390625,0.04296875,1.25,13,22,16.25,27.5,16.25,27.5,446.875,1.69230769231
train,train/images/GF1_WFV3_E112.3_N21.4_20190806_L2A0004164428_12800_9216.png,train/labels/GF1_WFV3_E112.3_N21.4_20190806_L2A0004164428_12800_9216.txt,512,512,0,0,0.43359375,0.1328125,0.0390625,0.04296875,1.25,20,22,25,27.5,25,27.5,687.5,1.1
train,train/images/GF1_WFV3_E112.3_N21.4_20190806_L2A0004164428_12800_9216.png,train/labels/GF1_WFV3_E112.3_N21.4_20190806_L2A0004164428_12800_9216.txt,512,512,0,1,0.4287109375,0.947265625,0.025390625,0.04296875,1.25,13,22,16.25,27.5,16.25,27.5,446.875,1.69230769231
train,train/images/GF1_WFV3_E112.3_N21.4_20190806_L2A0004164428_13105_4608.png,train/labels/GF1_WFV3_E112.3_N21.4_20190806_L2A0004164428_13105_4608.txt,512,512,0,0,0.01953125,0.419921875,0.0390625,0.046875,1.25,20,24,25,30,25,30,750,1.2
train,train/images/GF1_WFV3_E112.3_N21.4_20190806_L2A0004164428_13824_4096.png,train/labels/GF1_WFV3_E112.3_N21.4_20190806_L2A0004164428_13824_4096.txt,512,512,0,0,0.405290102389,0.532642487047,0.0273037542662,0.0248704663212,1.25,13.9795221843,12.7336787565,17.4744027304,15.9170984456,15.9170984456,17.4744027304,278.141788537,1.09783845279
train,train/images/GF1_WFV3_E112.3_N21.4_20190806_L2A0004164428_1536_11776.png,train/labels/GF1_WFV3_E112.3_N21.4_20190806_L2A0004164428_1536_11776.txt,512,512,0,0,0.556640625,0.0732421875,0.046875,0.041015625,1.25,24,21,30,26.25,26.25,30,787.5,1.14285714286
train,train/images/GF1_WFV3_E112.3_N21.4_20190806_L2A0004164428_1536_7680.png,train/labels/GF1_WFV3_E112.3_N21.4_20190806_L2A0004164428_1536_7680.txt,512,512,0,0,0.0673828125,0.4521484375,0.064453125,0.048828125,1.25,33,25,41.25,31.25,31.25,41.25,1289.0625,1.32
train,train/images/GF1_WFV3_E112.3_N21.4_20190806_L2A0004164428_2048_11264.png,train/labels/GF1_WFV3_E112.3_N21.4_20190806_L2A0004164428_2048_11264.txt,512,512,0,0,0.7734375,0.1572265625,0.04296875,0.044921875,1.25,22,23,27.5,28.75,27.5,28.75,790.625,1.04545454545
train,train/images/GF1_WFV3_E112.3_N21.4_20190806_L2A0004164428_2560_11264.png,train/labels/GF1_WFV3_E112.3_N21.4_20190806_L2A0004164428_2560_11264.txt,512,512,0,0,0.3466796875,0.3837890625,0.056640625,0.044921875,1.25,29,23,36.25,28.75,28.75,36.25,1042.1875,1.26086956522
train,train/images/GF1_WFV3_E112.3_N21.4_20190806_L2A0004164428_2560_11264.png,train/labels/GF1_WFV3_E112.3_N21.4_20190806_L2A0004164428_2560_11264.txt,512,512,0,1,0.7685546875,0.0146484375,0.060546875,0.025390625,1.25,31,13,38.75,16.25,16.25,38.75,629.6875,2.38461538462
train,train/images/GF1_WFV3_E112.3_N21.4_20190806_L2A0004164428_3072_9216.png,train/labels/GF1_WFV3_E112.3_N21.4_20190806_L2A0004164428_3072_9216.txt,512,512,0,0,0.88671875,0.162109375,0.05078125,0.0390625,1.25,26,20,32.5,25,25,32.5,812.5,1.3
train,train/images/GF1_WFV3_E112.3_N21.4_20190806_L2A0004164428_3584_11264.png,train/labels/GF1_WFV3_E112.3_N21.4_20190806_L2A0004164428_3584_11264.txt,512,512,0,0,0.4521484375,0.951171875,0.025390625,0.02734375,1.25,13,14,16.25,17.5,16.25,17.5,284.375,1.07692307692
train,train/images/GF1_WFV3_E112.3_N21.4_20190806_L2A0004164428_4096_10240.png,train/labels/GF1_WFV3_E112.3_N21.4_20190806_L2A0004164428_4096_10240.txt,512,512,0,0,0.2978515625,0.427734375,0.048828125,0.02734375,1.25,25,14,31.25,17.5,17.5,31.25,546.875,1.78571428571
train,train/images/GF1_WFV3_E112.3_N21.4_20190806_L2A0004164428_4096_11776.png,train/labels/GF1_WFV3_E112.3_N21.4_20190806_L2A0004164428_4096_11776.txt,512,512,0,0,0.53125,0.3095703125,0.0390625,0.029296875,1.25,20,15,25,18.75,18.75,25,468.75,1.33333333333
train,train/images/GF1_WFV3_E112.3_N21.4_20190806_L2A0004164428_4096_11776.png,train/labels/GF1_WFV3_E112.3_N21.4_20190806_L2A0004164428_4096_11776.txt,512,512,0,1,0.55859375,0.3134765625,0.0234375,0.033203125,1.25,12,17,15,21.25,15,21.25,318.75,1.41666666667
train,train/images/GF1_WFV3_E112.3_N21.4_20190806_L2A0004164428_4608_12288.png,train/labels/GF1_WFV3_E112.3_N21.4_20190806_L2A0004164428_4608_12288.txt,512,512,0,0,0.8994140625,0.3408203125,0.052734375,0.037109375,1.25,27,19,33.75,23.75,23.75,33.75,801.5625,1.42105263158
train,train/images/GF1_WFV3_E112.3_N21.4_20190806_L2A0004164428_4608_12800.png,train/labels/GF1_WFV3_E112.3_N21.4_20190806_L2A0004164428_4608_12800.txt,512,512,0,0,0.2998046875,0.8486328125,0.052734375,0.041015625,1.25,27,21,33.75,26.25,26.25,33.75,885.9375,1.28571428571
train,train/images/GF1_WFV3_E112.3_N21.4_20190806_L2A0004164428_4608_7168.png,train/labels/GF1_WFV3_E112.3_N21.4_20190806_L2A0004164428_4608_7168.txt,512,512,0,0,0.6123046875,0.0771484375,0.064453125,0.052734375,1.25,33,27,41.25,33.75,33.75,41.25,1392.1875,1.22222222222
train,train/images/GF1_WFV3_E112.3_N21.4_20190806_L2A0004164428_5120_12800.png,train/labels/GF1_WFV3_E112.3_N21.4_20190806_L2A0004164428_5120_12800.txt,512,512,0,0,0.6474609375,0.7373046875,0.044921875,0.052734375,1.25,23,27,28.75,33.75,28.75,33.75,970.3125,1.17391304348
train,train/images/GF1_WFV3_E112.3_N21.4_20190806_L2A0004164428_5120_12800.png,train/labels/GF1_WFV3_E112.3_N21.4_20190806_L2A0004164428_5120_12800.txt,512,512,0,1,0.546875,0.8876953125,0.03515625,0.041015625,1.25,18,21,22.5,26.25,22.5,26.25,590.625,1.16666666667
train,train/images/GF1_WFV3_E112.3_N21.4_20190806_L2A0004164428_5120_9728.png,train/labels/GF1_WFV3_E112.3_N21.4_20190806_L2A0004164428_5120_9728.txt,512,512,0,0,0.0234375,0.4736328125,0.046875,0.048828125,1.25,24,25,30,31.25,30,31.25,937.5,1.04166666667
train,train/images/GF1_WFV3_E112.3_N21.4_20190806_L2A0004164428_512_12288.png,train/labels/GF1_WFV3_E112.3_N21.4_20190806_L2A0004164428_512_12288.txt,512,512,0,0,0.296875,0.3271484375,0.0625,0.044921875,1.25,32,23,40,28.75,28.75,40,1150,1.39130434783
train,train/images/GF1_WFV3_E112.3_N21.4_20190806_L2A0004164428_5632_12288.png,train/labels/GF1_WFV3_E112.3_N21.4_20190806_L2A0004164428_5632_12288.txt,512,512,0,0,0.8525390625,0.3193359375,0.052734375,0.048828125,1.25,27,25,33.75,31.25,31.25,33.75,1054.6875,1.08
train,train/images/GF1_WFV3_E112.3_N21.4_20190806_L2A0004164428_6144_11776.png,train/labels/GF1_WFV3_E112.3_N21.4_20190806_L2A0004164428_6144_11776.txt,512,512,0,0,0.623046875,0.2705078125,0.03515625,0.048828125,1.25,18,25,22.5,31.25,22.5,31.25,703.125,1.38888888889
train,train/images/GF1_WFV3_E112.3_N21.4_20190806_L2A0004164428_6144_7168.png,train/labels/GF1_WFV3_E112.3_N21.4_20190806_L2A0004164428_6144_7168.txt,512,512,0,0,0.8740234375,0.15234375,0.037109375,0.02734375,1.25,19,14,23.75,17.5,17.5,23.75,415.625,1.35714285714
train,train/images/GF1_WFV3_E112.3_N21.4_20190806_L2A0004164428_6656_10240.png,train/labels/GF1_WFV3_E112.3_N21.4_20190806_L2A0004164428_6656_10240.txt,512,512,0,0,0.3623046875,0.3447265625,0.052734375,0.041015625,1.25,27,21,33.75,26.25,26.25,33.75,885.9375,1.28571428571
train,train/images/GF1_WFV3_E112.3_N21.4_20190806_L2A0004164428_6656_10240.png,train/labels/GF1_WFV3_E112.3_N21.4_20190806_L2A0004164428_6656_10240.txt,512,512,0,1,0.9208984375,0.607421875,0.017578125,0.03125,1.25,9,16,11.25,20,11.25,20,225,1.77777777778
train,train/images/GF1_WFV3_E112.3_N21.4_20190806_L2A0004164428_6656_11264.png,train/labels/GF1_WFV3_E112.3_N21.4_20190806_L2A0004164428_6656_11264.txt,512,512,0,0,0.61328125,0.65234375,0.0390625,0.03125,1.25,20,16,25,20,20,25,500,1.25
train,train/images/GF1_WFV3_E112.3_N21.4_20190806_L2A0004164428_6656_6144.png,train/labels/GF1_WFV3_E112.3_N21.4_20190806_L2A0004164428_6656_6144.txt,512,512,0,0,0.026023890785,0.324870466321,0.0298634812287,0.0238341968912,1.25,15.2901023891,12.2031088083,19.1126279863,15.2538860104,15.2538860104,19.1126279863,291.541848662,1.25296779938
train,train/images/GF1_WFV3_E112.3_N21.4_20190806_L2A0004164428_6656_6656.png,train/labels/GF1_WFV3_E112.3_N21.4_20190806_L2A0004164428_6656_6656.txt,512,512,0,0,0.109641638225,0.248704663212,0.0145051194539,0.0269430051813,1.25,7.42662116041,13.7948186528,9.28327645051,17.2435233161,9.28327645051,17.2435233161,160.076393924,1.85748247486
train,train/images/GF1_WFV3_E112.3_N21.4_20190806_L2A0004164428_7168_11264.png,train/labels/GF1_WFV3_E112.3_N21.4_20190806_L2A0004164428_7168_11264.txt,512,512,0,0,0.8046875,0.5185546875,0.03125,0.033203125,1.25,16,17,20,21.25,20,21.25,425,1.0625
train,train/images/GF1_WFV3_E112.3_N21.4_20190806_L2A0004164428_7168_11776.png,train/labels/GF1_WFV3_E112.3_N21.4_20190806_L2A0004164428_7168_11776.txt,512,512,0,0,0.1396484375,0.2607421875,0.037109375,0.041015625,1.25,19,21,23.75,26.25,23.75,26.25,623.4375,1.10526315789
train,train/images/GF1_WFV3_E112.3_N21.4_20190806_L2A0004164428_7168_7168.png,train/labels/GF1_WFV3_E112.3_N21.4_20190806_L2A0004164428_7168_7168.txt,512,512,0,0,0.232421875,0.7060546875,0.04296875,0.033203125,1.25,22,17,27.5,21.25,21.25,27.5,584.375,1.29411764706
train,train/images/GF1_WFV3_E112.3_N21.4_20190806_L2A0004164428_7680_6144.png,train/labels/GF1_WFV3_E112.3_N21.4_20190806_L2A0004164428_7680_6144.txt,512,512,0,0,0.046875,0.6884765625,0.046875,0.033203125,1.25,24,17,30,21.25,21.25,30,637.5,1.41176470588
train,train/images/GF1_WFV3_E112.3_N21.4_20190806_L2A0004164428_7680_7168.png,train/labels/GF1_WFV3_E112.3_N21.4_20190806_L2A0004164428_7680_7168.txt,512,512,0,0,0.216796875,0.908203125,0.046875,0.04296875,1.25,24,22,30,27.5,27.5,30,825,1.09090909091
train,train/images/GF1_WFV3_E112.3_N21.4_20190806_L2A0004164428_7680_8704.png,train/labels/GF1_WFV3_E112.3_N21.4_20190806_L2A0004164428_7680_8704.txt,512,512,0,0,0.419921875,0.1630859375,0.05078125,0.041015625,1.25,26,21,32.5,26.25,26.25,32.5,853.125,1.2380952381
train,train/images/GF1_WFV3_E112.3_N21.4_20190806_L2A0004164428_8192_7168.png,train/labels/GF1_WFV3_E112.3_N21.4_20190806_L2A0004164428_8192_7168.txt,512,512,0,0,0.8359375,0.828125,0.05078125,0.03515625,1.25,26,18,32.5,22.5,22.5,32.5,731.25,1.44444444444
train,train/images/GF1_WFV3_E112.3_N21.4_20190806_L2A0004164428_8192_9728.png,train/labels/GF1_WFV3_E112.3_N21.4_20190806_L2A0004164428_8192_9728.txt,512,512,0,0,0.2900390625,0.9052734375,0.044921875,0.041015625,1.25,23,21,28.75,26.25,26.25,28.75,754.6875,1.09523809524
train,train/images/GF1_WFV3_E112.3_N21.4_20190806_L2A0004164428_9216_6656.png,train/labels/GF1_WFV3_E112.3_N21.4_20190806_L2A0004164428_9216_6656.txt,512,512,0,0,0.3974609375,0.6044921875,0.060546875,0.033203125,1.25,31,17,38.75,21.25,21.25,38.75,823.4375,1.82352941176
train,train/images/GF1_WFV3_E112.3_N21.4_20190806_L2A0004164428_9216_6656.png,train/labels/GF1_WFV3_E112.3_N21.4_20190806_L2A0004164428_9216_6656.txt,512,512,0,1,0.8310546875,0.3994140625,0.048828125,0.033203125,1.25,25,17,31.25,21.25,21.25,31.25,664.0625,1.47058823529
train,train/images/GF1_WFV3_E112.3_N21.4_20190806_L2A0004164428_9728_10240.png,train/labels/GF1_WFV3_E112.3_N21.4_20190806_L2A0004164428_9728_10240.txt,512,512,0,0,0.1396484375,0.9033203125,0.037109375,0.033203125,1.25,19,17,23.75,21.25,21.25,23.75,504.6875,1.11764705882
train,train/images/GF1_WFV3_E112.3_N21.4_20190806_L2A0004164428_9728_10240.png,train/labels/GF1_WFV3_E112.3_N21.4_20190806_L2A0004164428_9728_10240.txt,512,512,0,1,0.1806640625,0.91796875,0.029296875,0.0390625,1.25,15,20,18.75,25,18.75,25,468.75,1.33333333333
train,train/images/GF1_WFV3_E112.3_N21.4_20190806_L2A0004164428_9728_10240.png,train/labels/GF1_WFV3_E112.3_N21.4_20190806_L2A0004164428_9728_10240.txt,512,512,0,2,0.859375,0.607421875,0.05078125,0.02734375,1.25,26,14,32.5,17.5,17.5,32.5,568.75,1.85714285714
train,train/images/GF1_WFV3_E112.3_N21.4_20190806_L2A0004164428_9728_10240.png,train/labels/GF1_WFV3_E112.3_N21.4_20190806_L2A0004164428_9728_10240.txt,512,512,0,3,0.8720703125,0.6513671875,0.056640625,0.029296875,1.25,29,15,36.25,18.75,18.75,36.25,679.6875,1.93333333333
train,train/images/GF1_WFV3_E112.5_N22.2_20190806_L2A0004164434_10752_11264.png,train/labels/GF1_WFV3_E112.5_N22.2_20190806_L2A0004164434_10752_11264.txt,512,512,0,0,0.01953125,0.505859375,0.0390625,0.046875,1.25,20,24,25,30,25,30,750,1.2
train,train/images/GF1_WFV3_E112.5_N22.2_20190806_L2A0004164434_10752_11264.png,train/labels/GF1_WFV3_E112.5_N22.2_20190806_L2A0004164434_10752_11264.txt,512,512,0,1,0.255859375,0.3232421875,0.03515625,0.041015625,1.25,18,21,22.5,26.25,22.5,26.25,590.625,1.16666666667
train,train/images/GF1_WFV3_E112.5_N22.2_20190806_L2A0004164434_10752_13824.png,train/labels/GF1_WFV3_E112.5_N22.2_20190806_L2A0004164434_10752_13824.txt,512,512,0,0,0.8359375,0.3173828125,0.05078125,0.033203125,1.25,26,17,32.5,21.25,21.25,32.5,690.625,1.52941176471
train,train/images/GF1_WFV3_E112.5_N22.2_20190806_L2A0004164434_11264_10240.png,train/labels/GF1_WFV3_E112.5_N22.2_20190806_L2A0004164434_11264_10240.txt,512,512,0,0,0.793941979522,0.615544041451,0.0298634812287,0.0290155440415,1.25,15.2901023891,14.8559585492,19.1126279863,18.5699481865,18.5699481865,19.1126279863,354.920511415,1.02922354949
train,train/images/GF1_WFV3_E112.5_N22.2_20190806_L2A0004164434_11264_13824.png,train/labels/GF1_WFV3_E112.5_N22.2_20190806_L2A0004164434_11264_13824.txt,512,512,0,0,0.5634765625,0.048828125,0.029296875,0.03515625,1.25,15,18,18.75,22.5,18.75,22.5,421.875,1.2
train,train/images/GF1_WFV3_E112.5_N22.2_20190806_L2A0004164434_11264_13824.png,train/labels/GF1_WFV3_E112.5_N22.2_20190806_L2A0004164434_11264_13824.txt,512,512,0,1,0.626953125,0.1142578125,0.03515625,0.044921875,1.25,18,23,22.5,28.75,22.5,28.75,646.875,1.27777777778
train,train/images/GF1_WFV3_E112.5_N22.2_20190806_L2A0004164434_11776_10240.png,train/labels/GF1_WFV3_E112.5_N22.2_20190806_L2A0004164434_11776_10240.txt,512,512,0,0,0.2041015625,0.8388671875,0.048828125,0.037109375,1.25,25,19,31.25,23.75,23.75,31.25,742.1875,1.31578947368
train,train/images/GF1_WFV3_E112.5_N22.2_20190806_L2A0004164434_11776_13312.png,train/labels/GF1_WFV3_E112.5_N22.2_20190806_L2A0004164434_11776_13312.txt,512,512,0,0,0.165529010239,0.415544041451,0.0307167235495,0.0538860103627,1.25,15.7269624573,27.5896373057,19.6587030717,34.4870466321,19.6587030717,34.4870466321,677.97060956,1.75428900403
train,train/images/GF1_WFV3_E112.5_N22.2_20190806_L2A0004164434_2560_12288.png,train/labels/GF1_WFV3_E112.5_N22.2_20190806_L2A0004164434_2560_12288.txt,512,512,0,0,0.361328125,0.830078125,0.02734375,0.0234375,1.25,14,12,17.5,15,15,17.5,262.5,1.16666666667
train,train/images/GF1_WFV3_E112.5_N22.2_20190806_L2A0004164434_2560_12288.png,train/labels/GF1_WFV3_E112.5_N22.2_20190806_L2A0004164434_2560_12288.txt,512,512,0,1,0.6904296875,0.7900390625,0.044921875,0.033203125,1.25,23,17,28.75,21.25,21.25,28.75,610.9375,1.35294117647
train,train/images/GF1_WFV3_E112.5_N22.2_20190806_L2A0004164434_2560_12288.png,train/labels/GF1_WFV3_E112.5_N22.2_20190806_L2A0004164434_2560_12288.txt,512,512,0,2,0.6708984375,0.232421875,0.037109375,0.03515625,1.25,19,18,23.75,22.5,22.5,23.75,534.375,1.05555555556
train,train/images/GF1_WFV3_E112.5_N22.2_20190806_L2A0004164434_2560_12288.png,train/labels/GF1_WFV3_E112.5_N22.2_20190806_L2A0004164434_2560_12288.txt,512,512,0,3,0.7373046875,0.3515625,0.044921875,0.02734375,1.25,23,14,28.75,17.5,17.5,28.75,503.125,1.64285714286
train,train/images/GF1_WFV3_E112.5_N22.2_20190806_L2A0004164434_3072_12288.png,train/labels/GF1_WFV3_E112.5_N22.2_20190806_L2A0004164434_3072_12288.txt,512,512,0,0,0.21484375,0.6982421875,0.0546875,0.044921875,1.25,28,23,35,28.75,28.75,35,1006.25,1.21739130435
train,train/images/GF1_WFV3_E112.5_N22.2_20190806_L2A0004164434_3072_12288.png,train/labels/GF1_WFV3_E112.5_N22.2_20190806_L2A0004164434_3072_12288.txt,512,512,0,1,0.0302734375,0.3642578125,0.041015625,0.029296875,1.25,21,15,26.25,18.75,18.75,26.25,492.1875,1.4
train,train/images/GF1_WFV3_E112.5_N22.2_20190806_L2A0004164434_3072_12800.png,train/labels/GF1_WFV3_E112.5_N22.2_20190806_L2A0004164434_3072_12800.txt,512,512,0,0,0.216796875,0.0771484375,0.05078125,0.033203125,1.25,26,17,32.5,21.25,21.25,32.5,690.625,1.52941176471
train,train/images/GF1_WFV3_E112.5_N22.2_20190806_L2A0004164434_3072_12800.png,train/labels/GF1_WFV3_E112.5_N22.2_20190806_L2A0004164434_3072_12800.txt,512,512,0,1,0.1435546875,0.345703125,0.048828125,0.03515625,1.25,25,18,31.25,22.5,22.5,31.25,703.125,1.38888888889
train,train/images/GF1_WFV3_E112.5_N22.2_20190806_L2A0004164434_3584_12800.png,train/labels/GF1_WFV3_E112.5_N22.2_20190806_L2A0004164434_3584_12800.txt,512,512,0,0,0.197265625,0.49609375,0.04296875,0.05078125,1.25,22,26,27.5,32.5,27.5,32.5,893.75,1.18181818182
train,train/images/GF1_WFV3_E112.5_N22.2_20190806_L2A0004164434_4096_12288.png,train/labels/GF1_WFV3_E112.5_N22.2_20190806_L2A0004164434_4096_12288.txt,512,512,0,0,0.5556640625,0.8505859375,0.044921875,0.029296875,1.25,23,15,28.75,18.75,18.75,28.75,539.0625,1.53333333333
train,train/images/GF1_WFV3_E112.5_N22.2_20190806_L2A0004164434_6144_12288.png,train/labels/GF1_WFV3_E112.5_N22.2_20190806_L2A0004164434_6144_12288.txt,512,512,0,0,0.6376953125,0.1142578125,0.052734375,0.044921875,1.25,27,23,33.75,28.75,28.75,33.75,970.3125,1.17391304348
train,train/images/GF1_WFV3_E112.5_N22.2_20190806_L2A0004164434_6144_13312.png,train/labels/GF1_WFV3_E112.5_N22.2_20190806_L2A0004164434_6144_13312.txt,512,512,0,0,0.8076171875,0.33203125,0.056640625,0.03515625,1.25,29,18,36.25,22.5,22.5,36.25,815.625,1.61111111111
train,train/images/GF1_WFV3_E112.5_N22.2_20190806_L2A0004164434_6656_13824.png,train/labels/GF1_WFV3_E112.5_N22.2_20190806_L2A0004164434_6656_13824.txt,512,512,0,0,0.4150390625,0.416015625,0.056640625,0.03515625,1.25,29,18,36.25,22.5,22.5,36.25,815.625,1.61111111111
train,train/images/GF1_WFV3_E112.5_N22.2_20190806_L2A0004164434_8192_12800.png,train/labels/GF1_WFV3_E112.5_N22.2_20190806_L2A0004164434_8192_12800.txt,512,512,0,0,0.52734375,0.412109375,0.04296875,0.02734375,1.25,22,14,27.5,17.5,17.5,27.5,481.25,1.57142857143
train,train/images/GF1_WFV3_E112.5_N22.2_20190806_L2A0004164434_9216_12288.png,train/labels/GF1_WFV3_E112.5_N22.2_20190806_L2A0004164434_9216_12288.txt,512,512,0,0,0.275390625,0.376953125,0.046875,0.03515625,1.25,24,18,30,22.5,22.5,30,675,1.33333333333
train,train/images/GF1_WFV3_E112.5_N22.2_20190806_L2A0004164434_9216_12800.png,train/labels/GF1_WFV3_E112.5_N22.2_20190806_L2A0004164434_9216_12800.txt,512,512,0,0,0.451171875,0.2998046875,0.03515625,0.033203125,1.25,18,17,22.5,21.25,21.25,22.5,478.125,1.05882352941
train,train/images/GF1_WFV3_E112.5_N22.2_20190806_L2A0004164434_9728_11776.png,train/labels/GF1_WFV3_E112.5_N22.2_20190806_L2A0004164434_9728_11776.txt,512,512,0,0,0.5126953125,0.701171875,0.048828125,0.03125,1.25,25,16,31.25,20,20,31.25,625,1.5625
train,train/images/GF1_WFV3_E112.5_N22.2_20190806_L2A0004164434_9728_11776.png,train/labels/GF1_WFV3_E112.5_N22.2_20190806_L2A0004164434_9728_11776.txt,512,512,0,1,0.349609375,0.90234375,0.04296875,0.0234375,1.25,22,12,27.5,15,15,27.5,412.5,1.83333333333
train,train/images/GF1_WFV3_E112.5_N22.2_20190806_L2A0004164434_9728_12288.png,train/labels/GF1_WFV3_E112.5_N22.2_20190806_L2A0004164434_9728_12288.txt,512,512,0,0,0.443359375,0.3134765625,0.046875,0.033203125,1.25,24,17,30,21.25,21.25,30,637.5,1.41176470588
train,train/images/GF1_WFV3_E112.5_N22.2_20190806_L2A0004164434_9728_12288.png,train/labels/GF1_WFV3_E112.5_N22.2_20190806_L2A0004164434_9728_12288.txt,512,512,0,1,0.3095703125,0.1044921875,0.044921875,0.044921875,1.25,23,23,28.75,28.75,28.75,28.75,826.5625,1
train,train/images/GF1_WFV3_E112.6_N13.8_20200703_L2A0004902372_14872_7168.png,train/labels/GF1_WFV3_E112.6_N13.8_20200703_L2A0004902372_14872_7168.txt,512,512,0,0,0.839590443686,0.955440414508,0.0511945392491,0.0518134715026,1.25,26.2116040956,26.5284974093,32.7645051195,33.1606217617,32.7645051195,33.1606217617,1086.49136147,1.01208981002
train,train/images/GF1_WFV3_E112.6_N13.8_20200703_L2A0004902372_2048_3584.png,train/labels/GF1_WFV3_E112.6_N13.8_20200703_L2A0004902372_2048_3584.txt,512,512,0,0,0.580631399317,0.568911917098,0.05204778157,0.0663212435233,1.25,26.6484641638,33.9564766839,33.3105802048,42.4455958549,33.3105802048,42.4455958549,1413.88742506,1.27423766245
train,train/images/GF1_WFV3_E113.4_N17.2_20200703_L2A0004902183_10240_6144.png,train/labels/GF1_WFV3_E113.4_N17.2_20200703_L2A0004902183_10240_6144.txt,512,512,0,0,0.90234375,0.8271484375,0.0546875,0.052734375,1.25,28,27,35,33.75,33.75,35,1181.25,1.03703703704
train,train/images/GF1_WFV3_E113.4_N17.2_20200703_L2A0004902183_1024_9216.png,train/labels/GF1_WFV3_E113.4_N17.2_20200703_L2A0004902183_1024_9216.txt,512,512,0,0,0.0244140625,0.5380859375,0.048828125,0.037109375,1.25,25,19,31.25,23.75,23.75,31.25,742.1875,1.31578947368
train,train/images/GF1_WFV3_E113.4_N17.2_20200703_L2A0004902183_1024_9216.png,train/labels/GF1_WFV3_E113.4_N17.2_20200703_L2A0004902183_1024_9216.txt,512,512,0,1,0.92578125,0.5185546875,0.04296875,0.052734375,1.25,22,27,27.5,33.75,27.5,33.75,928.125,1.22727272727
train,train/images/GF1_WFV3_E113.4_N17.2_20200703_L2A0004902183_14334_4096.png,train/labels/GF1_WFV3_E113.4_N17.2_20200703_L2A0004902183_14334_4096.txt,512,512,0,0,0.936860068259,0.760621761658,0.0307167235495,0.0373056994819,1.25,15.7269624573,19.1005181347,19.6587030717,23.8756476684,19.6587030717,23.8756476684,469.364268157,1.21450777202
train,train/images/GF1_WFV3_E113.4_N17.2_20200703_L2A0004902183_14334_7168.png,train/labels/GF1_WFV3_E113.4_N17.2_20200703_L2A0004902183_14334_7168.txt,512,512,0,0,0.907423208191,0.0678756476684,0.0315699658703,0.0424870466321,1.25,16.1638225256,21.7533678756,20.204778157,27.1917098446,20.204778157,27.1917098446,549.402465119,1.34580590954
train,train/images/GF1_WFV3_E113.4_N17.2_20200703_L2A0004902183_1536_6144.png,train/labels/GF1_WFV3_E113.4_N17.2_20200703_L2A0004902183_1536_6144.txt,512,512,0,0,0.103515625,0.67578125,0.0390625,0.046875,1.25,20,24,25,30,25,30,750,1.2
train,train/images/GF1_WFV3_E113.4_N17.2_20200703_L2A0004902183_4096_4608.png,train/labels/GF1_WFV3_E113.4_N17.2_20200703_L2A0004902183_4096_4608.txt,512,512,0,0,0.313139931741,0.90725388601,0.0341296928328,0.0321243523316,1.25,17.4744027304,16.4476683938,21.843003413,20.5595854922,20.5595854922,21.843003413,449.083096076,1.06242430915
train,train/images/GF1_WFV3_E113.4_N17.2_20200703_L2A0004902183_5120_6656.png,train/labels/GF1_WFV3_E113.4_N17.2_20200703_L2A0004902183_5120_6656.txt,512,512,0,0,0.103515625,0.9580078125,0.046875,0.048828125,1.25,24,25,30,31.25,30,31.25,937.5,1.04166666667
train,train/images/GF1_WFV3_E113.4_N17.2_20200703_L2A0004902183_7680_3584.png,train/labels/GF1_WFV3_E113.4_N17.2_20200703_L2A0004902183_7680_3584.txt,512,512,0,0,0.216796875,0.017578125,0.05078125,0.03515625,1.25,26,18,32.5,22.5,22.5,32.5,731.25,1.44444444444
train,train/images/GF1_WFV3_E119.6_N35.6_20200424_L2A0004760840_10240_5632.png,train/labels/GF1_WFV3_E119.6_N35.6_20200424_L2A0004760840_10240_5632.txt,512,512,0,0,0.5517578125,0.1357421875,0.037109375,0.048828125,1.25,19,25,23.75,31.25,23.75,31.25,742.1875,1.31578947368
train,train/images/GF1_WFV3_E119.6_N35.6_20200424_L2A0004760840_10240_5632.png,train/labels/GF1_WFV3_E119.6_N35.6_20200424_L2A0004760840_10240_5632.txt,512,512,0,1,0.782423208191,0.360621761658,0.0221843003413,0.0227979274611,1.25,11.3583617747,11.6725388601,14.1979522184,14.5906735751,14.1979522184,14.5906735751,207.157686254,1.02766042248
train,train/images/GF1_WFV3_E119.6_N35.6_20200424_L2A0004760840_10240_9728.png,train/labels/GF1_WFV3_E119.6_N35.6_20200424_L2A0004760840_10240_9728.txt,512,512,0,0,0.1982421875,0.3525390625,0.048828125,0.037109375,1.25,25,19,31.25,23.75,23.75,31.25,742.1875,1.31578947368
train,train/images/GF1_WFV3_E119.6_N35.6_20200424_L2A0004760840_10752_10752.png,train/labels/GF1_WFV3_E119.6_N35.6_20200424_L2A0004760840_10752_10752.txt,512,512,0,0,0.9716796875,0.3759765625,0.056640625,0.044921875,1.25,29,23,36.25,28.75,28.75,36.25,1042.1875,1.26086956522
train,train/images/GF1_WFV3_E119.6_N35.6_20200424_L2A0004760840_10752_11264.png,train/labels/GF1_WFV3_E119.6_N35.6_20200424_L2A0004760840_10752_11264.txt,512,512,0,0,0.03125,0.4072265625,0.0625,0.041015625,1.25,32,21,40,26.25,26.25,40,1050,1.52380952381
train,train/images/GF1_WFV3_E119.6_N35.6_20200424_L2A0004760840_10752_11264.png,train/labels/GF1_WFV3_E119.6_N35.6_20200424_L2A0004760840_10752_11264.txt,512,512,0,1,0.2236328125,0.234375,0.060546875,0.03515625,1.25,31,18,38.75,22.5,22.5,38.75,871.875,1.72222222222
train,train/images/GF1_WFV3_E119.6_N35.6_20200424_L2A0004760840_10752_14336.png,train/labels/GF1_WFV3_E119.6_N35.6_20200424_L2A0004760840_10752_14336.txt,512,512,0,0,0.630859375,0.4453125,0.046875,0.0625,1.25,24,32,30,40,30,40,1200,1.33333333333
train,train/images/GF1_WFV3_E119.6_N35.6_20200424_L2A0004760840_10752_14336.png,train/labels/GF1_WFV3_E119.6_N35.6_20200424_L2A0004760840_10752_14336.txt,512,512,0,1,0.666015625,0.216796875,0.046875,0.03515625,1.25,24,18,30,22.5,22.5,30,675,1.33333333333
train,train/images/GF1_WFV3_E119.6_N35.6_20200424_L2A0004760840_10752_4096.png,train/labels/GF1_WFV3_E119.6_N35.6_20200424_L2A0004760840_10752_4096.txt,512,512,0,0,0.962890625,0.2802734375,0.046875,0.056640625,1.25,24,29,30,36.25,30,36.25,1087.5,1.20833333333
train,train/images/GF1_WFV3_E119.6_N35.6_20200424_L2A0004760840_10752_4096.png,train/labels/GF1_WFV3_E119.6_N35.6_20200424_L2A0004760840_10752_4096.txt,512,512,0,1,0.596416382253,0.670984455959,0.0494880546075,0.0362694300518,1.25,25.337883959,18.5699481865,31.6723549488,23.2124352332,23.2124352332,31.6723549488,735.192487931,1.36445636275
train,train/images/GF1_WFV3_E119.6_N35.6_20200424_L2A0004760840_10752_9728.png,train/labels/GF1_WFV3_E119.6_N35.6_20200424_L2A0004760840_10752_9728.txt,512,512,0,0,0.4375,0.896484375,0.0703125,0.0546875,1.25,36,28,45,35,35,45,1575,1.28571428571
train,train/images/GF1_WFV3_E119.6_N35.6_20200424_L2A0004760840_11264_10240.png,train/labels/GF1_WFV3_E119.6_N35.6_20200424_L2A0004760840_11264_10240.txt,512,512,0,0,0.9560546875,0.23046875,0.041015625,0.04296875,1.25,21,22,26.25,27.5,26.25,27.5,721.875,1.04761904762
train,train/images/GF1_WFV3_E119.6_N35.6_20200424_L2A0004760840_11264_11264.png,train/labels/GF1_WFV3_E119.6_N35.6_20200424_L2A0004760840_11264_11264.txt,512,512,0,0,0.84375,0.7451171875,0.05859375,0.044921875,1.25,30,23,37.5,28.75,28.75,37.5,1078.125,1.30434782609
train,train/images/GF1_WFV3_E119.6_N35.6_20200424_L2A0004760840_11264_12800.png,train/labels/GF1_WFV3_E119.6_N35.6_20200424_L2A0004760840_11264_12800.txt,512,512,0,0,0.837890625,0.767578125,0.0390625,0.0390625,1.25,20,20,25,25,25,25,625,1
train,train/images/GF1_WFV3_E119.6_N35.6_20200424_L2A0004760840_11264_4096.png,train/labels/GF1_WFV3_E119.6_N35.6_20200424_L2A0004760840_11264_4096.txt,512,512,0,0,0.0205078125,0.8134765625,0.041015625,0.052734375,1.25,21,27,26.25,33.75,26.25,33.75,885.9375,1.28571428571
train,train/images/GF1_WFV3_E119.6_N35.6_20200424_L2A0004760840_11264_4096.png,train/labels/GF1_WFV3_E119.6_N35.6_20200424_L2A0004760840_11264_4096.txt,512,512,0,1,0.505859375,0.6318359375,0.06640625,0.044921875,1.25,34,23,42.5,28.75,28.75,42.5,1221.875,1.47826086957
train,train/images/GF1_WFV3_E119.6_N35.6_20200424_L2A0004760840_11264_4096.png,train/labels/GF1_WFV3_E119.6_N35.6_20200424_L2A0004760840_11264_4096.txt,512,512,0,2,0.4970703125,0.7724609375,0.068359375,0.048828125,1.25,35,25,43.75,31.25,31.25,43.75,1367.1875,1.4
train,train/images/GF1_WFV3_E119.6_N35.6_20200424_L2A0004760840_11264_4608.png,train/labels/GF1_WFV3_E119.6_N35.6_20200424_L2A0004760840_11264_4608.txt,512,512,0,0,0.89453125,0.6435546875,0.0390625,0.044921875,1.25,20,23,25,28.75,25,28.75,718.75,1.15
train,train/images/GF1_WFV3_E119.6_N35.6_20200424_L2A0004760840_11776_11776.png,train/labels/GF1_WFV3_E119.6_N35.6_20200424_L2A0004760840_11776_11776.txt,512,512,0,0,0.6025390625,0.0712890625,0.068359375,0.048828125,1.25,35,25,43.75,31.25,31.25,43.75,1367.1875,1.4
train,train/images/GF1_WFV3_E119.6_N35.6_20200424_L2A0004760840_11776_11776.png,train/labels/GF1_WFV3_E119.6_N35.6_20200424_L2A0004760840_11776_11776.txt,512,512,0,1,0.1630859375,0.693359375,0.060546875,0.05078125,1.25,31,26,38.75,32.5,32.5,38.75,1259.375,1.19230769231
train,train/images/GF1_WFV3_E119.6_N35.6_20200424_L2A0004760840_11776_12288.png,train/labels/GF1_WFV3_E119.6_N35.6_20200424_L2A0004760840_11776_12288.txt,512,512,0,0,0.0185546875,0.10546875,0.037109375,0.0390625,1.25,19,20,23.75,25,23.75,25,593.75,1.05263157895
train,train/images/GF1_WFV3_E119.6_N35.6_20200424_L2A0004760840_12288_10752.png,train/labels/GF1_WFV3_E119.6_N35.6_20200424_L2A0004760840_12288_10752.txt,512,512,0,0,0.0859375,0.1220703125,0.0859375,0.052734375,1.25,44,27,55,33.75,33.75,55,1856.25,1.62962962963
train,train/images/GF1_WFV3_E119.6_N35.6_20200424_L2A0004760840_12288_13824.png,train/labels/GF1_WFV3_E119.6_N35.6_20200424_L2A0004760840_12288_13824.txt,512,512,0,0,0.2685546875,0.0986328125,0.048828125,0.037109375,1.25,25,19,31.25,23.75,23.75,31.25,742.1875,1.31578947368
train,train/images/GF1_WFV3_E119.6_N35.6_20200424_L2A0004760840_12288_14336.png,train/labels/GF1_WFV3_E119.6_N35.6_20200424_L2A0004760840_12288_14336.txt,512,512,0,0,0.7607421875,0.63671875,0.041015625,0.04296875,1.25,21,22,26.25,27.5,26.25,27.5,721.875,1.04761904762
train,train/images/GF1_WFV3_E119.6_N35.6_20200424_L2A0004760840_12288_4096.png,train/labels/GF1_WFV3_E119.6_N35.6_20200424_L2A0004760840_12288_4096.txt,512,512,0,0,0.1533203125,0.318359375,0.052734375,0.0390625,1.25,27,20,33.75,25,25,33.75,843.75,1.35
train,train/images/GF1_WFV3_E119.6_N35.6_20200424_L2A0004760840_12800_12800.png,train/labels/GF1_WFV3_E119.6_N35.6_20200424_L2A0004760840_12800_12800.txt,512,512,0,0,0.66015625,0.88671875,0.05078125,0.05078125,1.25,26,26,32.5,32.5,32.5,32.5,1056.25,1
train,train/images/GF1_WFV3_E119.6_N35.6_20200424_L2A0004760840_12800_14336.png,train/labels/GF1_WFV3_E119.6_N35.6_20200424_L2A0004760840_12800_14336.txt,512,512,0,0,0.5634765625,0.9541015625,0.021484375,0.033203125,1.25,11,17,13.75,21.25,13.75,21.25,292.1875,1.54545454545
train,train/images/GF1_WFV3_E119.6_N35.6_20200424_L2A0004760840_12800_14689.png,train/labels/GF1_WFV3_E119.6_N35.6_20200424_L2A0004760840_12800_14689.txt,512,512,0,0,0.408203125,0.892578125,0.0390625,0.0390625,1.25,20,20,25,25,25,25,625,1
train,train/images/GF1_WFV3_E119.6_N35.6_20200424_L2A0004760840_12800_14689.png,train/labels/GF1_WFV3_E119.6_N35.6_20200424_L2A0004760840_12800_14689.txt,512,512,0,1,0.5634765625,0.2587890625,0.021484375,0.029296875,1.25,11,15,13.75,18.75,13.75,18.75,257.8125,1.36363636364
train,train/images/GF1_WFV3_E119.6_N35.6_20200424_L2A0004760840_12800_14848.png,train/labels/GF1_WFV3_E119.6_N35.6_20200424_L2A0004760840_12800_14848.txt,512,512,0,0,0.6474609375,0.72265625,0.052734375,0.03125,1.25,27,16,33.75,20,20,33.75,675,1.6875
train,train/images/GF1_WFV3_E119.6_N35.6_20200424_L2A0004760840_12800_14848.png,train/labels/GF1_WFV3_E119.6_N35.6_20200424_L2A0004760840_12800_14848.txt,512,512,0,1,0.4150390625,0.58203125,0.041015625,0.03125,1.25,21,16,26.25,20,20,26.25,525,1.3125
train,train/images/GF1_WFV3_E119.6_N35.6_20200424_L2A0004760840_12800_4608.png,train/labels/GF1_WFV3_E119.6_N35.6_20200424_L2A0004760840_12800_4608.txt,512,512,0,0,0.205078125,0.21484375,0.05859375,0.04296875,1.25,30,22,37.5,27.5,27.5,37.5,1031.25,1.36363636364
train,train/images/GF1_WFV3_E119.6_N35.6_20200424_L2A0004760840_12800_4608.png,train/labels/GF1_WFV3_E119.6_N35.6_20200424_L2A0004760840_12800_4608.txt,512,512,0,1,0.529296875,0.189453125,0.07421875,0.04296875,1.25,38,22,47.5,27.5,27.5,47.5,1306.25,1.72727272727
train,train/images/GF1_WFV3_E119.6_N35.6_20200424_L2A0004760840_12800_4608.png,train/labels/GF1_WFV3_E119.6_N35.6_20200424_L2A0004760840_12800_4608.txt,512,512,0,2,0.8642578125,0.2392578125,0.064453125,0.041015625,1.25,33,21,41.25,26.25,26.25,41.25,1082.8125,1.57142857143
train,train/images/GF1_WFV3_E119.6_N35.6_20200424_L2A0004760840_12800_4608.png,train/labels/GF1_WFV3_E119.6_N35.6_20200424_L2A0004760840_12800_4608.txt,512,512,0,3,0.951171875,0.2041015625,0.0546875,0.037109375,1.25,28,19,35,23.75,23.75,35,831.25,1.47368421053
train,train/images/GF1_WFV3_E119.6_N35.6_20200424_L2A0004760840_12800_4608.png,train/labels/GF1_WFV3_E119.6_N35.6_20200424_L2A0004760840_12800_4608.txt,512,512,0,4,0.9697265625,0.5263671875,0.060546875,0.044921875,1.25,31,23,38.75,28.75,28.75,38.75,1114.0625,1.34782608696
train,train/images/GF1_WFV3_E119.6_N35.6_20200424_L2A0004760840_12800_4608.png,train/labels/GF1_WFV3_E119.6_N35.6_20200424_L2A0004760840_12800_4608.txt,512,512,0,5,0.828125,0.5673828125,0.08203125,0.056640625,1.25,42,29,52.5,36.25,36.25,52.5,1903.125,1.44827586207
train,train/images/GF1_WFV3_E119.6_N35.6_20200424_L2A0004760840_13312_10240.png,train/labels/GF1_WFV3_E119.6_N35.6_20200424_L2A0004760840_13312_10240.txt,512,512,0,0,0.3330078125,0.763671875,0.099609375,0.0625,1.25,51,32,63.75,40,40,63.75,2550,1.59375
train,train/images/GF1_WFV3_E119.6_N35.6_20200424_L2A0004760840_13312_10752.png,train/labels/GF1_WFV3_E119.6_N35.6_20200424_L2A0004760840_13312_10752.txt,512,512,0,0,0.431640625,0.244140625,0.08203125,0.046875,1.25,42,24,52.5,30,30,52.5,1575,1.75
train,train/images/GF1_WFV3_E119.6_N35.6_20200424_L2A0004760840_13312_12288.png,train/labels/GF1_WFV3_E119.6_N35.6_20200424_L2A0004760840_13312_12288.txt,512,512,0,0,0.2412109375,0.7236328125,0.041015625,0.068359375,1.25,21,35,26.25,43.75,26.25,43.75,1148.4375,1.66666666667
train,train/images/GF1_WFV3_E119.6_N35.6_20200424_L2A0004760840_13312_13824.png,train/labels/GF1_WFV3_E119.6_N35.6_20200424_L2A0004760840_13312_13824.txt,512,512,0,0,0.63671875,0.291015625,0.04296875,0.03515625,1.25,22,18,27.5,22.5,22.5,27.5,618.75,1.22222222222
train,train/images/GF1_WFV3_E119.6_N35.6_20200424_L2A0004760840_13312_13824.png,train/labels/GF1_WFV3_E119.6_N35.6_20200424_L2A0004760840_13312_13824.txt,512,512,0,1,0.7802734375,0.140625,0.048828125,0.03515625,1.25,25,18,31.25,22.5,22.5,31.25,703.125,1.38888888889
train,train/images/GF1_WFV3_E119.6_N35.6_20200424_L2A0004760840_13312_4608.png,train/labels/GF1_WFV3_E119.6_N35.6_20200424_L2A0004760840_13312_4608.txt,512,512,0,0,0.5166015625,0.4755859375,0.091796875,0.064453125,1.25,47,33,58.75,41.25,41.25,58.75,2423.4375,1.42424242424
train,train/images/GF1_WFV3_E119.6_N35.6_20200424_L2A0004760840_13824_8704.png,train/labels/GF1_WFV3_E119.6_N35.6_20200424_L2A0004760840_13824_8704.txt,512,512,0,0,0.318359375,0.140625,0.09765625,0.0703125,1.25,50,36,62.5,45,45,62.5,2812.5,1.38888888889
train,train/images/GF1_WFV3_E119.6_N35.6_20200424_L2A0004760840_14187_4608.png,train/labels/GF1_WFV3_E119.6_N35.6_20200424_L2A0004760840_14187_4608.txt,512,512,0,0,0.9775390625,0.59765625,0.044921875,0.04296875,1.25,23,22,28.75,27.5,27.5,28.75,790.625,1.04545454545
train,train/images/GF1_WFV3_E119.6_N35.6_20200424_L2A0004760840_14187_5120.png,train/labels/GF1_WFV3_E119.6_N35.6_20200424_L2A0004760840_14187_5120.txt,512,512,0,0,0.78515625,0.8798828125,0.07421875,0.060546875,1.25,38,31,47.5,38.75,38.75,47.5,1840.625,1.22580645161
train,train/images/GF1_WFV3_E119.6_N35.6_20200424_L2A0004760840_14187_9216.png,train/labels/GF1_WFV3_E119.6_N35.6_20200424_L2A0004760840_14187_9216.txt,512,512,0,0,0.7197265625,0.025390625,0.060546875,0.046875,1.25,31,24,38.75,30,30,38.75,1162.5,1.29166666667
train,train/images/GF1_WFV3_E119.6_N35.6_20200424_L2A0004760840_14699_5120.png,train/labels/GF1_WFV3_E119.6_N35.6_20200424_L2A0004760840_14699_5120.txt,512,512,0,0,0.0341796875,0.9150390625,0.068359375,0.056640625,1.25,35,29,43.75,36.25,36.25,43.75,1585.9375,1.20689655172
train,train/images/GF1_WFV3_E119.6_N35.6_20200424_L2A0004760840_14699_5120.png,train/labels/GF1_WFV3_E119.6_N35.6_20200424_L2A0004760840_14699_5120.txt,512,512,0,1,0.111328125,0.6748046875,0.05078125,0.044921875,1.25,26,23,32.5,28.75,28.75,32.5,934.375,1.13043478261
train,train/images/GF1_WFV3_E119.6_N35.6_20200424_L2A0004760840_14699_5120.png,train/labels/GF1_WFV3_E119.6_N35.6_20200424_L2A0004760840_14699_5120.txt,512,512,0,2,0.3935546875,0.54296875,0.068359375,0.0546875,1.25,35,28,43.75,35,35,43.75,1531.25,1.25
train,train/images/GF1_WFV3_E119.6_N35.6_20200424_L2A0004760840_14699_5120.png,train/labels/GF1_WFV3_E119.6_N35.6_20200424_L2A0004760840_14699_5120.txt,512,512,0,3,0.58984375,0.2958984375,0.07421875,0.056640625,1.25,38,29,47.5,36.25,36.25,47.5,1721.875,1.31034482759
train,train/images/GF1_WFV3_E119.6_N35.6_20200424_L2A0004760840_14699_5120.png,train/labels/GF1_WFV3_E119.6_N35.6_20200424_L2A0004760840_14699_5120.txt,512,512,0,4,0.921875,0.0712890625,0.0546875,0.041015625,1.25,28,21,35,26.25,26.25,35,918.75,1.33333333333
train,train/images/GF1_WFV3_E119.6_N35.6_20200424_L2A0004760840_14699_5120.png,train/labels/GF1_WFV3_E119.6_N35.6_20200424_L2A0004760840_14699_5120.txt,512,512,0,5,0.8486328125,0.3603515625,0.048828125,0.044921875,1.25,25,23,31.25,28.75,28.75,31.25,898.4375,1.08695652174
train,train/images/GF1_WFV3_E119.6_N35.6_20200424_L2A0004760840_14699_5120.png,train/labels/GF1_WFV3_E119.6_N35.6_20200424_L2A0004760840_14699_5120.txt,512,512,0,6,0.9296875,0.6201171875,0.06640625,0.060546875,1.25,34,31,42.5,38.75,38.75,42.5,1646.875,1.09677419355
train,train/images/GF1_WFV3_E119.6_N35.6_20200424_L2A0004760840_14699_5632.png,train/labels/GF1_WFV3_E119.6_N35.6_20200424_L2A0004760840_14699_5632.txt,512,512,0,0,0.9501953125,0.919921875,0.076171875,0.046875,1.25,39,24,48.75,30,30,48.75,1462.5,1.625
train,train/images/GF1_WFV3_E119.6_N35.6_20200424_L2A0004760840_14699_5632.png,train/labels/GF1_WFV3_E119.6_N35.6_20200424_L2A0004760840_14699_5632.txt,512,512,0,1,0.64453125,0.94921875,0.05078125,0.0390625,1.25,26,20,32.5,25,25,32.5,812.5,1.3
train,train/images/GF1_WFV3_E119.6_N35.6_20200424_L2A0004760840_14699_5632.png,train/labels/GF1_WFV3_E119.6_N35.6_20200424_L2A0004760840_14699_5632.txt,512,512,0,2,0.2529296875,0.7861328125,0.056640625,0.048828125,1.25,29,25,36.25,31.25,31.25,36.25,1132.8125,1.16
train,train/images/GF1_WFV3_E119.6_N35.6_20200424_L2A0004760840_14699_5632.png,train/labels/GF1_WFV3_E119.6_N35.6_20200424_L2A0004760840_14699_5632.txt,512,512,0,3,0.4609375,0.41015625,0.0703125,0.0625,1.25,36,32,45,40,40,45,1800,1.125
train,train/images/GF1_WFV3_E119.6_N35.6_20200424_L2A0004760840_14699_5632.png,train/labels/GF1_WFV3_E119.6_N35.6_20200424_L2A0004760840_14699_5632.txt,512,512,0,4,0.0791015625,0.46875,0.052734375,0.0390625,1.25,27,20,33.75,25,25,33.75,843.75,1.35
train,train/images/GF1_WFV3_E119.6_N35.6_20200424_L2A0004760840_14699_5632.png,train/labels/GF1_WFV3_E119.6_N35.6_20200424_L2A0004760840_14699_5632.txt,512,512,0,5,0.1943359375,0.296875,0.044921875,0.03125,1.25,23,16,28.75,20,20,28.75,575,1.4375
train,train/images/GF1_WFV3_E119.6_N35.6_20200424_L2A0004760840_15211_4096.png,train/labels/GF1_WFV3_E119.6_N35.6_20200424_L2A0004760840_15211_4096.txt,512,512,0,0,0.6982421875,0.015625,0.052734375,0.02734375,1.25,27,14,33.75,17.5,17.5,33.75,590.625,1.92857142857
train,train/images/GF1_WFV3_E119.6_N35.6_20200424_L2A0004760840_15211_5120.png,train/labels/GF1_WFV3_E119.6_N35.6_20200424_L2A0004760840_15211_5120.txt,512,512,0,0,0.1806640625,0.4296875,0.048828125,0.03515625,1.25,25,18,31.25,22.5,22.5,31.25,703.125,1.38888888889
train,train/images/GF1_WFV3_E119.6_N35.6_20200424_L2A0004760840_15211_5120.png,train/labels/GF1_WFV3_E119.6_N35.6_20200424_L2A0004760840_15211_5120.txt,512,512,0,1,0.130859375,0.8818359375,0.0703125,0.068359375,1.25,36,35,45,43.75,43.75,45,1968.75,1.02857142857
train,train/images/GF1_WFV3_E119.6_N35.6_20200424_L2A0004760840_8192_10752.png,train/labels/GF1_WFV3_E119.6_N35.6_20200424_L2A0004760840_8192_10752.txt,512,512,0,0,0.4033203125,0.7255859375,0.052734375,0.052734375,1.25,27,27,33.75,33.75,33.75,33.75,1139.0625,1
train,train/images/GF1_WFV3_E119.6_N35.6_20200424_L2A0004760840_8192_10752.png,train/labels/GF1_WFV3_E119.6_N35.6_20200424_L2A0004760840_8192_10752.txt,512,512,0,1,0.462890625,0.8876953125,0.05859375,0.048828125,1.25,30,25,37.5,31.25,31.25,37.5,1171.875,1.2
train,train/images/GF1_WFV3_E119.6_N35.6_20200424_L2A0004760840_8192_10752.png,train/labels/GF1_WFV3_E119.6_N35.6_20200424_L2A0004760840_8192_10752.txt,512,512,0,2,0.6123046875,0.25390625,0.041015625,0.02734375,1.25,21,14,26.25,17.5,17.5,26.25,459.375,1.5
train,train/images/GF1_WFV3_E119.6_N35.6_20200424_L2A0004760840_8192_9728.png,train/labels/GF1_WFV3_E119.6_N35.6_20200424_L2A0004760840_8192_9728.txt,512,512,0,0,0.880859375,0.5068359375,0.046875,0.033203125,1.25,24,17,30,21.25,21.25,30,637.5,1.41176470588
train,train/images/GF1_WFV3_E119.6_N35.6_20200424_L2A0004760840_8704_10240.png,train/labels/GF1_WFV3_E119.6_N35.6_20200424_L2A0004760840_8704_10240.txt,512,512,0,0,0.8935546875,0.607421875,0.033203125,0.03515625,1.25,17,18,21.25,22.5,21.25,22.5,478.125,1.05882352941
train,train/images/GF1_WFV3_E119.6_N35.6_20200424_L2A0004760840_8704_12288.png,train/labels/GF1_WFV3_E119.6_N35.6_20200424_L2A0004760840_8704_12288.txt,512,512,0,0,0.76953125,0.0654296875,0.07421875,0.056640625,1.25,38,29,47.5,36.25,36.25,47.5,1721.875,1.31034482759
train,train/images/GF1_WFV3_E119.6_N35.6_20200424_L2A0004760840_8704_12288.png,train/labels/GF1_WFV3_E119.6_N35.6_20200424_L2A0004760840_8704_12288.txt,512,512,0,1,0.15234375,0.38671875,0.0546875,0.03515625,1.25,28,18,35,22.5,22.5,35,787.5,1.55555555556
train,train/images/GF1_WFV3_E119.6_N35.6_20200424_L2A0004760840_8704_12800.png,train/labels/GF1_WFV3_E119.6_N35.6_20200424_L2A0004760840_8704_12800.txt,512,512,0,0,0.0390625,0.087890625,0.046875,0.03515625,1.25,24,18,30,22.5,22.5,30,675,1.33333333333
train,train/images/GF1_WFV3_E119.6_N35.6_20200424_L2A0004760840_8704_12800.png,train/labels/GF1_WFV3_E119.6_N35.6_20200424_L2A0004760840_8704_12800.txt,512,512,0,1,0.17578125,0.048828125,0.0390625,0.02734375,1.25,20,14,25,17.5,17.5,25,437.5,1.42857142857
train,train/images/GF1_WFV3_E119.6_N35.6_20200424_L2A0004760840_8704_12800.png,train/labels/GF1_WFV3_E119.6_N35.6_20200424_L2A0004760840_8704_12800.txt,512,512,0,2,0.2001953125,0.265625,0.033203125,0.0234375,1.25,17,12,21.25,15,15,21.25,318.75,1.41666666667
train,train/images/GF1_WFV3_E119.6_N35.6_20200424_L2A0004760840_8704_7680.png,train/labels/GF1_WFV3_E119.6_N35.6_20200424_L2A0004760840_8704_7680.txt,512,512,0,0,0.1298828125,0.89453125,0.033203125,0.04296875,1.25,17,22,21.25,27.5,21.25,27.5,584.375,1.29411764706
train,train/images/GF1_WFV3_E119.6_N35.6_20200424_L2A0004760840_8704_9216.png,train/labels/GF1_WFV3_E119.6_N35.6_20200424_L2A0004760840_8704_9216.txt,512,512,0,0,0.6982421875,0.966796875,0.060546875,0.046875,1.25,31,24,38.75,30,30,38.75,1162.5,1.29166666667
train,train/images/GF1_WFV3_E119.6_N35.6_20200424_L2A0004760840_9216_10240.png,train/labels/GF1_WFV3_E119.6_N35.6_20200424_L2A0004760840_9216_10240.txt,512,512,0,0,0.3994140625,0.5341796875,0.033203125,0.029296875,1.25,17,15,21.25,18.75,18.75,21.25,398.4375,1.13333333333
train,train/images/GF1_WFV3_E119.6_N35.6_20200424_L2A0004760840_9216_10752.png,train/labels/GF1_WFV3_E119.6_N35.6_20200424_L2A0004760840_9216_10752.txt,512,512,0,0,0.416015625,0.0126953125,0.05859375,0.025390625,1.25,30,13,37.5,16.25,16.25,37.5,609.375,2.30769230769
train,train/images/GF1_WFV3_E119.6_N35.6_20200424_L2A0004760840_9216_10752.png,train/labels/GF1_WFV3_E119.6_N35.6_20200424_L2A0004760840_9216_10752.txt,512,512,0,1,0.4150390625,0.1640625,0.048828125,0.03125,1.25,25,16,31.25,20,20,31.25,625,1.5625
train,train/images/GF1_WFV3_E119.6_N35.6_20200424_L2A0004760840_9216_11264.png,train/labels/GF1_WFV3_E119.6_N35.6_20200424_L2A0004760840_9216_11264.txt,512,512,0,0,0.505546075085,0.227979274611,0.0315699658703,0.020725388601,1.25,16.1638225256,10.6113989637,20.204778157,13.2642487047,13.2642487047,20.204778157,268.001202497,1.52325085324
train,train/images/GF1_WFV3_E119.6_N35.6_20200424_L2A0004760840_9216_8704.png,train/labels/GF1_WFV3_E119.6_N35.6_20200424_L2A0004760840_9216_8704.txt,512,512,0,0,0.98046875,0.4267578125,0.0390625,0.056640625,1.25,20,29,25,36.25,25,36.25,906.25,1.45
train,train/images/GF1_WFV3_E119.6_N35.6_20200424_L2A0004760840_9728_10240.png,train/labels/GF1_WFV3_E119.6_N35.6_20200424_L2A0004760840_9728_10240.txt,512,512,0,0,0.7509765625,0.328125,0.041015625,0.04296875,1.25,21,22,26.25,27.5,26.25,27.5,721.875,1.04761904762
train,train/images/GF1_WFV3_E119.6_N35.6_20200424_L2A0004760840_9728_10752.png,train/labels/GF1_WFV3_E119.6_N35.6_20200424_L2A0004760840_9728_10752.txt,512,512,0,0,0.4345703125,0.56640625,0.060546875,0.05078125,1.25,31,26,38.75,32.5,32.5,38.75,1259.375,1.19230769231
train,train/images/GF1_WFV3_E119.6_N35.6_20200424_L2A0004760840_9728_10752.png,train/labels/GF1_WFV3_E119.6_N35.6_20200424_L2A0004760840_9728_10752.txt,512,512,0,1,0.783203125,0.79296875,0.0703125,0.05859375,1.25,36,30,45,37.5,37.5,45,1687.5,1.2
train,train/images/GF1_WFV3_E119.6_N35.6_20200424_L2A0004760840_9728_11264.png,train/labels/GF1_WFV3_E119.6_N35.6_20200424_L2A0004760840_9728_11264.txt,512,512,0,0,0.39453125,0.9189453125,0.0546875,0.048828125,1.25,28,25,35,31.25,31.25,35,1093.75,1.12
train,train/images/GF1_WFV3_E119.6_N35.6_20200424_L2A0004760840_9728_11776.png,train/labels/GF1_WFV3_E119.6_N35.6_20200424_L2A0004760840_9728_11776.txt,512,512,0,0,0.0615234375,0.1416015625,0.060546875,0.041015625,1.25,31,21,38.75,26.25,26.25,38.75,1017.1875,1.47619047619
train,train/images/GF1_WFV3_E119.6_N35.6_20200424_L2A0004760840_9728_11776.png,train/labels/GF1_WFV3_E119.6_N35.6_20200424_L2A0004760840_9728_11776.txt,512,512,0,1,0.3359375,0.33203125,0.078125,0.05859375,1.25,40,30,50,37.5,37.5,50,1875,1.33333333333
train,train/images/GF1_WFV3_E119.6_N35.6_20200424_L2A0004760840_9728_11776.png,train/labels/GF1_WFV3_E119.6_N35.6_20200424_L2A0004760840_9728_11776.txt,512,512,0,2,0.048828125,0.9521484375,0.05859375,0.052734375,1.25,30,27,37.5,33.75,33.75,37.5,1265.625,1.11111111111
train,train/images/GF1_WFV3_E119.6_N35.6_20200424_L2A0004760840_9728_11776.png,train/labels/GF1_WFV3_E119.6_N35.6_20200424_L2A0004760840_9728_11776.txt,512,512,0,3,0.3505859375,0.80859375,0.060546875,0.05078125,1.25,31,26,38.75,32.5,32.5,38.75,1259.375,1.19230769231
train,train/images/GF1_WFV3_E119.6_N35.6_20200424_L2A0004760840_9728_11776.png,train/labels/GF1_WFV3_E119.6_N35.6_20200424_L2A0004760840_9728_11776.txt,512,512,0,4,0.5703125,0.7509765625,0.05859375,0.048828125,1.25,30,25,37.5,31.25,31.25,37.5,1171.875,1.2
train,train/images/GF1_WFV3_E119.6_N35.6_20200424_L2A0004760840_9728_11776.png,train/labels/GF1_WFV3_E119.6_N35.6_20200424_L2A0004760840_9728_11776.txt,512,512,0,5,0.8330078125,0.8212890625,0.060546875,0.044921875,1.25,31,23,38.75,28.75,28.75,38.75,1114.0625,1.34782608696
train,train/images/GF1_WFV3_E119.6_N35.6_20200424_L2A0004760840_9728_11776.png,train/labels/GF1_WFV3_E119.6_N35.6_20200424_L2A0004760840_9728_11776.txt,512,512,0,6,0.6201171875,0.9658203125,0.060546875,0.044921875,1.25,31,23,38.75,28.75,28.75,38.75,1114.0625,1.34782608696
train,train/images/GF1_WFV3_E119.6_N35.6_20200424_L2A0004760840_9728_11776.png,train/labels/GF1_WFV3_E119.6_N35.6_20200424_L2A0004760840_9728_11776.txt,512,512,0,7,0.340870307167,0.686528497409,0.0247440273038,0.0217616580311,1.25,12.6689419795,11.1419689119,15.8361774744,13.9274611399,13.9274611399,15.8361774744,220.557746379,1.13704696896
train,train/images/GF1_WFV3_E119.6_N35.6_20200424_L2A0004760840_9728_12288.png,train/labels/GF1_WFV3_E119.6_N35.6_20200424_L2A0004760840_9728_12288.txt,512,512,0,0,0.39453125,0.0615234375,0.0625,0.044921875,1.25,32,23,40,28.75,28.75,40,1150,1.39130434783
train,train/images/GF1_WFV3_E119.6_N35.6_20200424_L2A0004760840_9728_12288.png,train/labels/GF1_WFV3_E119.6_N35.6_20200424_L2A0004760840_9728_12288.txt,512,512,0,1,0.9765625,0.396484375,0.04296875,0.0546875,1.25,22,28,27.5,35,27.5,35,962.5,1.27272727273
train,train/images/GF1_WFV3_E119.6_N35.6_20200424_L2A0004760840_9728_7680.png,train/labels/GF1_WFV3_E119.6_N35.6_20200424_L2A0004760840_9728_7680.txt,512,512,0,0,0.3134765625,0.0673828125,0.037109375,0.041015625,1.25,19,21,23.75,26.25,23.75,26.25,623.4375,1.10526315789
train,train/images/GF1_WFV3_E119.6_N35.6_20200424_L2A0004760840_9728_9728.png,train/labels/GF1_WFV3_E119.6_N35.6_20200424_L2A0004760840_9728_9728.txt,512,512,0,0,0.7080078125,0.3095703125,0.033203125,0.037109375,1.25,17,19,21.25,23.75,21.25,23.75,504.6875,1.11764705882
train,train/images/GF1_WFV3_E120.2_N22.2_20200710_L2A0004922264_10240_13312.png,train/labels/GF1_WFV3_E120.2_N22.2_20200710_L2A0004922264_10240_13312.txt,512,512,0,0,0.845703125,0.0390625,0.046875,0.0390625,1.25,24,20,30,25,25,30,750,1.2
train,train/images/GF1_WFV3_E120.2_N22.2_20200710_L2A0004922264_10752_12288.png,train/labels/GF1_WFV3_E120.2_N22.2_20200710_L2A0004922264_10752_12288.txt,512,512,0,0,0.638671875,0.0146484375,0.0390625,0.025390625,1.25,20,13,25,16.25,16.25,25,406.25,1.53846153846
train,train/images/GF1_WFV3_E120.2_N22.2_20200710_L2A0004922264_11264_12288.png,train/labels/GF1_WFV3_E120.2_N22.2_20200710_L2A0004922264_11264_12288.txt,512,512,0,0,0.0166015625,0.541015625,0.033203125,0.046875,1.25,17,24,21.25,30,21.25,30,637.5,1.41176470588
train,train/images/GF1_WFV3_E120.2_N22.2_20200710_L2A0004922264_13824_5632.png,train/labels/GF1_WFV3_E120.2_N22.2_20200710_L2A0004922264_13824_5632.txt,512,512,0,0,0.5732421875,0.6357421875,0.044921875,0.048828125,1.25,23,25,28.75,31.25,28.75,31.25,898.4375,1.08695652174
train,train/images/GF1_WFV3_E120.2_N22.2_20200710_L2A0004922264_3584_512.png,train/labels/GF1_WFV3_E120.2_N22.2_20200710_L2A0004922264_3584_512.txt,512,512,0,0,0.185546875,0.015625,0.04296875,0.03125,1.25,22,16,27.5,20,20,27.5,550,1.375
train,train/images/GF1_WFV3_E120.2_N22.2_20200710_L2A0004922264_4096_5120.png,train/labels/GF1_WFV3_E120.2_N22.2_20200710_L2A0004922264_4096_5120.txt,512,512,0,0,0.171875,0.5859375,0.0390625,0.05078125,1.25,20,26,25,32.5,25,32.5,812.5,1.3
train,train/images/GF1_WFV3_E120.2_N22.2_20200710_L2A0004922264_4096_7168.png,train/labels/GF1_WFV3_E120.2_N22.2_20200710_L2A0004922264_4096_7168.txt,512,512,0,0,0.9189453125,0.3193359375,0.052734375,0.056640625,1.25,27,29,33.75,36.25,33.75,36.25,1223.4375,1.07407407407
train,train/images/GF1_WFV3_E120.2_N22.2_20200710_L2A0004922264_4608_10752.png,train/labels/GF1_WFV3_E120.2_N22.2_20200710_L2A0004922264_4608_10752.txt,512,512,0,0,0.8232421875,0.25390625,0.044921875,0.04296875,1.25,23,22,28.75,27.5,27.5,28.75,790.625,1.04545454545
train,train/images/GF1_WFV3_E120.2_N22.2_20200710_L2A0004922264_4608_10752.png,train/labels/GF1_WFV3_E120.2_N22.2_20200710_L2A0004922264_4608_10752.txt,512,512,0,1,0.015625,0.59375,0.03125,0.0546875,1.25,16,28,20,35,20,35,700,1.75
train,train/images/GF1_WFV3_E120.2_N22.2_20200710_L2A0004922264_4608_6656.png,train/labels/GF1_WFV3_E120.2_N22.2_20200710_L2A0004922264_4608_6656.txt,512,512,0,0,0.0498046875,0.7470703125,0.037109375,0.037109375,1.25,19,19,23.75,23.75,23.75,23.75,564.0625,1
train,train/images/GF1_WFV3_E120.2_N22.2_20200710_L2A0004922264_4608_7168.png,train/labels/GF1_WFV3_E120.2_N22.2_20200710_L2A0004922264_4608_7168.txt,512,512,0,0,0.7880859375,0.466796875,0.037109375,0.0546875,1.25,19,28,23.75,35,23.75,35,831.25,1.47368421053
train,train/images/GF1_WFV3_E120.2_N22.2_20200710_L2A0004922264_5120_2560.png,train/labels/GF1_WFV3_E120.2_N22.2_20200710_L2A0004922264_5120_2560.txt,512,512,0,0,0.125,0.806640625,0.0390625,0.05078125,1.25,20,26,25,32.5,25,32.5,812.5,1.3
train,train/images/GF1_WFV3_E120.2_N22.2_20200710_L2A0004922264_5120_2560.png,train/labels/GF1_WFV3_E120.2_N22.2_20200710_L2A0004922264_5120_2560.txt,512,512,0,1,0.978515625,0.384765625,0.02734375,0.03125,1.25,14,16,17.5,20,17.5,20,350,1.14285714286
train,train/images/GF1_WFV3_E120.2_N22.2_20200710_L2A0004922264_5120_3584.png,train/labels/GF1_WFV3_E120.2_N22.2_20200710_L2A0004922264_5120_3584.txt,512,512,0,0,0.544921875,0.525390625,0.03125,0.0546875,1.25,16,28,20,35,20,35,700,1.75
train,train/images/GF1_WFV3_E120.2_N22.2_20200710_L2A0004922264_6144_3072.png,train/labels/GF1_WFV3_E120.2_N22.2_20200710_L2A0004922264_6144_3072.txt,512,512,0,0,0.892578125,0.171875,0.0390625,0.03515625,1.25,20,18,25,22.5,22.5,25,562.5,1.11111111111
train,train/images/GF1_WFV3_E120.2_N22.2_20200710_L2A0004922264_6144_3072.png,train/labels/GF1_WFV3_E120.2_N22.2_20200710_L2A0004922264_6144_3072.txt,512,512,0,1,0.03515625,0.462890625,0.03125,0.03515625,1.25,16,18,20,22.5,20,22.5,450,1.125
train,train/images/GF1_WFV3_E120.2_N22.2_20200710_L2A0004922264_6144_3584.png,train/labels/GF1_WFV3_E120.2_N22.2_20200710_L2A0004922264_6144_3584.txt,512,512,0,0,0.21484375,0.763671875,0.046875,0.05078125,1.25,24,26,30,32.5,30,32.5,975,1.08333333333
train,train/images/GF1_WFV3_E120.2_N22.2_20200710_L2A0004922264_6144_3584.png,train/labels/GF1_WFV3_E120.2_N22.2_20200710_L2A0004922264_6144_3584.txt,512,512,0,1,0.9072265625,0.8125,0.033203125,0.04296875,1.25,17,22,21.25,27.5,21.25,27.5,584.375,1.29411764706
train,train/images/GF1_WFV3_E120.2_N22.2_20200710_L2A0004922264_6144_3584.png,train/labels/GF1_WFV3_E120.2_N22.2_20200710_L2A0004922264_6144_3584.txt,512,512,0,2,0.103515625,0.07421875,0.03515625,0.0390625,1.25,18,20,22.5,25,22.5,25,562.5,1.11111111111
train,train/images/GF1_WFV3_E120.2_N22.2_20200710_L2A0004922264_6144_5632.png,train/labels/GF1_WFV3_E120.2_N22.2_20200710_L2A0004922264_6144_5632.txt,512,512,0,0,0.7060546875,0.537109375,0.052734375,0.02734375,1.25,27,14,33.75,17.5,17.5,33.75,590.625,1.92857142857
train,train/images/GF1_WFV3_E120.2_N22.2_20200710_L2A0004922264_6656_11776.png,train/labels/GF1_WFV3_E120.2_N22.2_20200710_L2A0004922264_6656_11776.txt,512,512,0,0,0.783203125,0.7783203125,0.03125,0.041015625,1.25,16,21,20,26.25,20,26.25,525,1.3125
train,train/images/GF1_WFV3_E120.2_N22.2_20200710_L2A0004922264_6656_3072.png,train/labels/GF1_WFV3_E120.2_N22.2_20200710_L2A0004922264_6656_3072.txt,512,512,0,0,0.6796875,0.9619140625,0.0390625,0.033203125,1.25,20,17,25,21.25,21.25,25,531.25,1.17647058824
train,train/images/GF1_WFV3_E120.2_N22.2_20200710_L2A0004922264_6656_3584.png,train/labels/GF1_WFV3_E120.2_N22.2_20200710_L2A0004922264_6656_3584.txt,512,512,0,0,0.72265625,0.380859375,0.04296875,0.0390625,1.25,22,20,27.5,25,25,27.5,687.5,1.1
train,train/images/GF1_WFV3_E120.2_N22.2_20200710_L2A0004922264_6656_4096.png,train/labels/GF1_WFV3_E120.2_N22.2_20200710_L2A0004922264_6656_4096.txt,512,512,0,0,0.3681640625,0.3369140625,0.041015625,0.029296875,1.25,21,15,26.25,18.75,18.75,26.25,492.1875,1.4
train,train/images/GF1_WFV3_E120.2_N22.2_20200710_L2A0004922264_6656_4096.png,train/labels/GF1_WFV3_E120.2_N22.2_20200710_L2A0004922264_6656_4096.txt,512,512,0,1,0.5654296875,0.5791015625,0.044921875,0.037109375,1.25,23,19,28.75,23.75,23.75,28.75,682.8125,1.21052631579
train,train/images/GF1_WFV3_E120.2_N22.2_20200710_L2A0004922264_6656_4096.png,train/labels/GF1_WFV3_E120.2_N22.2_20200710_L2A0004922264_6656_4096.txt,512,512,0,2,0.9814453125,0.7919921875,0.037109375,0.037109375,1.25,19,19,23.75,23.75,23.75,23.75,564.0625,1
train,train/images/GF1_WFV3_E120.2_N22.2_20200710_L2A0004922264_6656_4608.png,train/labels/GF1_WFV3_E120.2_N22.2_20200710_L2A0004922264_6656_4608.txt,512,512,0,0,0.015625,0.2216796875,0.03125,0.041015625,1.25,16,21,20,26.25,20,26.25,525,1.3125
train,train/images/GF1_WFV3_E120.2_N22.2_20200710_L2A0004922264_6656_4608.png,train/labels/GF1_WFV3_E120.2_N22.2_20200710_L2A0004922264_6656_4608.txt,512,512,0,1,0.4267578125,0.8955078125,0.048828125,0.044921875,1.25,25,23,31.25,28.75,28.75,31.25,898.4375,1.08695652174
train,train/images/GF1_WFV3_E120.2_N22.2_20200710_L2A0004922264_6656_4608.png,train/labels/GF1_WFV3_E120.2_N22.2_20200710_L2A0004922264_6656_4608.txt,512,512,0,2,0.775390625,0.009765625,0.03125,0.01953125,1.25,16,10,20,12.5,12.5,20,250,1.6
train,train/images/GF1_WFV3_E120.2_N22.2_20200710_L2A0004922264_6656_5120.png,train/labels/GF1_WFV3_E120.2_N22.2_20200710_L2A0004922264_6656_5120.txt,512,512,0,0,0.9755859375,0.884765625,0.048828125,0.0390625,1.25,25,20,31.25,25,25,31.25,781.25,1.25
train,train/images/GF1_WFV3_E120.2_N22.2_20200710_L2A0004922264_6656_5120.png,train/labels/GF1_WFV3_E120.2_N22.2_20200710_L2A0004922264_6656_5120.txt,512,512,0,1,0.850682593857,0.465803108808,0.0238907849829,0.0217616580311,1.25,12.2320819113,11.1419689119,15.2901023891,13.9274611399,13.9274611399,15.2901023891,212.952306849,1.09783845279
train,train/images/GF1_WFV3_E120.2_N22.2_20200710_L2A0004922264_6656_5120.png,train/labels/GF1_WFV3_E120.2_N22.2_20200710_L2A0004922264_6656_5120.txt,512,512,0,2,0.755119453925,0.725906735751,0.0221843003413,0.0238341968912,1.25,11.3583617747,12.2031088083,14.1979522184,15.2538860104,14.1979522184,15.2538860104,216.573944721,1.07437225986
train,train/images/GF1_WFV3_E120.2_N22.2_20200710_L2A0004922264_6656_6656.png,train/labels/GF1_WFV3_E120.2_N22.2_20200710_L2A0004922264_6656_6656.txt,512,512,0,0,0.2314453125,0.66015625,0.044921875,0.046875,1.25,23,24,28.75,30,28.75,30,862.5,1.04347826087
train,train/images/GF1_WFV3_E120.2_N22.2_20200710_L2A0004922264_7168_11776.png,train/labels/GF1_WFV3_E120.2_N22.2_20200710_L2A0004922264_7168_11776.txt,512,512,0,0,0.794921875,0.2255859375,0.0546875,0.041015625,1.25,28,21,35,26.25,26.25,35,918.75,1.33333333333
train,train/images/GF1_WFV3_E120.2_N22.2_20200710_L2A0004922264_7168_4096.png,train/labels/GF1_WFV3_E120.2_N22.2_20200710_L2A0004922264_7168_4096.txt,512,512,0,0,0.072265625,0.5068359375,0.04296875,0.029296875,1.25,22,15,27.5,18.75,18.75,27.5,515.625,1.46666666667
train,train/images/GF1_WFV3_E120.2_N22.2_20200710_L2A0004922264_7168_4096.png,train/labels/GF1_WFV3_E120.2_N22.2_20200710_L2A0004922264_7168_4096.txt,512,512,0,1,0.2431640625,0.41796875,0.029296875,0.03125,1.25,15,16,18.75,20,18.75,20,375,1.06666666667
train,train/images/GF1_WFV3_E120.2_N22.2_20200710_L2A0004922264_7168_4096.png,train/labels/GF1_WFV3_E120.2_N22.2_20200710_L2A0004922264_7168_4096.txt,512,512,0,2,0.208984375,0.5849609375,0.0390625,0.029296875,1.25,20,15,25,18.75,18.75,25,468.75,1.33333333333
train,train/images/GF1_WFV3_E120.2_N22.2_20200710_L2A0004922264_7168_4096.png,train/labels/GF1_WFV3_E120.2_N22.2_20200710_L2A0004922264_7168_4096.txt,512,512,0,3,0.341796875,0.5634765625,0.04296875,0.029296875,1.25,22,15,27.5,18.75,18.75,27.5,515.625,1.46666666667
train,train/images/GF1_WFV3_E120.2_N22.2_20200710_L2A0004922264_7168_4096.png,train/labels/GF1_WFV3_E120.2_N22.2_20200710_L2A0004922264_7168_4096.txt,512,512,0,4,0.1455078125,0.626953125,0.037109375,0.03515625,1.25,19,18,23.75,22.5,22.5,23.75,534.375,1.05555555556
train,train/images/GF1_WFV3_E120.2_N22.2_20200710_L2A0004922264_7168_4096.png,train/labels/GF1_WFV3_E120.2_N22.2_20200710_L2A0004922264_7168_4096.txt,512,512,0,5,0.0126953125,0.6962890625,0.025390625,0.033203125,1.25,13,17,16.25,21.25,16.25,21.25,345.3125,1.30769230769
train,train/images/GF1_WFV3_E120.2_N22.2_20200710_L2A0004922264_7168_5120.png,train/labels/GF1_WFV3_E120.2_N22.2_20200710_L2A0004922264_7168_5120.txt,512,512,0,0,0.672781569966,0.70207253886,0.0315699658703,0.0321243523316,1.25,16.1638225256,16.4476683938,20.204778157,20.5595854922,20.204778157,20.5595854922,415.40186387,1.01756056575
train,train/images/GF1_WFV3_E120.2_N22.2_20200710_L2A0004922264_7168_5120.png,train/labels/GF1_WFV3_E120.2_N22.2_20200710_L2A0004922264_7168_5120.txt,512,512,0,1,0.722696245734,0.622797927461,0.0221843003413,0.0227979274611,1.25,11.3583617747,11.6725388601,14.1979522184,14.5906735751,14.1979522184,14.5906735751,207.157686254,1.02766042248
train,train/images/GF1_WFV3_E120.2_N22.2_20200710_L2A0004922264_7168_5120.png,train/labels/GF1_WFV3_E120.2_N22.2_20200710_L2A0004922264_7168_5120.txt,512,512,0,2,0.0110921501706,0.890155440415,0.0204778156997,0.020725388601,1.25,10.4846416382,10.6113989637,13.1058020478,13.2642487047,13.1058020478,13.2642487047,173.838617836,1.01208981002
train,train/images/GF1_WFV3_E120.2_N22.2_20200710_L2A0004922264_7168_5120.png,train/labels/GF1_WFV3_E120.2_N22.2_20200710_L2A0004922264_7168_5120.txt,512,512,0,3,0.178754266212,0.238341968912,0.0315699658703,0.0227979274611,1.25,16.1638225256,11.6725388601,20.204778157,14.5906735751,14.5906735751,20.204778157,294.801322747,1.38477350295
train,train/images/GF1_WFV3_E120.2_N22.2_20200710_L2A0004922264_7168_5120.png,train/labels/GF1_WFV3_E120.2_N22.2_20200710_L2A0004922264_7168_5120.txt,512,512,0,4,0.508532423208,0.736787564767,0.018771331058,0.020725388601,1.25,9.61092150171,10.6113989637,12.0136518771,13.2642487047,12.0136518771,13.2642487047,159.35206635,1.10409797456
train,train/images/GF1_WFV3_E120.2_N22.2_20200710_L2A0004922264_7168_5120.png,train/labels/GF1_WFV3_E120.2_N22.2_20200710_L2A0004922264_7168_5120.txt,512,512,0,5,0.986348122867,0.916062176166,0.0170648464164,0.0269430051813,1.25,8.73720136519,13.7948186528,10.9215017065,17.2435233161,10.9215017065,17.2435233161,188.325169322,1.57886010363
train,train/images/GF1_WFV3_E120.2_N22.2_20200710_L2A0004922264_7168_5632.png,train/labels/GF1_WFV3_E120.2_N22.2_20200710_L2A0004922264_7168_5632.txt,512,512,0,0,0.6552734375,0.185546875,0.048828125,0.0546875,1.25,25,28,31.25,35,31.25,35,1093.75,1.12
train,train/images/GF1_WFV3_E120.2_N22.2_20200710_L2A0004922264_7168_5632.png,train/labels/GF1_WFV3_E120.2_N22.2_20200710_L2A0004922264_7168_5632.txt,512,512,0,1,0.8154296875,0.4326171875,0.052734375,0.060546875,1.25,27,31,33.75,38.75,33.75,38.75,1307.8125,1.14814814815
train,train/images/GF1_WFV3_E120.2_N22.2_20200710_L2A0004922264_7168_5632.png,train/labels/GF1_WFV3_E120.2_N22.2_20200710_L2A0004922264_7168_5632.txt,512,512,0,2,0.541015625,0.37890625,0.03125,0.0546875,1.25,16,28,20,35,20,35,700,1.75
train,train/images/GF1_WFV3_E120.2_N22.2_20200710_L2A0004922264_7168_5632.png,train/labels/GF1_WFV3_E120.2_N22.2_20200710_L2A0004922264_7168_5632.txt,512,512,0,3,0.724402730375,0.783937823834,0.0477815699659,0.0507772020725,1.25,24.4641638225,25.9979274611,30.5802047782,32.4974093264,30.5802047782,32.4974093264,993.777431962,1.06269430052
train,train/images/GF1_WFV3_E120.2_N22.2_20200710_L2A0004922264_7168_5632.png,train/labels/GF1_WFV3_E120.2_N22.2_20200710_L2A0004922264_7168_5632.txt,512,512,0,4,0.795648464164,0.264248704663,0.0213310580205,0.0310880829016,1.25,10.9215017065,15.9170984456,13.6518771331,19.896373057,13.6518771331,19.896373057,271.622840369,1.45740932642
train,train/images/GF1_WFV3_E120.2_N22.2_20200710_L2A0004922264_7168_6144.png,train/labels/GF1_WFV3_E120.2_N22.2_20200710_L2A0004922264_7168_6144.txt,512,512,0,0,0.35546875,0.4833984375,0.0234375,0.033203125,1.25,12,17,15,21.25,15,21.25,318.75,1.41666666667
train,train/images/GF1_WFV3_E120.2_N22.2_20200710_L2A0004922264_7168_6144.png,train/labels/GF1_WFV3_E120.2_N22.2_20200710_L2A0004922264_7168_6144.txt,512,512,0,1,0.458984375,0.693359375,0.02734375,0.03125,1.25,14,16,17.5,20,17.5,20,350,1.14285714286
train,train/images/GF1_WFV3_E120.2_N22.2_20200710_L2A0004922264_8192_6656.png,train/labels/GF1_WFV3_E120.2_N22.2_20200710_L2A0004922264_8192_6656.txt,512,512,0,0,0.205078125,0.3310546875,0.04296875,0.041015625,1.25,22,21,27.5,26.25,26.25,27.5,721.875,1.04761904762
train,train/images/GF1_WFV3_E120.2_N22.2_20200710_L2A0004922264_8704_6144.png,train/labels/GF1_WFV3_E120.2_N22.2_20200710_L2A0004922264_8704_6144.txt,512,512,0,0,0.506825938567,0.914507772021,0.0221843003413,0.019689119171,1.25,11.3583617747,10.0808290155,14.1979522184,12.6010362694,12.6010362694,14.1979522184,178.908910856,1.12672893839
train,train/images/GF1_WFV3_E120.2_N22.2_20200710_L2A0004922264_8704_7168.png,train/labels/GF1_WFV3_E120.2_N22.2_20200710_L2A0004922264_8704_7168.txt,512,512,0,0,0.78515625,0.85546875,0.0390625,0.02734375,1.25,20,14,25,17.5,17.5,25,437.5,1.42857142857
train,train/images/GF1_WFV3_E120.2_N22.2_20200710_L2A0004922264_8704_7168.png,train/labels/GF1_WFV3_E120.2_N22.2_20200710_L2A0004922264_8704_7168.txt,512,512,0,1,0.9892578125,0.6962890625,0.021484375,0.037109375,1.25,11,19,13.75,23.75,13.75,23.75,326.5625,1.72727272727
train,train/images/GF1_WFV3_E120.2_N22.2_20200710_L2A0004922264_9216_7680.png,train/labels/GF1_WFV3_E120.2_N22.2_20200710_L2A0004922264_9216_7680.txt,512,512,0,0,0.689419795222,0.173575129534,0.0255972696246,0.0279792746114,1.25,13.1058020478,14.325388601,16.3822525597,17.9067357513,16.3822525597,17.9067357513,293.352667598,1.09305699482
train,train/images/GF1_WFV3_E120.2_N22.2_20200710_L2A0004922264_9728_13824.png,train/labels/GF1_WFV3_E120.2_N22.2_20200710_L2A0004922264_9728_13824.txt,512,512,0,0,0.65234375,0.6259765625,0.05078125,0.048828125,1.25,26,25,32.5,31.25,31.25,32.5,1015.625,1.04
train,train/images/GF1_WFV3_E120.2_N22.2_20200710_L2A0004922264_9728_7680.png,train/labels/GF1_WFV3_E120.2_N22.2_20200710_L2A0004922264_9728_7680.txt,512,512,0,0,0.162109375,0.4091796875,0.0234375,0.033203125,1.25,12,17,15,21.25,15,21.25,318.75,1.41666666667
train,train/images/GF1_WFV3_E120.2_N22.2_20200710_L2A0004922264_9728_8192.png,train/labels/GF1_WFV3_E120.2_N22.2_20200710_L2A0004922264_9728_8192.txt,512,512,0,0,0.8505859375,0.68359375,0.025390625,0.0390625,1.25,13,20,16.25,25,16.25,25,406.25,1.53846153846
train,train/images/GF1_WFV3_E121.9_N35.6_20190805_L2A0004161897_11264_13312.png,train/labels/GF1_WFV3_E121.9_N35.6_20190805_L2A0004161897_11264_13312.txt,512,512,0,0,0.890625,0.2265625,0.03515625,0.06640625,1.25,18,34,22.5,42.5,22.5,42.5,956.25,1.88888888889
train,train/images/GF1_WFV3_E121.9_N35.6_20190805_L2A0004161897_11264_13312.png,train/labels/GF1_WFV3_E121.9_N35.6_20190805_L2A0004161897_11264_13312.txt,512,512,0,1,0.8505859375,0.8466796875,0.029296875,0.044921875,1.25,15,23,18.75,28.75,18.75,28.75,539.0625,1.53333333333
train,train/images/GF1_WFV3_E121.9_N35.6_20190805_L2A0004161897_11264_14636.png,train/labels/GF1_WFV3_E121.9_N35.6_20190805_L2A0004161897_11264_14636.txt,512,512,0,0,0.6396484375,0.859375,0.044921875,0.0625,1.25,23,32,28.75,40,28.75,40,1150,1.39130434783
train,train/images/GF1_WFV3_E121.9_N35.6_20190805_L2A0004161897_11264_14636.png,train/labels/GF1_WFV3_E121.9_N35.6_20190805_L2A0004161897_11264_14636.txt,512,512,0,1,0.9150390625,0.8486328125,0.048828125,0.056640625,1.25,25,29,31.25,36.25,31.25,36.25,1132.8125,1.16
train,train/images/GF1_WFV3_E121.9_N35.6_20190805_L2A0004161897_11264_14636.png,train/labels/GF1_WFV3_E121.9_N35.6_20190805_L2A0004161897_11264_14636.txt,512,512,0,2,0.8935546875,0.546875,0.052734375,0.0546875,1.25,27,28,33.75,35,33.75,35,1181.25,1.03703703704
train,train/images/GF1_WFV3_E121.9_N35.6_20190805_L2A0004161897_11264_14636.png,train/labels/GF1_WFV3_E121.9_N35.6_20190805_L2A0004161897_11264_14636.txt,512,512,0,3,0.9765625,0.443359375,0.046875,0.046875,1.25,24,24,30,30,30,30,900,1
train,train/images/GF1_WFV3_E121.9_N35.6_20190805_L2A0004161897_11264_14636.png,train/labels/GF1_WFV3_E121.9_N35.6_20190805_L2A0004161897_11264_14636.txt,512,512,0,4,0.81640625,0.1767578125,0.0390625,0.044921875,1.25,20,23,25,28.75,25,28.75,718.75,1.15
train,train/images/GF1_WFV3_E121.9_N35.6_20190805_L2A0004161897_11264_14636.png,train/labels/GF1_WFV3_E121.9_N35.6_20190805_L2A0004161897_11264_14636.txt,512,512,0,5,0.98046875,0.0244140625,0.0390625,0.044921875,1.25,20,23,25,28.75,25,28.75,718.75,1.15
train,train/images/GF1_WFV3_E121.9_N35.6_20190805_L2A0004161897_11264_14848.png,train/labels/GF1_WFV3_E121.9_N35.6_20190805_L2A0004161897_11264_14848.txt,512,512,0,0,0.6328125,0.44140625,0.05078125,0.0546875,1.25,26,28,32.5,35,32.5,35,1137.5,1.07692307692
train,train/images/GF1_WFV3_E121.9_N35.6_20190805_L2A0004161897_11264_14848.png,train/labels/GF1_WFV3_E121.9_N35.6_20190805_L2A0004161897_11264_14848.txt,512,512,0,1,0.9150390625,0.4306640625,0.044921875,0.064453125,1.25,23,33,28.75,41.25,28.75,41.25,1185.9375,1.4347826087
train,train/images/GF1_WFV3_E121.9_N35.6_20190805_L2A0004161897_11264_14848.png,train/labels/GF1_WFV3_E121.9_N35.6_20190805_L2A0004161897_11264_14848.txt,512,512,0,2,0.88671875,0.1298828125,0.0390625,0.044921875,1.25,20,23,25,28.75,25,28.75,718.75,1.15
train,train/images/GF1_WFV3_E121.9_N35.6_20190805_L2A0004161897_11264_14848.png,train/labels/GF1_WFV3_E121.9_N35.6_20190805_L2A0004161897_11264_14848.txt,512,512,0,3,0.9765625,0.02734375,0.03515625,0.05078125,1.25,18,26,22.5,32.5,22.5,32.5,731.25,1.44444444444
train,train/images/GF1_WFV3_E121.9_N35.6_20190805_L2A0004161897_11264_3072.png,train/labels/GF1_WFV3_E121.9_N35.6_20190805_L2A0004161897_11264_3072.txt,512,512,0,0,0.58203125,0.966796875,0.03515625,0.046875,1.25,18,24,22.5,30,22.5,30,675,1.33333333333
train,train/images/GF1_WFV3_E121.9_N35.6_20190805_L2A0004161897_11264_4096.png,train/labels/GF1_WFV3_E121.9_N35.6_20190805_L2A0004161897_11264_4096.txt,512,512,0,0,0.816126279863,0.155440414508,0.0162116040956,0.020725388601,1.25,8.30034129693,10.6113989637,10.3754266212,13.2642487047,10.3754266212,13.2642487047,137.62223912,1.27842923371
train,train/images/GF1_WFV3_E121.9_N35.6_20190805_L2A0004161897_11264_4096.png,train/labels/GF1_WFV3_E121.9_N35.6_20190805_L2A0004161897_11264_4096.txt,512,512,0,1,0.818686006826,0.117616580311,0.0213310580205,0.0279792746114,1.25,10.9215017065,14.325388601,13.6518771331,17.9067357513,13.6518771331,17.9067357513,244.460556332,1.31166839378
train,train/images/GF1_WFV3_E121.9_N35.6_20190805_L2A0004161897_11264_4608.png,train/labels/GF1_WFV3_E121.9_N35.6_20190805_L2A0004161897_11264_4608.txt,512,512,0,0,0.354948805461,0.185492227979,0.0290102389078,0.0352331606218,1.25,14.8532423208,18.0393782383,18.566552901,22.5492227979,18.566552901,22.5492227979,418.661337955,1.21450777202
train,train/images/GF1_WFV3_E121.9_N35.6_20190805_L2A0004161897_11776_10240.png,train/labels/GF1_WFV3_E121.9_N35.6_20190805_L2A0004161897_11776_10240.txt,512,512,0,0,0.9697265625,0.5849609375,0.037109375,0.048828125,1.25,19,25,23.75,31.25,23.75,31.25,742.1875,1.31578947368
train,train/images/GF1_WFV3_E121.9_N35.6_20190805_L2A0004161897_11776_10752.png,train/labels/GF1_WFV3_E121.9_N35.6_20190805_L2A0004161897_11776_10752.txt,512,512,0,0,0.11328125,0.5341796875,0.046875,0.060546875,1.25,24,31,30,38.75,30,38.75,1162.5,1.29166666667
train,train/images/GF1_WFV3_E121.9_N35.6_20190805_L2A0004161897_11776_10752.png,train/labels/GF1_WFV3_E121.9_N35.6_20190805_L2A0004161897_11776_10752.txt,512,512,0,1,0.8994140625,0.1689453125,0.037109375,0.056640625,1.25,19,29,23.75,36.25,23.75,36.25,860.9375,1.52631578947
train,train/images/GF1_WFV3_E121.9_N35.6_20190805_L2A0004161897_11776_13312.png,train/labels/GF1_WFV3_E121.9_N35.6_20190805_L2A0004161897_11776_13312.txt,512,512,0,0,0.021484375,0.9814453125,0.04296875,0.037109375,1.25,22,19,27.5,23.75,23.75,27.5,653.125,1.15789473684
train,train/images/GF1_WFV3_E121.9_N35.6_20190805_L2A0004161897_11776_13824.png,train/labels/GF1_WFV3_E121.9_N35.6_20190805_L2A0004161897_11776_13824.txt,512,512,0,0,0.05078125,0.9462890625,0.0390625,0.060546875,1.25,20,31,25,38.75,25,38.75,968.75,1.55
train,train/images/GF1_WFV3_E121.9_N35.6_20190805_L2A0004161897_11776_13824.png,train/labels/GF1_WFV3_E121.9_N35.6_20190805_L2A0004161897_11776_13824.txt,512,512,0,1,0.396484375,0.0390625,0.04296875,0.05078125,1.25,22,26,27.5,32.5,27.5,32.5,893.75,1.18181818182
train,train/images/GF1_WFV3_E121.9_N35.6_20190805_L2A0004161897_11776_13824.png,train/labels/GF1_WFV3_E121.9_N35.6_20190805_L2A0004161897_11776_13824.txt,512,512,0,2,0.60546875,0.4609375,0.03515625,0.05859375,1.25,18,30,22.5,37.5,22.5,37.5,843.75,1.66666666667
train,train/images/GF1_WFV3_E121.9_N35.6_20190805_L2A0004161897_11776_4096.png,train/labels/GF1_WFV3_E121.9_N35.6_20190805_L2A0004161897_11776_4096.txt,512,512,0,0,0.58984375,0.767578125,0.03515625,0.0390625,1.25,18,20,22.5,25,22.5,25,562.5,1.11111111111
train,train/images/GF1_WFV3_E121.9_N35.6_20190805_L2A0004161897_11776_4096.png,train/labels/GF1_WFV3_E121.9_N35.6_20190805_L2A0004161897_11776_4096.txt,512,512,0,1,0.2890625,0.86328125,0.03125,0.046875,1.25,16,24,20,30,20,30,600,1.5
train,train/images/GF1_WFV3_E121.9_N35.6_20190805_L2A0004161897_11776_4608.png,train/labels/GF1_WFV3_E121.9_N35.6_20190805_L2A0004161897_11776_4608.txt,512,512,0,0,0.7705078125,0.380859375,0.044921875,0.0546875,1.25,23,28,28.75,35,28.75,35,1006.25,1.21739130435
train,train/images/GF1_WFV3_E121.9_N35.6_20190805_L2A0004161897_11776_5120.png,train/labels/GF1_WFV3_E121.9_N35.6_20190805_L2A0004161897_11776_5120.txt,512,512,0,0,0.3515625,0.3974609375,0.0390625,0.044921875,1.25,20,23,25,28.75,25,28.75,718.75,1.15
train,train/images/GF1_WFV3_E121.9_N35.6_20190805_L2A0004161897_11776_5120.png,train/labels/GF1_WFV3_E121.9_N35.6_20190805_L2A0004161897_11776_5120.txt,512,512,0,1,0.482421875,0.458984375,0.046875,0.0625,1.25,24,32,30,40,30,40,1200,1.33333333333
train,train/images/GF1_WFV3_E121.9_N35.6_20190805_L2A0004161897_11776_6656.png,train/labels/GF1_WFV3_E121.9_N35.6_20190805_L2A0004161897_11776_6656.txt,512,512,0,0,0.3583984375,0.4384765625,0.048828125,0.064453125,1.25,25,33,31.25,41.25,31.25,41.25,1289.0625,1.32
train,train/images/GF1_WFV3_E121.9_N35.6_20190805_L2A0004161897_11776_6656.png,train/labels/GF1_WFV3_E121.9_N35.6_20190805_L2A0004161897_11776_6656.txt,512,512,0,1,0.404296875,0.90625,0.05078125,0.0703125,1.25,26,36,32.5,45,32.5,45,1462.5,1.38461538462
train,train/images/GF1_WFV3_E121.9_N35.6_20190805_L2A0004161897_11776_7168.png,train/labels/GF1_WFV3_E121.9_N35.6_20190805_L2A0004161897_11776_7168.txt,512,512,0,0,0.3212890625,0.8701171875,0.052734375,0.068359375,1.25,27,35,33.75,43.75,33.75,43.75,1476.5625,1.2962962963
train,train/images/GF1_WFV3_E121.9_N35.6_20190805_L2A0004161897_11776_7168.png,train/labels/GF1_WFV3_E121.9_N35.6_20190805_L2A0004161897_11776_7168.txt,512,512,0,1,0.482421875,0.30859375,0.04296875,0.046875,1.25,22,24,27.5,30,27.5,30,825,1.09090909091
train,train/images/GF1_WFV3_E121.9_N35.6_20190805_L2A0004161897_11776_7168.png,train/labels/GF1_WFV3_E121.9_N35.6_20190805_L2A0004161897_11776_7168.txt,512,512,0,2,0.58203125,0.41015625,0.04296875,0.0546875,1.25,22,28,27.5,35,27.5,35,962.5,1.27272727273
train,train/images/GF1_WFV3_E121.9_N35.6_20190805_L2A0004161897_11776_7168.png,train/labels/GF1_WFV3_E121.9_N35.6_20190805_L2A0004161897_11776_7168.txt,512,512,0,3,0.69921875,0.119140625,0.046875,0.05859375,1.25,24,30,30,37.5,30,37.5,1125,1.25
train,train/images/GF1_WFV3_E121.9_N35.6_20190805_L2A0004161897_11776_8192.png,train/labels/GF1_WFV3_E121.9_N35.6_20190805_L2A0004161897_11776_8192.txt,512,512,0,0,0.5947265625,0.6513671875,0.037109375,0.072265625,1.25,19,37,23.75,46.25,23.75,46.25,1098.4375,1.94736842105
train,train/images/GF1_WFV3_E121.9_N35.6_20190805_L2A0004161897_11776_8192.png,train/labels/GF1_WFV3_E121.9_N35.6_20190805_L2A0004161897_11776_8192.txt,512,512,0,1,0.3623046875,0.79296875,0.041015625,0.0625,1.25,21,32,26.25,40,26.25,40,1050,1.52380952381
train,train/images/GF1_WFV3_E121.9_N35.6_20190805_L2A0004161897_11776_8192.png,train/labels/GF1_WFV3_E121.9_N35.6_20190805_L2A0004161897_11776_8192.txt,512,512,0,2,0.1513671875,0.7919921875,0.037109375,0.052734375,1.25,19,27,23.75,33.75,23.75,33.75,801.5625,1.42105263158
train,train/images/GF1_WFV3_E121.9_N35.6_20190805_L2A0004161897_11776_8192.png,train/labels/GF1_WFV3_E121.9_N35.6_20190805_L2A0004161897_11776_8192.txt,512,512,0,3,0.201171875,0.900390625,0.05078125,0.06640625,1.25,26,34,32.5,42.5,32.5,42.5,1381.25,1.30769230769
train,train/images/GF1_WFV3_E121.9_N35.6_20190805_L2A0004161897_11776_8704.png,train/labels/GF1_WFV3_E121.9_N35.6_20190805_L2A0004161897_11776_8704.txt,512,512,0,0,0.0703125,0.0537109375,0.0390625,0.052734375,1.25,20,27,25,33.75,25,33.75,843.75,1.35
train,train/images/GF1_WFV3_E121.9_N35.6_20190805_L2A0004161897_11776_8704.png,train/labels/GF1_WFV3_E121.9_N35.6_20190805_L2A0004161897_11776_8704.txt,512,512,0,1,0.28125,0.251953125,0.0546875,0.06640625,1.25,28,34,35,42.5,35,42.5,1487.5,1.21428571429
train,train/images/GF1_WFV3_E121.9_N35.6_20190805_L2A0004161897_11776_8704.png,train/labels/GF1_WFV3_E121.9_N35.6_20190805_L2A0004161897_11776_8704.txt,512,512,0,2,0.3818359375,0.771484375,0.044921875,0.05078125,1.25,23,26,28.75,32.5,28.75,32.5,934.375,1.13043478261
train,train/images/GF1_WFV3_E121.9_N35.6_20190805_L2A0004161897_11776_8704.png,train/labels/GF1_WFV3_E121.9_N35.6_20190805_L2A0004161897_11776_8704.txt,512,512,0,3,0.4541015625,0.9755859375,0.052734375,0.044921875,1.25,27,23,33.75,28.75,28.75,33.75,970.3125,1.17391304348
train,train/images/GF1_WFV3_E121.9_N35.6_20190805_L2A0004161897_11776_9728.png,train/labels/GF1_WFV3_E121.9_N35.6_20190805_L2A0004161897_11776_9728.txt,512,512,0,0,0.4599609375,0.0830078125,0.044921875,0.060546875,1.25,23,31,28.75,38.75,28.75,38.75,1114.0625,1.34782608696
train,train/images/GF1_WFV3_E121.9_N35.6_20190805_L2A0004161897_11776_9728.png,train/labels/GF1_WFV3_E121.9_N35.6_20190805_L2A0004161897_11776_9728.txt,512,512,0,1,0.8876953125,0.7685546875,0.044921875,0.060546875,1.25,23,31,28.75,38.75,28.75,38.75,1114.0625,1.34782608696
train,train/images/GF1_WFV3_E121.9_N35.6_20190805_L2A0004161897_12288_10240.png,train/labels/GF1_WFV3_E121.9_N35.6_20190805_L2A0004161897_12288_10240.txt,512,512,0,0,0.0771484375,0.248046875,0.041015625,0.07421875,1.25,21,38,26.25,47.5,26.25,47.5,1246.875,1.80952380952
train,train/images/GF1_WFV3_E121.9_N35.6_20190805_L2A0004161897_12288_10240.png,train/labels/GF1_WFV3_E121.9_N35.6_20190805_L2A0004161897_12288_10240.txt,512,512,0,1,0.69140625,0.087890625,0.05078125,0.078125,1.25,26,40,32.5,50,32.5,50,1625,1.53846153846
train,train/images/GF1_WFV3_E121.9_N35.6_20190805_L2A0004161897_12288_10240.png,train/labels/GF1_WFV3_E121.9_N35.6_20190805_L2A0004161897_12288_10240.txt,512,512,0,2,0.773464163823,0.921243523316,0.0554607508532,0.0455958549223,1.25,28.3959044369,23.3450777202,35.4948805461,29.1813471503,29.1813471503,35.4948805461,1035.78843127,1.21635510394
train,train/images/GF1_WFV3_E121.9_N35.6_20190805_L2A0004161897_12288_11264.png,train/labels/GF1_WFV3_E121.9_N35.6_20190805_L2A0004161897_12288_11264.txt,512,512,0,0,0.873046875,0.0791015625,0.046875,0.064453125,1.25,24,33,30,41.25,30,41.25,1237.5,1.375
train,train/images/GF1_WFV3_E121.9_N35.6_20190805_L2A0004161897_12288_11776.png,train/labels/GF1_WFV3_E121.9_N35.6_20190805_L2A0004161897_12288_11776.txt,512,512,0,0,0.357421875,0.5849609375,0.03515625,0.037109375,1.25,18,19,22.5,23.75,22.5,23.75,534.375,1.05555555556
train,train/images/GF1_WFV3_E121.9_N35.6_20190805_L2A0004161897_12288_11776.png,train/labels/GF1_WFV3_E121.9_N35.6_20190805_L2A0004161897_12288_11776.txt,512,512,0,1,0.34375,0.3779296875,0.0390625,0.041015625,1.25,20,21,25,26.25,25,26.25,656.25,1.05
train,train/images/GF1_WFV3_E121.9_N35.6_20190805_L2A0004161897_12288_13312.png,train/labels/GF1_WFV3_E121.9_N35.6_20190805_L2A0004161897_12288_13312.txt,512,512,0,0,0.021484375,0.5498046875,0.03125,0.064453125,1.25,16,33,20,41.25,20,41.25,825,2.0625
train,train/images/GF1_WFV3_E121.9_N35.6_20190805_L2A0004161897_12288_5632.png,train/labels/GF1_WFV3_E121.9_N35.6_20190805_L2A0004161897_12288_5632.txt,512,512,0,0,0.244140625,0.9775390625,0.046875,0.041015625,1.25,24,21,30,26.25,26.25,30,787.5,1.14285714286
train,train/images/GF1_WFV3_E121.9_N35.6_20190805_L2A0004161897_12288_5632.png,train/labels/GF1_WFV3_E121.9_N35.6_20190805_L2A0004161897_12288_5632.txt,512,512,0,1,0.423828125,0.2548828125,0.04296875,0.052734375,1.25,22,27,27.5,33.75,27.5,33.75,928.125,1.22727272727
train,train/images/GF1_WFV3_E121.9_N35.6_20190805_L2A0004161897_12288_5632.png,train/labels/GF1_WFV3_E121.9_N35.6_20190805_L2A0004161897_12288_5632.txt,512,512,0,2,0.5009765625,0.26953125,0.033203125,0.046875,1.25,17,24,21.25,30,21.25,30,637.5,1.41176470588
train,train/images/GF1_WFV3_E121.9_N35.6_20190805_L2A0004161897_12288_9216.png,train/labels/GF1_WFV3_E121.9_N35.6_20190805_L2A0004161897_12288_9216.txt,512,512,0,0,0.13671875,0.01953125,0.03125,0.03515625,1.25,16,18,20,22.5,20,22.5,450,1.125
train,train/images/GF1_WFV3_E121.9_N35.6_20190805_L2A0004161897_12288_9728.png,train/labels/GF1_WFV3_E121.9_N35.6_20190805_L2A0004161897_12288_9728.txt,512,512,0,0,0.68359375,0.4013671875,0.01953125,0.025390625,1.25,10,13,12.5,16.25,12.5,16.25,203.125,1.3
train,train/images/GF1_WFV3_E121.9_N35.6_20190805_L2A0004161897_12800_10240.png,train/labels/GF1_WFV3_E121.9_N35.6_20190805_L2A0004161897_12800_10240.txt,512,512,0,0,0.501953125,0.2412109375,0.03515625,0.060546875,1.25,18,31,22.5,38.75,22.5,38.75,871.875,1.72222222222
train,train/images/GF1_WFV3_E121.9_N35.6_20190805_L2A0004161897_12800_11264.png,train/labels/GF1_WFV3_E121.9_N35.6_20190805_L2A0004161897_12800_11264.txt,512,512,0,0,0.0322265625,0.57421875,0.041015625,0.04296875,1.25,21,22,26.25,27.5,26.25,27.5,721.875,1.04761904762
train,train/images/GF1_WFV3_E121.9_N35.6_20190805_L2A0004161897_12800_4096.png,train/labels/GF1_WFV3_E121.9_N35.6_20190805_L2A0004161897_12800_4096.txt,512,512,0,0,0.17578125,0.8935546875,0.046875,0.056640625,1.25,24,29,30,36.25,30,36.25,1087.5,1.20833333333
train,train/images/GF1_WFV3_E121.9_N35.6_20190805_L2A0004161897_12800_4096.png,train/labels/GF1_WFV3_E121.9_N35.6_20190805_L2A0004161897_12800_4096.txt,512,512,0,1,0.734641638225,0.169948186528,0.0341296928328,0.0331606217617,1.25,17.4744027304,16.978238342,21.843003413,21.2227979275,21.2227979275,21.843003413,463.569647562,1.02922354949
train,train/images/GF1_WFV3_E121.9_N35.6_20190805_L2A0004161897_12800_4608.png,train/labels/GF1_WFV3_E121.9_N35.6_20190805_L2A0004161897_12800_4608.txt,512,512,0,0,0.65234375,0.1259765625,0.04296875,0.052734375,1.25,22,27,27.5,33.75,27.5,33.75,928.125,1.22727272727
train,train/images/GF1_WFV3_E121.9_N35.6_20190805_L2A0004161897_12800_7168.png,train/labels/GF1_WFV3_E121.9_N35.6_20190805_L2A0004161897_12800_7168.txt,512,512,0,0,0.341796875,0.169921875,0.04296875,0.0546875,1.25,22,28,27.5,35,27.5,35,962.5,1.27272727273
train,train/images/GF1_WFV3_E121.9_N35.6_20190805_L2A0004161897_12800_7168.png,train/labels/GF1_WFV3_E121.9_N35.6_20190805_L2A0004161897_12800_7168.txt,512,512,0,1,0.95703125,0.5400390625,0.046875,0.048828125,1.25,24,25,30,31.25,30,31.25,937.5,1.04166666667
train,train/images/GF1_WFV3_E121.9_N35.6_20190805_L2A0004161897_12800_7680.png,train/labels/GF1_WFV3_E121.9_N35.6_20190805_L2A0004161897_12800_7680.txt,512,512,0,0,0.7255859375,0.9384765625,0.041015625,0.052734375,1.25,21,27,26.25,33.75,26.25,33.75,885.9375,1.28571428571
train,train/images/GF1_WFV3_E121.9_N35.6_20190805_L2A0004161897_12929_10240.png,train/labels/GF1_WFV3_E121.9_N35.6_20190805_L2A0004161897_12929_10240.txt,512,512,0,0,0.2529296875,0.2470703125,0.044921875,0.076171875,1.25,23,39,28.75,48.75,28.75,48.75,1401.5625,1.69565217391
train,train/images/GF1_WFV3_E121.9_N35.6_20190805_L2A0004161897_12929_4096.png,train/labels/GF1_WFV3_E121.9_N35.6_20190805_L2A0004161897_12929_4096.txt,512,512,0,0,0.84375,0.1826171875,0.046875,0.072265625,1.25,24,37,30,46.25,30,46.25,1387.5,1.54166666667
train,train/images/GF1_WFV3_E121.9_N35.6_20190805_L2A0004161897_12929_4608.png,train/labels/GF1_WFV3_E121.9_N35.6_20190805_L2A0004161897_12929_4608.txt,512,512,0,0,0.3994140625,0.1220703125,0.033203125,0.044921875,1.25,17,23,21.25,28.75,21.25,28.75,610.9375,1.35294117647
train,train/images/GF1_WFV3_E121.9_N35.6_20190805_L2A0004161897_12929_5120.png,train/labels/GF1_WFV3_E121.9_N35.6_20190805_L2A0004161897_12929_5120.txt,512,512,0,0,0.060546875,0.8271484375,0.0390625,0.052734375,1.25,20,27,25,33.75,25,33.75,843.75,1.35
train,train/images/GF1_WFV3_E121.9_N35.6_20190805_L2A0004161897_12929_9216.png,train/labels/GF1_WFV3_E121.9_N35.6_20190805_L2A0004161897_12929_9216.txt,512,512,0,0,0.2138671875,0.66015625,0.033203125,0.05078125,1.25,17,26,21.25,32.5,21.25,32.5,690.625,1.52941176471
train,train/images/GF1_WFV3_E121.9_N35.6_20190805_L2A0004161897_13312_3584.png,train/labels/GF1_WFV3_E121.9_N35.6_20190805_L2A0004161897_13312_3584.txt,512,512,0,0,0.2060546875,0.44921875,0.048828125,0.0625,1.25,25,32,31.25,40,31.25,40,1250,1.28
train,train/images/GF1_WFV3_E121.9_N35.6_20190805_L2A0004161897_13312_5120.png,train/labels/GF1_WFV3_E121.9_N35.6_20190805_L2A0004161897_13312_5120.txt,512,512,0,0,0.37890625,0.109375,0.046875,0.07421875,1.25,24,38,30,47.5,30,47.5,1425,1.58333333333
train,train/images/GF1_WFV3_E121.9_N35.6_20190805_L2A0004161897_13312_6144.png,train/labels/GF1_WFV3_E121.9_N35.6_20190805_L2A0004161897_13312_6144.txt,512,512,0,0,0.0166015625,0.3564453125,0.033203125,0.052734375,1.25,17,27,21.25,33.75,21.25,33.75,717.1875,1.58823529412
train,train/images/GF1_WFV3_E121.9_N35.6_20190805_L2A0004161897_13441_5120.png,train/labels/GF1_WFV3_E121.9_N35.6_20190805_L2A0004161897_13441_5120.txt,512,512,0,0,0.130859375,0.1044921875,0.04296875,0.048828125,1.25,22,25,27.5,31.25,27.5,31.25,859.375,1.13636363636
train,train/images/GF1_WFV3_E121.9_N35.6_20190805_L2A0004161897_2048_7680.png,train/labels/GF1_WFV3_E121.9_N35.6_20190805_L2A0004161897_2048_7680.txt,512,512,0,0,0.727389078498,0.236787564767,0.0264505119454,0.040414507772,1.25,13.542662116,20.6922279793,16.9283276451,25.8652849741,16.9283276451,25.8652849741,437.856018674,1.52792913254
train,train/images/GF1_WFV3_E121.9_N35.6_20190805_L2A0004161897_3584_5632.png,train/labels/GF1_WFV3_E121.9_N35.6_20190805_L2A0004161897_3584_5632.txt,512,512,0,0,0.267491467577,0.0554404145078,0.0486348122867,0.0300518134715,1.25,24.9010238908,15.3865284974,31.1262798635,19.2331606218,19.2331606218,31.1262798635,598.656740172,1.6183653054
train,train/images/GF1_WFV3_E121.9_N35.6_20190805_L2A0004161897_3584_5632.png,train/labels/GF1_WFV3_E121.9_N35.6_20190805_L2A0004161897_3584_5632.txt,512,512,0,1,0.486348122867,0.735751295337,0.0665529010239,0.0518134715026,1.25,34.0750853242,26.5284974093,42.5938566553,33.1606217617,33.1606217617,42.5938566553,1412.43876992,1.28447098976
train,train/images/GF1_WFV3_E121.9_N35.6_20190805_L2A0004161897_3584_6656.png,train/labels/GF1_WFV3_E121.9_N35.6_20190805_L2A0004161897_3584_6656.txt,512,512,0,0,0.646484375,0.1240234375,0.0390625,0.056640625,1.25,20,29,25,36.25,25,36.25,906.25,1.45
train,train/images/GF1_WFV3_E121.9_N35.6_20190805_L2A0004161897_3584_6656.png,train/labels/GF1_WFV3_E121.9_N35.6_20190805_L2A0004161897_3584_6656.txt,512,512,0,1,0.829351535836,0.413471502591,0.0273037542662,0.0331606217617,1.25,13.9795221843,16.978238342,17.4744027304,21.2227979275,17.4744027304,21.2227979275,370.85571805,1.21450777202
train,train/images/GF1_WFV3_E121.9_N35.6_20190805_L2A0004161897_3584_8704.png,train/labels/GF1_WFV3_E121.9_N35.6_20190805_L2A0004161897_3584_8704.txt,512,512,0,0,0.1708984375,0.4560546875,0.044921875,0.048828125,1.25,23,25,28.75,31.25,28.75,31.25,898.4375,1.08695652174
train,train/images/GF1_WFV3_E121.9_N35.6_20190805_L2A0004161897_4096_9728.png,train/labels/GF1_WFV3_E121.9_N35.6_20190805_L2A0004161897_4096_9728.txt,512,512,0,0,0.4150390625,0.96875,0.044921875,0.0546875,1.25,23,28,28.75,35,28.75,35,1006.25,1.21739130435
train,train/images/GF1_WFV3_E121.9_N35.6_20190805_L2A0004161897_5120_10240.png,train/labels/GF1_WFV3_E121.9_N35.6_20190805_L2A0004161897_5120_10240.txt,512,512,0,0,0.774317406143,0.688082901554,0.0537542662116,0.0642487046632,1.25,27.5221843003,32.8953367876,34.4027303754,41.1191709845,34.4027303754,41.1191709845,1414.61175264,1.19522987088
train,train/images/GF1_WFV3_E121.9_N35.6_20190805_L2A0004161897_5120_3072.png,train/labels/GF1_WFV3_E121.9_N35.6_20190805_L2A0004161897_5120_3072.txt,512,512,0,0,0.306640625,0.1865234375,0.05078125,0.041015625,1.25,26,21,32.5,26.25,26.25,32.5,853.125,1.2380952381
train,train/images/GF1_WFV3_E121.9_N35.6_20190805_L2A0004161897_5120_3072.png,train/labels/GF1_WFV3_E121.9_N35.6_20190805_L2A0004161897_5120_3072.txt,512,512,0,1,0.66796875,0.3525390625,0.02734375,0.037109375,1.25,14,19,17.5,23.75,17.5,23.75,415.625,1.35714285714
train,train/images/GF1_WFV3_E121.9_N35.6_20190805_L2A0004161897_5120_3072.png,train/labels/GF1_WFV3_E121.9_N35.6_20190805_L2A0004161897_5120_3072.txt,512,512,0,2,0.207764505119,0.469430051813,0.0213310580205,0.0290155440415,1.25,10.9215017065,14.8559585492,13.6518771331,18.5699481865,13.6518771331,18.5699481865,253.514651011,1.36024870466
train,train/images/GF1_WFV3_E121.9_N35.6_20190805_L2A0004161897_5632_4096.png,train/labels/GF1_WFV3_E121.9_N35.6_20190805_L2A0004161897_5632_4096.txt,512,512,0,0,0.2705078125,0.939453125,0.021484375,0.0234375,1.25,11,12,13.75,15,13.75,15,206.25,1.09090909091
train,train/images/GF1_WFV3_E121.9_N35.6_20190805_L2A0004161897_5632_4608.png,train/labels/GF1_WFV3_E121.9_N35.6_20190805_L2A0004161897_5632_4608.txt,512,512,0,0,0.388671875,0.6513671875,0.046875,0.048828125,1.25,24,25,30,31.25,30,31.25,937.5,1.04166666667
train,train/images/GF1_WFV3_E121.9_N35.6_20190805_L2A0004161897_6144_1536.png,train/labels/GF1_WFV3_E121.9_N35.6_20190805_L2A0004161897_6144_1536.txt,512,512,0,0,0.1865234375,0.91015625,0.041015625,0.02734375,1.25,21,14,26.25,17.5,17.5,26.25,459.375,1.5
train,train/images/GF1_WFV3_E121.9_N35.6_20190805_L2A0004161897_7168_13312.png,train/labels/GF1_WFV3_E121.9_N35.6_20190805_L2A0004161897_7168_13312.txt,512,512,0,0,0.492747440273,0.0544041450777,0.0469283276451,0.0487046632124,1.25,24.0273037543,24.9367875648,30.0341296928,31.170984456,30.0341296928,31.170984456,936.193389804,1.03785209609
train,train/images/GF1_WFV3_E121.9_N35.6_20190805_L2A0004161897_7168_14336.png,train/labels/GF1_WFV3_E121.9_N35.6_20190805_L2A0004161897_7168_14336.txt,512,512,0,0,0.224609375,0.294921875,0.04296875,0.03515625,1.25,22,18,27.5,22.5,22.5,27.5,618.75,1.22222222222
train,train/images/GF1_WFV3_E121.9_N35.6_20190805_L2A0004161897_7168_4608.png,train/labels/GF1_WFV3_E121.9_N35.6_20190805_L2A0004161897_7168_4608.txt,512,512,0,0,0.528583617747,0.0362694300518,0.0349829351536,0.0373056994819,1.25,17.9112627986,19.1005181347,22.3890784983,23.8756476684,22.3890784983,23.8756476684,534.553749845,1.06639706812
train,train/images/GF1_WFV3_E121.9_N35.6_20190805_L2A0004161897_7680_8192.png,train/labels/GF1_WFV3_E121.9_N35.6_20190805_L2A0004161897_7680_8192.txt,512,512,0,0,0.4287109375,0.408203125,0.044921875,0.0390625,1.25,23,20,28.75,25,25,28.75,718.75,1.15
train,train/images/GF1_WFV3_E121.9_N35.6_20190805_L2A0004161897_8704_13824.png,train/labels/GF1_WFV3_E121.9_N35.6_20190805_L2A0004161897_8704_13824.txt,512,512,0,0,0.48828125,0.3818359375,0.05859375,0.072265625,1.25,30,37,37.5,46.25,37.5,46.25,1734.375,1.23333333333
train,train/images/GF1_WFV3_E121.9_N35.6_20190805_L2A0004161897_9216_11776.png,train/labels/GF1_WFV3_E121.9_N35.6_20190805_L2A0004161897_9216_11776.txt,512,512,0,0,0.755859375,0.1669921875,0.03125,0.048828125,1.25,16,25,20,31.25,20,31.25,625,1.5625
train,train/images/GF1_WFV3_E121.9_N35.6_20190805_L2A0004161897_9216_11776.png,train/labels/GF1_WFV3_E121.9_N35.6_20190805_L2A0004161897_9216_11776.txt,512,512,0,1,0.857421875,0.224609375,0.0390625,0.046875,1.25,20,24,25,30,25,30,750,1.2
train,train/images/GF1_WFV3_E122.4_N37.3_20190805_L2A0004161911_10240_11776.png,train/labels/GF1_WFV3_E122.4_N37.3_20190805_L2A0004161911_10240_11776.txt,512,512,0,0,0.658203125,0.8388671875,0.03125,0.064453125,1.25,16,33,20,41.25,20,41.25,825,2.0625
train,train/images/GF1_WFV3_E122.4_N37.3_20190805_L2A0004161911_10240_11776.png,train/labels/GF1_WFV3_E122.4_N37.3_20190805_L2A0004161911_10240_11776.txt,512,512,0,1,0.590443686007,0.939378238342,0.0290102389078,0.0507772020725,1.25,14.8532423208,25.9979274611,18.566552901,32.4974093264,18.566552901,32.4974093264,603.364869405,1.75032002438
train,train/images/GF1_WFV3_E122.4_N37.3_20190805_L2A0004161911_10240_14336.png,train/labels/GF1_WFV3_E122.4_N37.3_20190805_L2A0004161911_10240_14336.txt,512,512,0,0,0.6884765625,0.7236328125,0.021484375,0.033203125,1.25,11,17,13.75,21.25,13.75,21.25,292.1875,1.54545454545
train,train/images/GF1_WFV3_E122.4_N37.3_20190805_L2A0004161911_10240_14622.png,train/labels/GF1_WFV3_E122.4_N37.3_20190805_L2A0004161911_10240_14622.txt,512,512,0,0,0.6982421875,0.169921875,0.037109375,0.04296875,1.25,19,22,23.75,27.5,23.75,27.5,653.125,1.15789473684
train,train/images/GF1_WFV3_E122.4_N37.3_20190805_L2A0004161911_10240_15134.png,train/labels/GF1_WFV3_E122.4_N37.3_20190805_L2A0004161911_10240_15134.txt,512,512,0,0,0.587890625,0.3525390625,0.046875,0.060546875,1.25,24,31,30,38.75,30,38.75,1162.5,1.29166666667
train,train/images/GF1_WFV3_E122.4_N37.3_20190805_L2A0004161911_10240_2560.png,train/labels/GF1_WFV3_E122.4_N37.3_20190805_L2A0004161911_10240_2560.txt,512,512,0,0,0.2119140625,0.841796875,0.060546875,0.0390625,1.25,31,20,38.75,25,25,38.75,968.75,1.55
train,train/images/GF1_WFV3_E122.4_N37.3_20190805_L2A0004161911_10240_4096.png,train/labels/GF1_WFV3_E122.4_N37.3_20190805_L2A0004161911_10240_4096.txt,512,512,0,0,0.689453125,0.2509765625,0.0625,0.052734375,1.25,32,27,40,33.75,33.75,40,1350,1.18518518519
train,train/images/GF1_WFV3_E122.4_N37.3_20190805_L2A0004161911_10240_4608.png,train/labels/GF1_WFV3_E122.4_N37.3_20190805_L2A0004161911_10240_4608.txt,512,512,0,0,0.5712890625,0.705078125,0.052734375,0.04296875,1.25,27,22,33.75,27.5,27.5,33.75,928.125,1.22727272727
train,train/images/GF1_WFV3_E122.4_N37.3_20190805_L2A0004161911_10240_8704.png,train/labels/GF1_WFV3_E122.4_N37.3_20190805_L2A0004161911_10240_8704.txt,512,512,0,0,0.1171875,0.2333984375,0.0390625,0.048828125,1.25,20,25,25,31.25,25,31.25,781.25,1.25
train,train/images/GF1_WFV3_E122.4_N37.3_20190805_L2A0004161911_10752_11776.png,train/labels/GF1_WFV3_E122.4_N37.3_20190805_L2A0004161911_10752_11776.txt,512,512,0,0,0.9580078125,0.6572265625,0.029296875,0.056640625,1.25,15,29,18.75,36.25,18.75,36.25,679.6875,1.93333333333
train,train/images/GF1_WFV3_E122.4_N37.3_20190805_L2A0004161911_11264_13824.png,train/labels/GF1_WFV3_E122.4_N37.3_20190805_L2A0004161911_11264_13824.txt,512,512,0,0,0.9423828125,0.1298828125,0.025390625,0.044921875,1.25,13,23,16.25,28.75,16.25,28.75,467.1875,1.76923076923
train,train/images/GF1_WFV3_E122.4_N37.3_20190805_L2A0004161911_11264_14336.png,train/labels/GF1_WFV3_E122.4_N37.3_20190805_L2A0004161911_11264_14336.txt,512,512,0,0,0.0556640625,0.4619140625,0.033203125,0.044921875,1.25,17,23,21.25,28.75,21.25,28.75,610.9375,1.35294117647
train,train/images/GF1_WFV3_E122.4_N37.3_20190805_L2A0004161911_11264_4096.png,train/labels/GF1_WFV3_E122.4_N37.3_20190805_L2A0004161911_11264_4096.txt,512,512,0,0,0.0771484375,0.47265625,0.037109375,0.03125,1.25,19,16,23.75,20,20,23.75,475,1.1875
train,train/images/GF1_WFV3_E122.4_N37.3_20190805_L2A0004161911_11264_8704.png,train/labels/GF1_WFV3_E122.4_N37.3_20190805_L2A0004161911_11264_8704.txt,512,512,0,0,0.96875,0.7138671875,0.0234375,0.021484375,1.25,12,11,15,13.75,13.75,15,206.25,1.09090909091
train,train/images/GF1_WFV3_E122.4_N37.3_20190805_L2A0004161911_11264_8704.png,train/labels/GF1_WFV3_E122.4_N37.3_20190805_L2A0004161911_11264_8704.txt,512,512,0,1,0.9287109375,0.677734375,0.025390625,0.0234375,1.25,13,12,16.25,15,15,16.25,243.75,1.08333333333
train,train/images/GF1_WFV3_E122.4_N37.3_20190805_L2A0004161911_11264_9728.png,train/labels/GF1_WFV3_E122.4_N37.3_20190805_L2A0004161911_11264_9728.txt,512,512,0,0,0.715017064846,0.745077720207,0.0324232081911,0.060103626943,1.25,16.6006825939,30.7730569948,20.7508532423,38.4663212435,20.7508532423,38.4663212435,798.208986896,1.85372238887
train,train/images/GF1_WFV3_E122.4_N37.3_20190805_L2A0004161911_11776_6144.png,train/labels/GF1_WFV3_E122.4_N37.3_20190805_L2A0004161911_11776_6144.txt,512,512,0,0,0.4990234375,0.6884765625,0.037109375,0.052734375,1.25,19,27,23.75,33.75,23.75,33.75,801.5625,1.42105263158
train,train/images/GF1_WFV3_E122.4_N37.3_20190805_L2A0004161911_11776_6144.png,train/labels/GF1_WFV3_E122.4_N37.3_20190805_L2A0004161911_11776_6144.txt,512,512,0,1,0.9189453125,0.6083984375,0.033203125,0.048828125,1.25,17,25,21.25,31.25,21.25,31.25,664.0625,1.47058823529
train,train/images/GF1_WFV3_E122.4_N37.3_20190805_L2A0004161911_11776_9728.png,train/labels/GF1_WFV3_E122.4_N37.3_20190805_L2A0004161911_11776_9728.txt,512,512,0,0,0.9833984375,0.1982421875,0.025390625,0.033203125,1.25,13,17,16.25,21.25,16.25,21.25,345.3125,1.30769230769
train,train/images/GF1_WFV3_E122.4_N37.3_20190805_L2A0004161911_12288_11776.png,train/labels/GF1_WFV3_E122.4_N37.3_20190805_L2A0004161911_12288_11776.txt,512,512,0,0,0.3515625,0.21484375,0.03125,0.0546875,1.25,16,28,20,35,20,35,700,1.75
train,train/images/GF1_WFV3_E122.4_N37.3_20190805_L2A0004161911_12288_6144.png,train/labels/GF1_WFV3_E122.4_N37.3_20190805_L2A0004161911_12288_6144.txt,512,512,0,0,0.6875,0.513671875,0.04296875,0.0625,1.25,22,32,27.5,40,27.5,40,1100,1.45454545455
train,train/images/GF1_WFV3_E122.4_N37.3_20190805_L2A0004161911_12800_7168.png,train/labels/GF1_WFV3_E122.4_N37.3_20190805_L2A0004161911_12800_7168.txt,512,512,0,0,0.7685546875,0.26953125,0.048828125,0.06640625,1.25,25,34,31.25,42.5,31.25,42.5,1328.125,1.36
train,train/images/GF1_WFV3_E122.4_N37.3_20190805_L2A0004161911_13422_7680.png,train/labels/GF1_WFV3_E122.4_N37.3_20190805_L2A0004161911_13422_7680.txt,512,512,0,0,0.240234375,0.794921875,0.03125,0.046875,1.25,16,24,20,30,20,30,600,1.5
train,train/images/GF1_WFV3_E122.4_N37.3_20190805_L2A0004161911_3584_3584.png,train/labels/GF1_WFV3_E122.4_N37.3_20190805_L2A0004161911_3584_3584.txt,512,512,0,0,0.986328125,0.740234375,0.0234375,0.01953125,1.25,12,10,15,12.5,12.5,15,187.5,1.2
train,train/images/GF1_WFV3_E122.4_N37.3_20190805_L2A0004161911_4096_1536.png,train/labels/GF1_WFV3_E122.4_N37.3_20190805_L2A0004161911_4096_1536.txt,512,512,0,0,0.1689453125,0.5615234375,0.041015625,0.029296875,1.25,21,15,26.25,18.75,18.75,26.25,492.1875,1.4
train,train/images/GF1_WFV3_E122.4_N37.3_20190805_L2A0004161911_4096_1536.png,train/labels/GF1_WFV3_E122.4_N37.3_20190805_L2A0004161911_4096_1536.txt,512,512,0,1,0.3037109375,0.4580078125,0.021484375,0.017578125,1.25,11,9,13.75,11.25,11.25,13.75,154.6875,1.22222222222
train,train/images/GF1_WFV3_E122.4_N37.3_20190805_L2A0004161911_4608_4096.png,train/labels/GF1_WFV3_E122.4_N37.3_20190805_L2A0004161911_4608_4096.txt,512,512,0,0,0.5234375,0.279296875,0.03515625,0.03125,1.25,18,16,22.5,20,20,22.5,450,1.125
train,train/images/GF1_WFV3_E122.4_N37.3_20190805_L2A0004161911_4608_4096.png,train/labels/GF1_WFV3_E122.4_N37.3_20190805_L2A0004161911_4608_4096.txt,512,512,0,1,0.34765625,0.3544921875,0.0625,0.025390625,1.25,32,13,40,16.25,16.25,40,650,2.46153846154
train,train/images/GF1_WFV3_E122.4_N37.3_20190805_L2A0004161911_5120_2560.png,train/labels/GF1_WFV3_E122.4_N37.3_20190805_L2A0004161911_5120_2560.txt,512,512,0,0,0.5185546875,0.1728515625,0.029296875,0.029296875,1.25,15,15,18.75,18.75,18.75,18.75,351.5625,1
train,train/images/GF1_WFV3_E122.4_N37.3_20190805_L2A0004161911_5120_4608.png,train/labels/GF1_WFV3_E122.4_N37.3_20190805_L2A0004161911_5120_4608.txt,512,512,0,0,0.369140625,0.2421875,0.046875,0.02734375,1.25,24,14,30,17.5,17.5,30,525,1.71428571429
train,train/images/GF1_WFV3_E122.4_N37.3_20190805_L2A0004161911_5120_4608.png,train/labels/GF1_WFV3_E122.4_N37.3_20190805_L2A0004161911_5120_4608.txt,512,512,0,1,0.0482081911263,0.164248704663,0.0349829351536,0.0279792746114,1.25,17.9112627986,14.325388601,22.3890784983,17.9067357513,17.9067357513,22.3890784983,400.915312384,1.25031601567
train,train/images/GF1_WFV3_E122.4_N37.3_20190805_L2A0004161911_5632_3072.png,train/labels/GF1_WFV3_E122.4_N37.3_20190805_L2A0004161911_5632_3072.txt,512,512,0,0,0.53125,0.9658203125,0.02734375,0.025390625,1.25,14,13,17.5,16.25,16.25,17.5,284.375,1.07692307692
train,train/images/GF1_WFV3_E122.4_N37.3_20190805_L2A0004161911_5632_3072.png,train/labels/GF1_WFV3_E122.4_N37.3_20190805_L2A0004161911_5632_3072.txt,512,512,0,1,0.842150170648,0.369948186528,0.0307167235495,0.0352331606218,1.25,15.7269624573,18.0393782383,19.6587030717,22.5492227979,19.6587030717,22.5492227979,443.288475481,1.14703511802
train,train/images/GF1_WFV3_E122.4_N37.3_20190805_L2A0004161911_6144_4096.png,train/labels/GF1_WFV3_E122.4_N37.3_20190805_L2A0004161911_6144_4096.txt,512,512,0,0,0.8583984375,0.1064453125,0.033203125,0.029296875,1.25,17,15,21.25,18.75,18.75,21.25,398.4375,1.13333333333
train,train/images/GF1_WFV3_E122.4_N37.3_20190805_L2A0004161911_6144_4608.png,train/labels/GF1_WFV3_E122.4_N37.3_20190805_L2A0004161911_6144_4608.txt,512,512,0,0,0.2958984375,0.1220703125,0.083984375,0.056640625,1.25,43,29,53.75,36.25,36.25,53.75,1948.4375,1.48275862069
train,train/images/GF1_WFV3_E122.4_N37.3_20190805_L2A0004161911_6144_4608.png,train/labels/GF1_WFV3_E122.4_N37.3_20190805_L2A0004161911_6144_4608.txt,512,512,0,1,0.3349609375,0.291015625,0.068359375,0.05078125,1.25,35,26,43.75,32.5,32.5,43.75,1421.875,1.34615384615
train,train/images/GF1_WFV3_E122.4_N37.3_20190805_L2A0004161911_6144_5120.png,train/labels/GF1_WFV3_E122.4_N37.3_20190805_L2A0004161911_6144_5120.txt,512,512,0,0,0.701171875,0.1064453125,0.0546875,0.029296875,1.25,28,15,35,18.75,18.75,35,656.25,1.86666666667
train,train/images/GF1_WFV3_E122.4_N37.3_20190805_L2A0004161911_6656_4608.png,train/labels/GF1_WFV3_E122.4_N37.3_20190805_L2A0004161911_6656_4608.txt,512,512,0,0,0.59343003413,0.29481865285,0.0605802047782,0.0383419689119,1.25,31.0170648464,19.6310880829,38.771331058,24.5388601036,24.5388601036,38.771331058,951.404268864,1.57999723273
train,train/images/GF1_WFV3_E122.4_N37.3_20190805_L2A0004161911_6656_4608.png,train/labels/GF1_WFV3_E122.4_N37.3_20190805_L2A0004161911_6656_4608.txt,512,512,0,1,0.764931740614,0.49067357513,0.0418088737201,0.0259067357513,1.25,21.4061433447,13.2642487047,26.7576791809,16.5803108808,16.5803108808,26.7576791809,443.650639269,1.6138225256
train,train/images/GF1_WFV3_E122.4_N37.3_20190805_L2A0004161911_6656_5632.png,train/labels/GF1_WFV3_E122.4_N37.3_20190805_L2A0004161911_6656_5632.txt,512,512,0,0,0.6787109375,0.2958984375,0.037109375,0.029296875,1.25,19,15,23.75,18.75,18.75,23.75,445.3125,1.26666666667
train,train/images/GF1_WFV3_E122.4_N37.3_20190805_L2A0004161911_6656_5632.png,train/labels/GF1_WFV3_E122.4_N37.3_20190805_L2A0004161911_6656_5632.txt,512,512,0,1,0.5546875,0.5068359375,0.05078125,0.033203125,1.25,26,17,32.5,21.25,21.25,32.5,690.625,1.52941176471
train,train/images/GF1_WFV3_E122.4_N37.3_20190805_L2A0004161911_6656_5632.png,train/labels/GF1_WFV3_E122.4_N37.3_20190805_L2A0004161911_6656_5632.txt,512,512,0,2,0.47265625,0.3251953125,0.03125,0.029296875,1.25,16,15,20,18.75,18.75,20,375,1.06666666667
train,train/images/GF1_WFV3_E122.4_N37.3_20190805_L2A0004161911_6656_5632.png,train/labels/GF1_WFV3_E122.4_N37.3_20190805_L2A0004161911_6656_5632.txt,512,512,0,3,0.295221843003,0.599481865285,0.0307167235495,0.0279792746114,1.25,15.7269624573,14.325388601,19.6587030717,17.9067357513,17.9067357513,19.6587030717,352.023201118,1.09783845279
train,train/images/GF1_WFV3_E122.4_N37.3_20190805_L2A0004161911_7168_3072.png,train/labels/GF1_WFV3_E122.4_N37.3_20190805_L2A0004161911_7168_3072.txt,512,512,0,0,0.1826171875,0.7919921875,0.048828125,0.052734375,1.25,25,27,31.25,33.75,31.25,33.75,1054.6875,1.08
train,train/images/GF1_WFV3_E122.4_N37.3_20190805_L2A0004161911_7168_3584.png,train/labels/GF1_WFV3_E122.4_N37.3_20190805_L2A0004161911_7168_3584.txt,512,512,0,0,0.3076171875,0.16796875,0.076171875,0.0546875,1.25,39,28,48.75,35,35,48.75,1706.25,1.39285714286
train,train/images/GF1_WFV3_E122.4_N37.3_20190805_L2A0004161911_7680_11264.png,train/labels/GF1_WFV3_E122.4_N37.3_20190805_L2A0004161911_7680_11264.txt,512,512,0,0,0.5966796875,0.123046875,0.033203125,0.0390625,1.25,17,20,21.25,25,21.25,25,531.25,1.17647058824
train,train/images/GF1_WFV3_E122.4_N37.3_20190805_L2A0004161911_7680_11264.png,train/labels/GF1_WFV3_E122.4_N37.3_20190805_L2A0004161911_7680_11264.txt,512,512,0,1,0.8671875,0.84375,0.0390625,0.0390625,1.25,20,20,25,25,25,25,625,1
train,train/images/GF1_WFV3_E122.4_N37.3_20190805_L2A0004161911_7680_3584.png,train/labels/GF1_WFV3_E122.4_N37.3_20190805_L2A0004161911_7680_3584.txt,512,512,0,0,0.16015625,0.337890625,0.0625,0.05078125,1.25,32,26,40,32.5,32.5,40,1300,1.23076923077
train,train/images/GF1_WFV3_E122.4_N37.3_20190805_L2A0004161911_7680_4096.png,train/labels/GF1_WFV3_E122.4_N37.3_20190805_L2A0004161911_7680_4096.txt,512,512,0,0,0.3408203125,0.865234375,0.064453125,0.0546875,1.25,33,28,41.25,35,35,41.25,1443.75,1.17857142857
train,train/images/GF1_WFV3_E122.4_N37.3_20190805_L2A0004161911_7680_4608.png,train/labels/GF1_WFV3_E122.4_N37.3_20190805_L2A0004161911_7680_4608.txt,512,512,0,0,0.212890625,0.341796875,0.05078125,0.04296875,1.25,26,22,32.5,27.5,27.5,32.5,893.75,1.18181818182
train,train/images/GF1_WFV3_E122.4_N37.3_20190805_L2A0004161911_7680_4608.png,train/labels/GF1_WFV3_E122.4_N37.3_20190805_L2A0004161911_7680_4608.txt,512,512,0,1,0.05859375,0.6484375,0.046875,0.03515625,1.25,24,18,30,22.5,22.5,30,675,1.33333333333
train,train/images/GF1_WFV3_E122.4_N37.3_20190805_L2A0004161911_8192_1024.png,train/labels/GF1_WFV3_E122.4_N37.3_20190805_L2A0004161911_8192_1024.txt,512,512,0,0,0.513671875,0.6142578125,0.03515625,0.052734375,1.25,18,27,22.5,33.75,22.5,33.75,759.375,1.5
train,train/images/GF1_WFV3_E122.4_N37.3_20190805_L2A0004161911_8192_3072.png,train/labels/GF1_WFV3_E122.4_N37.3_20190805_L2A0004161911_8192_3072.txt,512,512,0,0,0.13671875,0.13671875,0.046875,0.0390625,1.25,24,20,30,25,25,30,750,1.2
train,train/images/GF1_WFV3_E122.4_N37.3_20190805_L2A0004161911_8192_3584.png,train/labels/GF1_WFV3_E122.4_N37.3_20190805_L2A0004161911_8192_3584.txt,512,512,0,0,0.75,0.4736328125,0.05078125,0.041015625,1.25,26,21,32.5,26.25,26.25,32.5,853.125,1.2380952381
train,train/images/GF1_WFV3_E122.4_N37.3_20190805_L2A0004161911_8192_4096.png,train/labels/GF1_WFV3_E122.4_N37.3_20190805_L2A0004161911_8192_4096.txt,512,512,0,0,0.2109375,0.515625,0.0390625,0.03125,1.25,20,16,25,20,20,25,500,1.25
train,train/images/GF1_WFV3_E122.4_N37.3_20190805_L2A0004161911_8192_5120.png,train/labels/GF1_WFV3_E122.4_N37.3_20190805_L2A0004161911_8192_5120.txt,512,512,0,0,0.7568359375,0.5439453125,0.044921875,0.052734375,1.25,23,27,28.75,33.75,28.75,33.75,970.3125,1.17391304348
train,train/images/GF1_WFV3_E122.4_N37.3_20190805_L2A0004161911_8192_5120.png,train/labels/GF1_WFV3_E122.4_N37.3_20190805_L2A0004161911_8192_5120.txt,512,512,0,1,0.9619140625,0.458984375,0.044921875,0.03515625,1.25,23,18,28.75,22.5,22.5,28.75,646.875,1.27777777778
train,train/images/GF1_WFV3_E122.4_N37.3_20190805_L2A0004161911_8192_5120.png,train/labels/GF1_WFV3_E122.4_N37.3_20190805_L2A0004161911_8192_5120.txt,512,512,0,2,0.9560546875,0.556640625,0.052734375,0.04296875,1.25,27,22,33.75,27.5,27.5,33.75,928.125,1.22727272727
train,train/images/GF1_WFV3_E122.4_N37.3_20190805_L2A0004161911_8192_8192.png,train/labels/GF1_WFV3_E122.4_N37.3_20190805_L2A0004161911_8192_8192.txt,512,512,0,0,0.875853242321,0.738860103627,0.0435153583618,0.0331606217617,1.25,22.2798634812,16.978238342,27.8498293515,21.2227979275,21.2227979275,27.8498293515,591.051300642,1.3122600256
train,train/images/GF1_WFV3_E122.4_N37.3_20190805_L2A0004161911_8192_8192.png,train/labels/GF1_WFV3_E122.4_N37.3_20190805_L2A0004161911_8192_8192.txt,512,512,0,1,0.186433447099,0.713471502591,0.0366894197952,0.019689119171,1.25,18.7849829352,10.0808290155,23.4812286689,12.6010362694,12.6010362694,23.4812286689,295.887814108,1.86343632118
train,train/images/GF1_WFV3_E122.4_N37.3_20190805_L2A0004161911_8192_8192.png,train/labels/GF1_WFV3_E122.4_N37.3_20190805_L2A0004161911_8192_8192.txt,512,512,0,2,0.18771331058,0.731088082902,0.0358361774744,0.0155440414508,1.25,18.3481228669,7.9585492228,22.9351535836,9.9481865285,9.9481865285,22.9351535836,228.16318591,2.30546075085
train,train/images/GF1_WFV3_E122.4_N37.3_20190805_L2A0004161911_8704_13824.png,train/labels/GF1_WFV3_E122.4_N37.3_20190805_L2A0004161911_8704_13824.txt,512,512,0,0,0.6865234375,0.8603515625,0.037109375,0.052734375,1.25,19,27,23.75,33.75,23.75,33.75,801.5625,1.42105263158
train,train/images/GF1_WFV3_E122.4_N37.3_20190805_L2A0004161911_8704_3584.png,train/labels/GF1_WFV3_E122.4_N37.3_20190805_L2A0004161911_8704_3584.txt,512,512,0,0,0.853242320819,0.245595854922,0.0460750853242,0.0373056994819,1.25,23.590443686,19.1005181347,29.4880546075,23.8756476684,23.8756476684,29.4880546075,704.046402235,1.23506825939
train,train/images/GF1_WFV3_E122.4_N37.3_20190805_L2A0004161911_8704_4608.png,train/labels/GF1_WFV3_E122.4_N37.3_20190805_L2A0004161911_8704_4608.txt,512,512,0,0,0.5390625,0.3720703125,0.0390625,0.029296875,1.25,20,15,25,18.75,18.75,25,468.75,1.33333333333
train,train/images/GF1_WFV3_E122.4_N37.3_20190805_L2A0004161911_8704_5120.png,train/labels/GF1_WFV3_E122.4_N37.3_20190805_L2A0004161911_8704_5120.txt,512,512,0,0,0.53125,0.90625,0.0703125,0.04296875,1.25,36,22,45,27.5,27.5,45,1237.5,1.63636363636
train,train/images/GF1_WFV3_E122.4_N37.3_20190805_L2A0004161911_8704_5632.png,train/labels/GF1_WFV3_E122.4_N37.3_20190805_L2A0004161911_8704_5632.txt,512,512,0,0,0.3681640625,0.1103515625,0.056640625,0.048828125,1.25,29,25,36.25,31.25,31.25,36.25,1132.8125,1.16
train,train/images/GF1_WFV3_E122.4_N37.3_20190805_L2A0004161911_8704_5632.png,train/labels/GF1_WFV3_E122.4_N37.3_20190805_L2A0004161911_8704_5632.txt,512,512,0,1,0.389078498294,0.548704663212,0.0273037542662,0.0259067357513,1.25,13.9795221843,13.2642487047,17.4744027304,16.5803108808,16.5803108808,17.4744027304,289.731029726,1.05392491468
train,train/images/GF1_WFV3_E122.4_N37.3_20190805_L2A0004161911_8704_5632.png,train/labels/GF1_WFV3_E122.4_N37.3_20190805_L2A0004161911_8704_5632.txt,512,512,0,2,0.90656996587,0.989119170984,0.0298634812287,0.0176165803109,1.25,15.2901023891,9.01968911917,19.1126279863,11.274611399,11.274611399,19.1126279863,215.487453359,1.69519172857
train,train/images/GF1_WFV3_E122.4_N37.3_20190805_L2A0004161911_9216_11264.png,train/labels/GF1_WFV3_E122.4_N37.3_20190805_L2A0004161911_9216_11264.txt,512,512,0,0,0.1875,0.4140625,0.0390625,0.05078125,1.25,20,26,25,32.5,25,32.5,812.5,1.3
train,train/images/GF1_WFV3_E122.4_N37.3_20190805_L2A0004161911_9216_11776.png,train/labels/GF1_WFV3_E122.4_N37.3_20190805_L2A0004161911_9216_11776.txt,512,512,0,0,0.19921875,0.966796875,0.0390625,0.05078125,1.25,20,26,25,32.5,25,32.5,812.5,1.3
train,train/images/GF1_WFV3_E122.4_N37.3_20190805_L2A0004161911_9216_11776.png,train/labels/GF1_WFV3_E122.4_N37.3_20190805_L2A0004161911_9216_11776.txt,512,512,0,1,0.3671875,0.86328125,0.0234375,0.03515625,1.25,12,18,15,22.5,15,22.5,337.5,1.5
train,train/images/GF1_WFV3_E122.4_N37.3_20190805_L2A0004161911_9216_3584.png,train/labels/GF1_WFV3_E122.4_N37.3_20190805_L2A0004161911_9216_3584.txt,512,512,0,0,0.7216796875,0.78125,0.056640625,0.0390625,1.25,29,20,36.25,25,25,36.25,906.25,1.45
train,train/images/GF1_WFV3_E122.4_N37.3_20190805_L2A0004161911_9216_6656.png,train/labels/GF1_WFV3_E122.4_N37.3_20190805_L2A0004161911_9216_6656.txt,512,512,0,0,0.51953125,0.591796875,0.01953125,0.0234375,1.25,10,12,12.5,15,12.5,15,187.5,1.2
train,train/images/GF1_WFV3_E122.4_N37.3_20190805_L2A0004161911_9216_7168.png,train/labels/GF1_WFV3_E122.4_N37.3_20190805_L2A0004161911_9216_7168.txt,512,512,0,0,0.509765625,0.265625,0.02734375,0.0390625,1.25,14,20,17.5,25,17.5,25,437.5,1.42857142857
train,train/images/GF1_WFV3_E122.4_N37.3_20190805_L2A0004161911_9216_7168.png,train/labels/GF1_WFV3_E122.4_N37.3_20190805_L2A0004161911_9216_7168.txt,512,512,0,1,0.4287109375,0.2216796875,0.025390625,0.029296875,1.25,13,15,16.25,18.75,16.25,18.75,304.6875,1.15384615385
train,train/images/GF1_WFV3_E122.4_N37.3_20190805_L2A0004161911_9216_7168.png,train/labels/GF1_WFV3_E122.4_N37.3_20190805_L2A0004161911_9216_7168.txt,512,512,0,2,0.5478515625,0.06640625,0.033203125,0.03125,1.25,17,16,21.25,20,20,21.25,425,1.0625
train,train/images/GF1_WFV3_E122.4_N37.3_20190805_L2A0004161911_9216_7680.png,train/labels/GF1_WFV3_E122.4_N37.3_20190805_L2A0004161911_9216_7680.txt,512,512,0,0,0.759765625,0.1884765625,0.03125,0.041015625,1.25,16,21,20,26.25,20,26.25,525,1.3125
train,train/images/GF1_WFV3_E122.4_N37.3_20190805_L2A0004161911_9216_7680.png,train/labels/GF1_WFV3_E122.4_N37.3_20190805_L2A0004161911_9216_7680.txt,512,512,0,1,0.8759765625,0.552734375,0.033203125,0.0546875,1.25,17,28,21.25,35,21.25,35,743.75,1.64705882353
train,train/images/GF1_WFV3_E122.4_N37.3_20190805_L2A0004161911_9216_7680.png,train/labels/GF1_WFV3_E122.4_N37.3_20190805_L2A0004161911_9216_7680.txt,512,512,0,2,0.6181640625,0.6171875,0.033203125,0.05859375,1.25,17,30,21.25,37.5,21.25,37.5,796.875,1.76470588235
train,train/images/GF1_WFV3_E122.4_N37.3_20190805_L2A0004161911_9216_7680.png,train/labels/GF1_WFV3_E122.4_N37.3_20190805_L2A0004161911_9216_7680.txt,512,512,0,3,0.517578125,0.65234375,0.04296875,0.03125,1.25,22,16,27.5,20,20,27.5,550,1.375
train,train/images/GF1_WFV3_E122.4_N37.3_20190805_L2A0004161911_9216_7680.png,train/labels/GF1_WFV3_E122.4_N37.3_20190805_L2A0004161911_9216_7680.txt,512,512,0,4,0.6953125,0.794921875,0.02734375,0.046875,1.25,14,24,17.5,30,17.5,30,525,1.71428571429
train,train/images/GF1_WFV3_E122.4_N37.3_20190805_L2A0004161911_9728_4096.png,train/labels/GF1_WFV3_E122.4_N37.3_20190805_L2A0004161911_9728_4096.txt,512,512,0,0,0.677734375,0.0771484375,0.046875,0.037109375,1.25,24,19,30,23.75,23.75,30,712.5,1.26315789474
train,train/images/GF1_WFV3_E122.4_N37.3_20190805_L2A0004161911_9728_5120.png,train/labels/GF1_WFV3_E122.4_N37.3_20190805_L2A0004161911_9728_5120.txt,512,512,0,0,0.6328125,0.1064453125,0.0546875,0.048828125,1.25,28,25,35,31.25,31.25,35,1093.75,1.12
train,train/images/GF1_WFV3_E122.4_N37.3_20190805_L2A0004161911_9728_5120.png,train/labels/GF1_WFV3_E122.4_N37.3_20190805_L2A0004161911_9728_5120.txt,512,512,0,1,0.7861328125,0.08203125,0.048828125,0.0546875,1.25,25,28,31.25,35,31.25,35,1093.75,1.12
train,train/images/GF1_WFV3_E122.4_N37.3_20190805_L2A0004161911_9728_5632.png,train/labels/GF1_WFV3_E122.4_N37.3_20190805_L2A0004161911_9728_5632.txt,512,512,0,0,0.017578125,0.748046875,0.03515625,0.03515625,1.25,18,18,22.5,22.5,22.5,22.5,506.25,1
train,train/images/GF1_WFV3_E122.4_N37.3_20190805_L2A0004161911_9728_7168.png,train/labels/GF1_WFV3_E122.4_N37.3_20190805_L2A0004161911_9728_7168.txt,512,512,0,0,0.63671875,0.6337890625,0.02734375,0.068359375,1.25,14,35,17.5,43.75,17.5,43.75,765.625,2.5
train,train/images/GF1_WFV3_E122.4_N37.3_20190805_L2A0004161911_9728_7168.png,train/labels/GF1_WFV3_E122.4_N37.3_20190805_L2A0004161911_9728_7168.txt,512,512,0,1,0.72265625,0.3916015625,0.02734375,0.044921875,1.25,14,23,17.5,28.75,17.5,28.75,503.125,1.64285714286
train,train/images/GF1_WFV3_E122.4_N37.3_20190805_L2A0004161911_9728_7168.png,train/labels/GF1_WFV3_E122.4_N37.3_20190805_L2A0004161911_9728_7168.txt,512,512,0,2,0.6337890625,0.1025390625,0.037109375,0.052734375,1.25,19,27,23.75,33.75,23.75,33.75,801.5625,1.42105263158
train,train/images/GF1_WFV3_E122.4_N37.3_20190805_L2A0004161911_9728_7680.png,train/labels/GF1_WFV3_E122.4_N37.3_20190805_L2A0004161911_9728_7680.txt,512,512,0,0,0.783203125,0.69140625,0.03125,0.05078125,1.25,16,26,20,32.5,20,32.5,650,1.625
train,train/images/GF1_WFV3_E122.4_N37.3_20190805_L2A0004161911_9728_7680.png,train/labels/GF1_WFV3_E122.4_N37.3_20190805_L2A0004161911_9728_7680.txt,512,512,0,1,0.65625,0.62890625,0.0390625,0.05078125,1.25,20,26,25,32.5,25,32.5,812.5,1.3
train,train/images/GF1_WFV3_E122.4_N37.3_20190805_L2A0004161911_9728_8192.png,train/labels/GF1_WFV3_E122.4_N37.3_20190805_L2A0004161911_9728_8192.txt,512,512,0,0,0.611348122867,0.260621761658,0.0196245733788,0.0424870466321,1.25,10.04778157,21.7533678756,12.5597269625,27.1917098446,12.5597269625,27.1917098446,341.52045129,2.16499211534
train,train/images/GF1_WFV3_E122.4_N37.3_20190805_L2A0004161911_9728_8192.png,train/labels/GF1_WFV3_E122.4_N37.3_20190805_L2A0004161911_9728_8192.txt,512,512,0,1,0.693686006826,0.877202072539,0.0307167235495,0.0321243523316,1.25,15.7269624573,16.4476683938,19.6587030717,20.5595854922,19.6587030717,20.5595854922,404.174786468,1.04582613702
train,train/images/GF1_WFV3_E122.4_N37.3_20190805_L2A0004161911_9728_8704.png,train/labels/GF1_WFV3_E122.4_N37.3_20190805_L2A0004161911_9728_8704.txt,512,512,0,0,0.625,0.39453125,0.04296875,0.07421875,1.25,22,38,27.5,47.5,27.5,47.5,1306.25,1.72727272727
train,train/images/GF1_WFV3_E128.3_N25.6_20200602_L2A0004840282_6144_3584.png,train/labels/GF1_WFV3_E128.3_N25.6_20200602_L2A0004840282_6144_3584.txt,512,512,0,0,0.6357421875,0.96484375,0.056640625,0.05859375,1.25,29,30,36.25,37.5,36.25,37.5,1359.375,1.03448275862
train,train/images/GF1_WFV3_E128.3_N25.6_20200602_L2A0004840282_8192_7680.png,train/labels/GF1_WFV3_E128.3_N25.6_20200602_L2A0004840282_8192_7680.txt,512,512,0,0,0.25,0.9189453125,0.03515625,0.044921875,1.25,18,23,22.5,28.75,22.5,28.75,646.875,1.27777777778
train,train/images/GF1_WFV3_E131.3_N17.2_20200630_L2A0004898201_3584_2560.png,train/labels/GF1_WFV3_E131.3_N17.2_20200630_L2A0004898201_3584_2560.txt,512,512,0,0,0.1044921875,0.4619140625,0.041015625,0.037109375,1.25,21,19,26.25,23.75,23.75,26.25,623.4375,1.10526315789
train,train/images/GF1_WFV3_E131.3_N17.2_20200630_L2A0004898201_4608_5120.png,train/labels/GF1_WFV3_E131.3_N17.2_20200630_L2A0004898201_4608_5120.txt,512,512,0,0,0.15625,0.5673828125,0.0390625,0.044921875,1.25,20,23,25,28.75,25,28.75,718.75,1.15
train,train/images/GF1_WFV3_E131.3_N17.2_20200630_L2A0004898201_5120_9216.png,train/labels/GF1_WFV3_E131.3_N17.2_20200630_L2A0004898201_5120_9216.txt,512,512,0,0,0.2041015625,0.169921875,0.044921875,0.04296875,1.25,23,22,28.75,27.5,27.5,28.75,790.625,1.04545454545
train,train/images/GF1_WFV3_E131.3_N17.2_20200630_L2A0004898201_7168_9216.png,train/labels/GF1_WFV3_E131.3_N17.2_20200630_L2A0004898201_7168_9216.txt,512,512,0,0,0.890625,0.4345703125,0.03515625,0.029296875,1.25,18,15,22.5,18.75,18.75,22.5,421.875,1.2
train,train/images/GF1_WFV3_E131.7_N18.9_20200630_L2A0004898210_13312_5632.png,train/labels/GF1_WFV3_E131.7_N18.9_20200630_L2A0004898210_13312_5632.txt,512,512,0,0,0.515625,0.91796875,0.05859375,0.05859375,1.25,30,30,37.5,37.5,37.5,37.5,1406.25,1
train,train/images/GF1_WFV3_E131.7_N18.9_20200630_L2A0004898210_4096_5120.png,train/labels/GF1_WFV3_E131.7_N18.9_20200630_L2A0004898210_4096_5120.txt,512,512,0,0,0.5947265625,0.7119140625,0.060546875,0.064453125,1.25,31,33,38.75,41.25,38.75,41.25,1598.4375,1.06451612903
train,train/images/GF1_WFV3_E131.7_N18.9_20200630_L2A0004898210_4608_13312.png,train/labels/GF1_WFV3_E131.7_N18.9_20200630_L2A0004898210_4608_13312.txt,512,512,0,0,0.7275390625,0.1181640625,0.041015625,0.048828125,1.25,21,25,26.25,31.25,26.25,31.25,820.3125,1.19047619048
train,train/images/GF1_WFV4_E109.8_N16.7_20200704_L2A0004904643_10240_12800.png,train/labels/GF1_WFV4_E109.8_N16.7_20200704_L2A0004904643_10240_12800.txt,512,512,0,0,0.498046875,0.451171875,0.05078125,0.0625,1.25,26,32,32.5,40,32.5,40,1300,1.23076923077
train,train/images/GF1_WFV4_E109.8_N16.7_20200704_L2A0004904643_12288_4608.png,train/labels/GF1_WFV4_E109.8_N16.7_20200704_L2A0004904643_12288_4608.txt,512,512,0,0,0.86328125,0.76953125,0.05078125,0.046875,1.25,26,24,32.5,30,30,32.5,975,1.08333333333
train,train/images/GF1_WFV4_E109.8_N16.7_20200704_L2A0004904643_13312_13824.png,train/labels/GF1_WFV4_E109.8_N16.7_20200704_L2A0004904643_13312_13824.txt,512,512,0,0,0.123046875,0.6279296875,0.08203125,0.044921875,1.25,42,23,52.5,28.75,28.75,52.5,1509.375,1.82608695652
train,train/images/GF1_WFV4_E109.8_N16.7_20200704_L2A0004904643_13824_14848.png,train/labels/GF1_WFV4_E109.8_N16.7_20200704_L2A0004904643_13824_14848.txt,512,512,0,0,0.755859375,0.671875,0.02734375,0.04296875,1.25,14,22,17.5,27.5,17.5,27.5,481.25,1.57142857143
train,train/images/GF1_WFV4_E109.8_N16.7_20200704_L2A0004904643_14848_3072.png,train/labels/GF1_WFV4_E109.8_N16.7_20200704_L2A0004904643_14848_3072.txt,512,512,0,0,0.8525390625,0.8681640625,0.029296875,0.037109375,1.25,15,19,18.75,23.75,18.75,23.75,445.3125,1.26666666667
train,train/images/GF1_WFV4_E109.8_N16.7_20200704_L2A0004904643_1536_12288.png,train/labels/GF1_WFV4_E109.8_N16.7_20200704_L2A0004904643_1536_12288.txt,512,512,0,0,0.1328125,0.86328125,0.0390625,0.03515625,1.25,20,18,25,22.5,22.5,25,562.5,1.11111111111
train,train/images/GF1_WFV4_E109.8_N16.7_20200704_L2A0004904643_1536_12800.png,train/labels/GF1_WFV4_E109.8_N16.7_20200704_L2A0004904643_1536_12800.txt,512,512,0,0,0.4853515625,0.087890625,0.037109375,0.0390625,1.25,19,20,23.75,25,23.75,25,593.75,1.05263157895
train,train/images/GF1_WFV4_E109.8_N16.7_20200704_L2A0004904643_1536_12800.png,train/labels/GF1_WFV4_E109.8_N16.7_20200704_L2A0004904643_1536_12800.txt,512,512,0,1,0.921875,0.26953125,0.01953125,0.03515625,1.25,10,18,12.5,22.5,12.5,22.5,281.25,1.8
train,train/images/GF1_WFV4_E109.8_N16.7_20200704_L2A0004904643_19456_4608.png,train/labels/GF1_WFV4_E109.8_N16.7_20200704_L2A0004904643_19456_4608.txt,512,512,0,0,0.177734375,0.240234375,0.03125,0.05078125,1.25,16,26,20,32.5,20,32.5,650,1.625
train,train/images/GF1_WFV4_E109.8_N16.7_20200704_L2A0004904643_19968_5120.png,train/labels/GF1_WFV4_E109.8_N16.7_20200704_L2A0004904643_19968_5120.txt,512,512,0,0,0.7978515625,0.8740234375,0.068359375,0.072265625,1.25,35,37,43.75,46.25,43.75,46.25,2023.4375,1.05714285714
train,train/images/GF1_WFV4_E109.8_N16.7_20200704_L2A0004904643_20992_12288.png,train/labels/GF1_WFV4_E109.8_N16.7_20200704_L2A0004904643_20992_12288.txt,512,512,0,0,0.5947265625,0.509765625,0.025390625,0.04296875,1.25,13,22,16.25,27.5,16.25,27.5,446.875,1.69230769231
train,train/images/GF1_WFV4_E109.8_N16.7_20200704_L2A0004904643_5120_11264.png,train/labels/GF1_WFV4_E109.8_N16.7_20200704_L2A0004904643_5120_11264.txt,512,512,0,0,0.7490234375,0.1513671875,0.044921875,0.064453125,1.25,23,33,28.75,41.25,28.75,41.25,1185.9375,1.4347826087
train,train/images/GF1_WFV4_E109.8_N16.7_20200704_L2A0004904643_6144_12800.png,train/labels/GF1_WFV4_E109.8_N16.7_20200704_L2A0004904643_6144_12800.txt,512,512,0,0,0.5546875,0.798828125,0.046875,0.05078125,1.25,24,26,30,32.5,30,32.5,975,1.08333333333
train,train/images/GF1_WFV4_E109.8_N16.7_20200704_L2A0004904643_6656_9728.png,train/labels/GF1_WFV4_E109.8_N16.7_20200704_L2A0004904643_6656_9728.txt,512,512,0,0,0.890625,0.78515625,0.04296875,0.078125,1.25,22,40,27.5,50,27.5,50,1375,1.81818181818
train,train/images/GF1_WFV4_E109.8_N16.7_20200704_L2A0004904643_7168_10752.png,train/labels/GF1_WFV4_E109.8_N16.7_20200704_L2A0004904643_7168_10752.txt,512,512,0,0,0.904296875,0.7861328125,0.046875,0.056640625,1.25,24,29,30,36.25,30,36.25,1087.5,1.20833333333
train,train/images/GF1_WFV4_E109.8_N16.7_20200704_L2A0004904643_8192_3072.png,train/labels/GF1_WFV4_E109.8_N16.7_20200704_L2A0004904643_8192_3072.txt,512,512,0,0,0.326171875,0.220703125,0.0390625,0.03125,1.25,20,16,25,20,20,25,500,1.25
train,train/images/GF1_WFV4_E109.8_N16.7_20200704_L2A0004904643_8192_3072.png,train/labels/GF1_WFV4_E109.8_N16.7_20200704_L2A0004904643_8192_3072.txt,512,512,0,1,0.4599609375,0.283203125,0.037109375,0.03125,1.25,19,16,23.75,20,20,23.75,475,1.1875
train,train/images/GF1_WFV4_E109.8_N16.7_20200704_L2A0004904643_8192_3072.png,train/labels/GF1_WFV4_E109.8_N16.7_20200704_L2A0004904643_8192_3072.txt,512,512,0,2,0.5615234375,0.373046875,0.044921875,0.03125,1.25,23,16,28.75,20,20,28.75,575,1.4375
train,train/images/GF1_WFV4_E109.8_N16.7_20200704_L2A0004904643_8192_3072.png,train/labels/GF1_WFV4_E109.8_N16.7_20200704_L2A0004904643_8192_3072.txt,512,512,0,3,0.6259765625,0.47265625,0.044921875,0.04296875,1.25,23,22,28.75,27.5,27.5,28.75,790.625,1.04545454545
train,train/images/GF1_WFV4_E110.2_N18.4_20200704_L2A0004904642_11776_6656.png,train/labels/GF1_WFV4_E110.2_N18.4_20200704_L2A0004904642_11776_6656.txt,512,512,0,0,0.7021484375,0.42578125,0.041015625,0.0390625,1.25,21,20,26.25,25,25,26.25,656.25,1.05
train,train/images/GF1_WFV4_E110.2_N18.4_20200704_L2A0004904642_12800_6144.png,train/labels/GF1_WFV4_E110.2_N18.4_20200704_L2A0004904642_12800_6144.txt,512,512,0,0,0.1982421875,0.205078125,0.056640625,0.0625,1.25,29,32,36.25,40,36.25,40,1450,1.10344827586
train,train/images/GF1_WFV4_E110.2_N18.4_20200704_L2A0004904642_16384_8704.png,train/labels/GF1_WFV4_E110.2_N18.4_20200704_L2A0004904642_16384_8704.txt,512,512,0,0,0.55078125,0.9462890625,0.0234375,0.048828125,1.25,12,25,15,31.25,15,31.25,468.75,2.08333333333
train,train/images/GF1_WFV4_E110.2_N18.4_20200704_L2A0004904642_17920_14848.png,train/labels/GF1_WFV4_E110.2_N18.4_20200704_L2A0004904642_17920_14848.txt,512,512,0,0,0.1044921875,0.43359375,0.072265625,0.07421875,1.25,37,38,46.25,47.5,46.25,47.5,2196.875,1.02702702703
train,train/images/GF1_WFV4_E110.2_N18.4_20200704_L2A0004904642_21504_8192.png,train/labels/GF1_WFV4_E110.2_N18.4_20200704_L2A0004904642_21504_8192.txt,512,512,0,0,0.7509765625,0.802734375,0.064453125,0.05078125,1.25,33,26,41.25,32.5,32.5,41.25,1340.625,1.26923076923
train,train/images/GF1_WFV4_E110.2_N18.4_20200704_L2A0004904642_21790_8192.png,train/labels/GF1_WFV4_E110.2_N18.4_20200704_L2A0004904642_21790_8192.txt,512,512,0,0,0.1953125,0.8037109375,0.0703125,0.048828125,1.25,36,25,45,31.25,31.25,45,1406.25,1.44
train,train/images/GF1_WFV4_E110.2_N18.4_20200704_L2A0004904642_7168_10752.png,train/labels/GF1_WFV4_E110.2_N18.4_20200704_L2A0004904642_7168_10752.txt,512,512,0,0,0.796501706485,0.794300518135,0.0315699658703,0.0321243523316,1.25,16.1638225256,16.4476683938,20.204778157,20.5595854922,20.204778157,20.5595854922,415.40186387,1.01756056575
train,train/images/GF1_WFV4_E114.1_N21.0_20190806_L2A0004164437_10240_3584.png,train/labels/GF1_WFV4_E114.1_N21.0_20190806_L2A0004164437_10240_3584.txt,512,512,0,0,0.0806313993174,0.282383419689,0.0332764505119,0.0549222797927,1.25,17.0375426621,28.1202072539,21.2969283276,35.1502590674,21.2969283276,35.1502590674,748.592548056,1.65048492095
train,train/images/GF1_WFV4_E114.1_N21.0_20190806_L2A0004164437_10240_5120.png,train/labels/GF1_WFV4_E114.1_N21.0_20190806_L2A0004164437_10240_5120.txt,512,512,0,0,0.607421875,0.6279296875,0.03515625,0.029296875,1.25,18,15,22.5,18.75,18.75,22.5,421.875,1.2
train,train/images/GF1_WFV4_E114.1_N21.0_20190806_L2A0004164437_1024_10752.png,train/labels/GF1_WFV4_E114.1_N21.0_20190806_L2A0004164437_1024_10752.txt,512,512,0,0,0.7236328125,0.146484375,0.029296875,0.03515625,1.25,15,18,18.75,22.5,18.75,22.5,421.875,1.2
train,train/images/GF1_WFV4_E114.1_N21.0_20190806_L2A0004164437_1024_8704.png,train/labels/GF1_WFV4_E114.1_N21.0_20190806_L2A0004164437_1024_8704.txt,512,512,0,0,0.9794921875,0.251953125,0.041015625,0.046875,1.25,21,24,26.25,30,26.25,30,787.5,1.14285714286
train,train/images/GF1_WFV4_E114.1_N21.0_20190806_L2A0004164437_11264_2560.png,train/labels/GF1_WFV4_E114.1_N21.0_20190806_L2A0004164437_11264_2560.txt,512,512,0,0,0.9228515625,0.5556640625,0.033203125,0.029296875,1.25,17,15,21.25,18.75,18.75,21.25,398.4375,1.13333333333
train,train/images/GF1_WFV4_E114.1_N21.0_20190806_L2A0004164437_11776_5120.png,train/labels/GF1_WFV4_E114.1_N21.0_20190806_L2A0004164437_11776_5120.txt,512,512,0,0,0.642578125,0.8857421875,0.0234375,0.041015625,1.25,12,21,15,26.25,15,26.25,393.75,1.75
train,train/images/GF1_WFV4_E114.1_N21.0_20190806_L2A0004164437_11776_8704.png,train/labels/GF1_WFV4_E114.1_N21.0_20190806_L2A0004164437_11776_8704.txt,512,512,0,0,0.0791015625,0.6650390625,0.037109375,0.029296875,1.25,19,15,23.75,18.75,18.75,23.75,445.3125,1.26666666667
train,train/images/GF1_WFV4_E114.1_N21.0_20190806_L2A0004164437_13312_10240.png,train/labels/GF1_WFV4_E114.1_N21.0_20190806_L2A0004164437_13312_10240.txt,512,512,0,0,0.859375,0.349609375,0.04296875,0.0546875,1.25,22,28,27.5,35,27.5,35,962.5,1.27272727273
train,train/images/GF1_WFV4_E114.1_N21.0_20190806_L2A0004164437_1536_7168.png,train/labels/GF1_WFV4_E114.1_N21.0_20190806_L2A0004164437_1536_7168.txt,512,512,0,0,0.1533203125,0.5361328125,0.044921875,0.041015625,1.25,23,21,28.75,26.25,26.25,28.75,754.6875,1.09523809524
train,train/images/GF1_WFV4_E114.1_N21.0_20190806_L2A0004164437_1536_8704.png,train/labels/GF1_WFV4_E114.1_N21.0_20190806_L2A0004164437_1536_8704.txt,512,512,0,0,0.00810580204778,0.241450777202,0.0162116040956,0.0227979274611,1.25,8.30034129693,11.6725388601,10.3754266212,14.5906735751,10.3754266212,14.5906735751,151.384463032,1.40627215708
train,train/images/GF1_WFV4_E114.1_N21.0_20190806_L2A0004164437_2048_11776.png,train/labels/GF1_WFV4_E114.1_N21.0_20190806_L2A0004164437_2048_11776.txt,512,512,0,0,0.726535836177,0.990155440415,0.0315699658703,0.0176165803109,1.25,16.1638225256,9.01968911917,20.204778157,11.274611399,11.274611399,20.204778157,227.801022122,1.79205982734
train,train/images/GF1_WFV4_E114.1_N21.0_20190806_L2A0004164437_2560_5632.png,train/labels/GF1_WFV4_E114.1_N21.0_20190806_L2A0004164437_2560_5632.txt,512,512,0,0,0.7978515625,0.1044921875,0.068359375,0.052734375,1.25,35,27,43.75,33.75,33.75,43.75,1476.5625,1.2962962963
train,train/images/GF1_WFV4_E114.1_N21.0_20190806_L2A0004164437_3584_6144.png,train/labels/GF1_WFV4_E114.1_N21.0_20190806_L2A0004164437_3584_6144.txt,512,512,0,0,0.142578125,0.826171875,0.04296875,0.046875,1.25,22,24,27.5,30,27.5,30,825,1.09090909091
train,train/images/GF1_WFV4_E114.1_N21.0_20190806_L2A0004164437_4096_5632.png,train/labels/GF1_WFV4_E114.1_N21.0_20190806_L2A0004164437_4096_5632.txt,512,512,0,0,0.337890625,0.9453125,0.05078125,0.046875,1.25,26,24,32.5,30,30,32.5,975,1.08333333333
train,train/images/GF1_WFV4_E114.1_N21.0_20190806_L2A0004164437_512_8704.png,train/labels/GF1_WFV4_E114.1_N21.0_20190806_L2A0004164437_512_8704.txt,512,512,0,0,0.947265625,0.16015625,0.0546875,0.0546875,1.25,28,28,35,35,35,35,1225,1
train,train/images/GF1_WFV4_E114.1_N21.0_20190806_L2A0004164437_7680_8704.png,train/labels/GF1_WFV4_E114.1_N21.0_20190806_L2A0004164437_7680_8704.txt,512,512,0,0,0.951171875,0.9775390625,0.0546875,0.041015625,1.25,28,21,35,26.25,26.25,35,918.75,1.33333333333
train,train/images/GF1_WFV4_E114.1_N21.0_20190806_L2A0004164437_8704_9216.png,train/labels/GF1_WFV4_E114.1_N21.0_20190806_L2A0004164437_8704_9216.txt,512,512,0,0,0.7861328125,0.2626953125,0.048828125,0.056640625,1.25,25,29,31.25,36.25,31.25,36.25,1132.8125,1.16
train,train/images/GF1_WFV4_E114.1_N21.0_20190806_L2A0004164437_9216_8704.png,train/labels/GF1_WFV4_E114.1_N21.0_20190806_L2A0004164437_9216_8704.txt,512,512,0,0,0.0703125,0.822265625,0.03125,0.06640625,1.25,16,34,20,42.5,20,42.5,850,2.125
train,train/images/GF1_WFV4_E114.1_N21.0_20190806_L2A0004164437_9728_3072.png,train/labels/GF1_WFV4_E114.1_N21.0_20190806_L2A0004164437_9728_3072.txt,512,512,0,0,0.7919921875,0.3447265625,0.017578125,0.037109375,1.25,9,19,11.25,23.75,11.25,23.75,267.1875,2.11111111111
train,train/images/GF1_WFV4_E114.4_N21.8_20190806_L2A0004164425_10240_11264.png,train/labels/GF1_WFV4_E114.4_N21.8_20190806_L2A0004164425_10240_11264.txt,512,512,0,0,0.818686006826,0.216580310881,0.0247440273038,0.0476683937824,1.25,12.6689419795,24.4062176166,15.8361774744,30.5077720207,15.8361774744,30.5077720207,483.126492069,1.92646060389
train,train/images/GF1_WFV4_E114.4_N21.8_20190806_L2A0004164425_10240_11264.png,train/labels/GF1_WFV4_E114.4_N21.8_20190806_L2A0004164425_10240_11264.txt,512,512,0,1,0.576791808874,0.235751295337,0.0324232081911,0.0341968911917,1.25,16.6006825939,17.5088082902,20.7508532423,21.8860103627,20.7508532423,21.8860103627,454.153389096,1.05470411781
train,train/images/GF1_WFV4_E114.4_N21.8_20190806_L2A0004164425_10752_4096.png,train/labels/GF1_WFV4_E114.4_N21.8_20190806_L2A0004164425_10752_4096.txt,512,512,0,0,0.537109375,0.7431640625,0.046875,0.033203125,1.25,24,17,30,21.25,21.25,30,637.5,1.41176470588
train,train/images/GF1_WFV4_E114.4_N21.8_20190806_L2A0004164425_11264_6144.png,train/labels/GF1_WFV4_E114.4_N21.8_20190806_L2A0004164425_11264_6144.txt,512,512,0,0,0.66015625,0.244140625,0.0703125,0.0390625,1.25,36,20,45,25,25,45,1125,1.8
train,train/images/GF1_WFV4_E114.4_N21.8_20190806_L2A0004164425_11264_7168.png,train/labels/GF1_WFV4_E114.4_N21.8_20190806_L2A0004164425_11264_7168.txt,512,512,0,0,0.76171875,0.27734375,0.0625,0.03125,1.25,32,16,40,20,20,40,800,2
train,train/images/GF1_WFV4_E114.4_N21.8_20190806_L2A0004164425_11264_7168.png,train/labels/GF1_WFV4_E114.4_N21.8_20190806_L2A0004164425_11264_7168.txt,512,512,0,1,0.299488054608,0.346113989637,0.0324232081911,0.0310880829016,1.25,16.6006825939,15.9170984456,20.7508532423,19.896373057,19.896373057,20.7508532423,412.86671736,1.04294653015
train,train/images/GF1_WFV4_E114.4_N21.8_20190806_L2A0004164425_11264_8192.png,train/labels/GF1_WFV4_E114.4_N21.8_20190806_L2A0004164425_11264_8192.txt,512,512,0,0,0.2119140625,0.650390625,0.048828125,0.04296875,1.25,25,22,31.25,27.5,27.5,31.25,859.375,1.13636363636
train,train/images/GF1_WFV4_E114.4_N21.8_20190806_L2A0004164425_13824_5632.png,train/labels/GF1_WFV4_E114.4_N21.8_20190806_L2A0004164425_13824_5632.txt,512,512,0,0,0.40234375,0.6708984375,0.05078125,0.037109375,1.25,26,19,32.5,23.75,23.75,32.5,771.875,1.36842105263
train,train/images/GF1_WFV4_E114.4_N21.8_20190806_L2A0004164425_13824_6144.png,train/labels/GF1_WFV4_E114.4_N21.8_20190806_L2A0004164425_13824_6144.txt,512,512,0,0,0.6298828125,0.1669921875,0.052734375,0.029296875,1.25,27,15,33.75,18.75,18.75,33.75,632.8125,1.8
train,train/images/GF1_WFV4_E114.4_N21.8_20190806_L2A0004164425_1536_11264.png,train/labels/GF1_WFV4_E114.4_N21.8_20190806_L2A0004164425_1536_11264.txt,512,512,0,0,0.582764505119,0.136269430052,0.0307167235495,0.0549222797927,1.25,15.7269624573,28.1202072539,19.6587030717,35.1502590674,19.6587030717,35.1502590674,691.008505898,1.78802533103
train,train/images/GF1_WFV4_E114.4_N21.8_20190806_L2A0004164425_15872_3072.png,train/labels/GF1_WFV4_E114.4_N21.8_20190806_L2A0004164425_15872_3072.txt,512,512,0,0,0.3046875,0.6630859375,0.046875,0.033203125,1.25,24,17,30,21.25,21.25,30,637.5,1.41176470588
train,train/images/GF1_WFV4_E114.4_N21.8_20190806_L2A0004164425_15872_3072.png,train/labels/GF1_WFV4_E114.4_N21.8_20190806_L2A0004164425_15872_3072.txt,512,512,0,1,0.97265625,0.8154296875,0.05078125,0.041015625,1.25,26,21,32.5,26.25,26.25,32.5,853.125,1.2380952381
train,train/images/GF1_WFV4_E114.4_N21.8_20190806_L2A0004164425_15872_4096.png,train/labels/GF1_WFV4_E114.4_N21.8_20190806_L2A0004164425_15872_4096.txt,512,512,0,0,0.94921875,0.6494140625,0.046875,0.029296875,1.25,24,15,30,18.75,18.75,30,562.5,1.6
train,train/images/GF1_WFV4_E114.4_N21.8_20190806_L2A0004164425_16045_3072.png,train/labels/GF1_WFV4_E114.4_N21.8_20190806_L2A0004164425_16045_3072.txt,512,512,0,0,0.641638225256,0.816062176166,0.042662116041,0.0238341968912,1.25,21.843003413,12.2031088083,27.3037542662,15.2538860104,15.2538860104,27.3037542662,416.488355232,1.78995399911
train,train/images/GF1_WFV4_E114.4_N21.8_20190806_L2A0004164425_17069_3584.png,train/labels/GF1_WFV4_E114.4_N21.8_20190806_L2A0004164425_17069_3584.txt,512,512,0,0,0.39453125,0.16015625,0.0625,0.0390625,1.25,32,20,40,25,25,40,1000,1.6
train,train/images/GF1_WFV4_E114.4_N21.8_20190806_L2A0004164425_4096_10240.png,train/labels/GF1_WFV4_E114.4_N21.8_20190806_L2A0004164425_4096_10240.txt,512,512,0,0,0.5400390625,0.5068359375,0.044921875,0.041015625,1.25,23,21,28.75,26.25,26.25,28.75,754.6875,1.09523809524
train,train/images/GF1_WFV4_E114.4_N21.8_20190806_L2A0004164425_4608_9728.png,train/labels/GF1_WFV4_E114.4_N21.8_20190806_L2A0004164425_4608_9728.txt,512,512,0,0,0.8935546875,0.2607421875,0.048828125,0.041015625,1.25,25,21,31.25,26.25,26.25,31.25,820.3125,1.19047619048
train,train/images/GF1_WFV4_E114.4_N21.8_20190806_L2A0004164425_5120_11776.png,train/labels/GF1_WFV4_E114.4_N21.8_20190806_L2A0004164425_5120_11776.txt,512,512,0,0,0.2099609375,0.884765625,0.052734375,0.05859375,1.25,27,30,33.75,37.5,33.75,37.5,1265.625,1.11111111111
train,train/images/GF1_WFV4_E114.4_N21.8_20190806_L2A0004164425_5120_11776.png,train/labels/GF1_WFV4_E114.4_N21.8_20190806_L2A0004164425_5120_11776.txt,512,512,0,1,0.524744027304,0.39792746114,0.0529010238908,0.0683937823834,1.25,27.0853242321,35.0176165803,33.8566552901,43.7720207254,33.8566552901,43.7720207254,1481.97421705,1.29286311215
train,train/images/GF1_WFV4_E114.4_N21.8_20190806_L2A0004164425_7680_8704.png,train/labels/GF1_WFV4_E114.4_N21.8_20190806_L2A0004164425_7680_8704.txt,512,512,0,0,0.7275390625,0.5087890625,0.029296875,0.033203125,1.25,15,17,18.75,21.25,18.75,21.25,398.4375,1.13333333333
train,train/images/GF1_WFV4_E114.4_N21.8_20190806_L2A0004164425_8192_8704.png,train/labels/GF1_WFV4_E114.4_N21.8_20190806_L2A0004164425_8192_8704.txt,512,512,0,0,0.967150170648,0.674611398964,0.0213310580205,0.0455958549223,1.25,10.9215017065,23.3450777202,13.6518771331,29.1813471503,13.6518771331,29.1813471503,398.380165874,2.13753367876
train,train/images/GF1_WFV4_E114.4_N21.8_20190806_L2A0004164425_8704_9216.png,train/labels/GF1_WFV4_E114.4_N21.8_20190806_L2A0004164425_8704_9216.txt,512,512,0,0,0.254266211604,0.60725388601,0.0409556313993,0.060103626943,1.25,20.9692832765,30.7730569948,26.2116040956,38.4663212435,26.2116040956,38.4663212435,1008.26398345,1.46753022453
train,train/images/GF1_WFV4_E114.4_N21.8_20190806_L2A0004164425_9216_5632.png,train/labels/GF1_WFV4_E114.4_N21.8_20190806_L2A0004164425_9216_5632.txt,512,512,0,0,0.228242320819,0.734715025907,0.0401023890785,0.0331606217617,1.25,20.5324232082,16.978238342,25.6655290102,21.2227979275,21.2227979275,25.6655290102,544.694335886,1.20933767065
train,train/images/GF1_WFV4_E114.4_N21.8_20190806_L2A0004164425_9216_8192.png,train/labels/GF1_WFV4_E114.4_N21.8_20190806_L2A0004164425_9216_8192.txt,512,512,0,0,0.2705078125,0.083984375,0.037109375,0.03515625,1.25,19,18,23.75,22.5,22.5,23.75,534.375,1.05555555556
train,train/images/GF1_WFV4_E114.5_N11.7_20200703_L2A0004902460_12288_2560.png,train/labels/GF1_WFV4_E114.5_N11.7_20200703_L2A0004902460_12288_2560.txt,512,512,0,0,0.388671875,0.0205078125,0.04296875,0.041015625,1.25,22,21,27.5,26.25,26.25,27.5,721.875,1.04761904762
train,train/images/GF1_WFV4_E114.5_N11.7_20200703_L2A0004902460_13312_4608.png,train/labels/GF1_WFV4_E114.5_N11.7_20200703_L2A0004902460_13312_4608.txt,512,512,0,0,0.9755859375,0.8916015625,0.048828125,0.037109375,1.25,25,19,31.25,23.75,23.75,31.25,742.1875,1.31578947368
train,train/images/GF1_WFV4_E114.5_N11.7_20200703_L2A0004902460_1536_5632.png,train/labels/GF1_WFV4_E114.5_N11.7_20200703_L2A0004902460_1536_5632.txt,512,512,0,0,0.3408203125,0.494140625,0.068359375,0.0546875,1.25,35,28,43.75,35,35,43.75,1531.25,1.25
train,train/images/GF1_WFV4_E114.5_N11.7_20200703_L2A0004902460_6144_9216.png,train/labels/GF1_WFV4_E114.5_N11.7_20200703_L2A0004902460_6144_9216.txt,512,512,0,0,0.8251953125,0.5009765625,0.037109375,0.041015625,1.25,19,21,23.75,26.25,23.75,26.25,623.4375,1.10526315789
train,train/images/GF1_WFV4_E114.5_N11.7_20200703_L2A0004902460_6656_6656.png,train/labels/GF1_WFV4_E114.5_N11.7_20200703_L2A0004902460_6656_6656.txt,512,512,0,0,0.94921875,0.986328125,0.02734375,0.0234375,1.25,14,12,17.5,15,15,17.5,262.5,1.16666666667
train,train/images/GF1_WFV4_E114.5_N11.7_20200703_L2A0004902460_6656_7168.png,train/labels/GF1_WFV4_E114.5_N11.7_20200703_L2A0004902460_6656_7168.txt,512,512,0,0,0.9453125,0.0205078125,0.03515625,0.037109375,1.25,18,19,22.5,23.75,22.5,23.75,534.375,1.05555555556
train,train/images/GF1_WFV4_E114.5_N11.7_20200703_L2A0004902460_7680_7168.png,train/labels/GF1_WFV4_E114.5_N11.7_20200703_L2A0004902460_7680_7168.txt,512,512,0,0,0.39633105802,0.678238341969,0.0332764505119,0.0362694300518,1.25,17.0375426621,18.5699481865,21.2969283276,23.2124352332,21.2969283276,23.2124352332,494.353569471,1.08994287233
train,train/images/GF1_WFV4_E124.0_N33.5_20131122_L1A0000115971_0_6144.png,train/labels/GF1_WFV4_E124.0_N33.5_20131122_L1A0000115971_0_6144.txt,512,512,0,0,0.923828125,0.5634765625,0.0546875,0.064453125,1.25,28,33,35,41.25,35,41.25,1443.75,1.17857142857
train,train/images/GF1_WFV4_E124.0_N33.5_20131122_L1A0000115971_1024_2560.png,train/labels/GF1_WFV4_E124.0_N33.5_20131122_L1A0000115971_1024_2560.txt,512,512,0,0,0.41015625,0.2890625,0.05078125,0.06640625,1.25,26,34,32.5,42.5,32.5,42.5,1381.25,1.30769230769
train,train/images/GF1_WFV4_E124.0_N33.5_20131122_L1A0000115971_10976_0.png,train/labels/GF1_WFV4_E124.0_N33.5_20131122_L1A0000115971_10976_0.txt,512,512,0,0,0.8095703125,0.9443359375,0.044921875,0.044921875,1.25,23,23,28.75,28.75,28.75,28.75,826.5625,1
train,train/images/GF1_WFV4_E124.0_N33.5_20131122_L1A0000115971_10976_0.png,train/labels/GF1_WFV4_E124.0_N33.5_20131122_L1A0000115971_10976_0.txt,512,512,0,1,0.461177474403,0.671502590674,0.0230375426621,0.039378238342,1.25,11.795221843,20.1616580311,14.7440273038,25.2020725389,14.7440273038,25.2020725389,371.580045624,1.7093072347
train,train/images/GF1_WFV4_E124.0_N33.5_20131122_L1A0000115971_10976_0.png,train/labels/GF1_WFV4_E124.0_N33.5_20131122_L1A0000115971_10976_0.txt,512,512,0,2,0.309300341297,0.0549222797927,0.028156996587,0.0269430051813,1.25,14.4163822526,13.7948186528,18.0204778157,17.2435233161,17.2435233161,18.0204778157,310.736529382,1.04505775794
train,train/images/GF1_WFV4_E124.0_N33.5_20131122_L1A0000115971_10976_0.png,train/labels/GF1_WFV4_E124.0_N33.5_20131122_L1A0000115971_10976_0.txt,512,512,0,3,0.557167235495,0.0632124352332,0.0290102389078,0.0248704663212,1.25,14.8532423208,12.7336787565,18.566552901,15.9170984456,15.9170984456,18.566552901,295.525650321,1.16645335609
train,train/images/GF1_WFV4_E124.0_N33.5_20131122_L1A0000115971_10976_12288.png,train/labels/GF1_WFV4_E124.0_N33.5_20131122_L1A0000115971_10976_12288.txt,512,512,0,0,0.048828125,0.7734375,0.05078125,0.04296875,1.25,26,22,32.5,27.5,27.5,32.5,893.75,1.18181818182
train,train/images/GF1_WFV4_E124.0_N33.5_20131122_L1A0000115971_10976_12288.png,train/labels/GF1_WFV4_E124.0_N33.5_20131122_L1A0000115971_10976_12288.txt,512,512,0,1,0.626279863481,0.0336787564767,0.0221843003413,0.0259067357513,1.25,11.3583617747,13.2642487047,14.1979522184,16.5803108808,14.1979522184,16.5803108808,235.406461653,1.16779593464
train,train/images/GF1_WFV4_E124.0_N33.5_20131122_L1A0000115971_10976_2048.png,train/labels/GF1_WFV4_E124.0_N33.5_20131122_L1A0000115971_10976_2048.txt,512,512,0,0,0.336177474403,0.331088082902,0.0511945392491,0.0362694300518,1.25,26.2116040956,18.5699481865,32.7645051195,23.2124352332,23.2124352332,32.7645051195,760.543953032,1.41150658216
train,train/images/GF1_WFV4_E124.0_N33.5_20131122_L1A0000115971_10976_9728.png,train/labels/GF1_WFV4_E124.0_N33.5_20131122_L1A0000115971_10976_9728.txt,512,512,0,0,0.913395904437,0.765803108808,0.028156996587,0.039378238342,1.25,14.4163822526,20.1616580311,18.0204778157,25.2020725389,18.0204778157,25.2020725389,454.153389096,1.39852410111
train,train/images/GF1_WFV4_E124.0_N33.5_20131122_L1A0000115971_10976_9728.png,train/labels/GF1_WFV4_E124.0_N33.5_20131122_L1A0000115971_10976_9728.txt,512,512,0,1,0.454778156997,0.213471502591,0.0204778156997,0.0310880829016,1.25,10.4846416382,15.9170984456,13.1058020478,19.896373057,13.1058020478,19.896373057,260.757926754,1.51813471503
train,train/images/GF1_WFV4_E124.0_N33.5_20131122_L1A0000115971_11488_0.png,train/labels/GF1_WFV4_E124.0_N33.5_20131122_L1A0000115971_11488_0.txt,512,512,0,0,0.70861774744,0.446113989637,0.0315699658703,0.0300518134715,1.25,16.1638225256,15.3865284974,20.204778157,19.2331606218,19.2331606218,20.204778157,388.601743621,1.05051782982
train,train/images/GF1_WFV4_E124.0_N33.5_20131122_L1A0000115971_11488_2048.png,train/labels/GF1_WFV4_E124.0_N33.5_20131122_L1A0000115971_11488_2048.txt,512,512,0,0,0.886092150171,0.622279792746,0.0196245733788,0.0362694300518,1.25,10.04778157,18.5699481865,12.5597269625,23.2124352332,12.5597269625,23.2124352332,291.541848662,1.8481640009
train,train/images/GF1_WFV4_E124.0_N33.5_20131122_L1A0000115971_11488_512.png,train/labels/GF1_WFV4_E124.0_N33.5_20131122_L1A0000115971_11488_512.txt,512,512,0,0,0.378412969283,0.630569948187,0.0366894197952,0.0445595854922,1.25,18.7849829352,22.814507772,23.4812286689,28.518134715,23.4812286689,28.518134715,669.640842455,1.21450777202
train,train/images/GF1_WFV4_E124.0_N33.5_20131122_L1A0000115971_11488_512.png,train/labels/GF1_WFV4_E124.0_N33.5_20131122_L1A0000115971_11488_512.txt,512,512,0,1,0.730375426621,0.456994818653,0.0204778156997,0.0352331606218,1.25,10.4846416382,18.0393782383,13.1058020478,22.5492227979,13.1058020478,22.5492227979,295.525650321,1.72055267703
train,train/images/GF1_WFV4_E124.0_N33.5_20131122_L1A0000115971_11488_512.png,train/labels/GF1_WFV4_E124.0_N33.5_20131122_L1A0000115971_11488_512.txt,512,512,0,2,0.745307167235,0.446113989637,0.0162116040956,0.0383419689119,1.25,8.30034129693,19.6310880829,10.3754266212,24.5388601036,10.3754266212,24.5388601036,254.601142372,2.36509408236
train,train/images/GF1_WFV4_E124.0_N33.5_20131122_L1A0000115971_11488_512.png,train/labels/GF1_WFV4_E124.0_N33.5_20131122_L1A0000115971_11488_512.txt,512,512,0,3,0.862201365188,0.281865284974,0.0213310580205,0.0290155440415,1.25,10.9215017065,14.8559585492,13.6518771331,18.5699481865,13.6518771331,18.5699481865,253.514651011,1.36024870466
train,train/images/GF1_WFV4_E124.0_N33.5_20131122_L1A0000115971_1536_2560.png,train/labels/GF1_WFV4_E124.0_N33.5_20131122_L1A0000115971_1536_2560.txt,512,512,0,0,0.821672354949,0.29896373057,0.0255972696246,0.0321243523316,1.25,13.1058020478,16.4476683938,16.3822525597,20.5595854922,16.3822525597,20.5595854922,336.812322057,1.25499136442
train,train/images/GF1_WFV4_E124.0_N33.5_20131122_L1A0000115971_1536_2560.png,train/labels/GF1_WFV4_E124.0_N33.5_20131122_L1A0000115971_1536_2560.txt,512,512,0,1,0.838310580205,0.354404145078,0.0213310580205,0.0290155440415,1.25,10.9215017065,14.8559585492,13.6518771331,18.5699481865,13.6518771331,18.5699481865,253.514651011,1.36024870466
train,train/images/GF1_WFV4_E124.0_N33.5_20131122_L1A0000115971_2048_2048.png,train/labels/GF1_WFV4_E124.0_N33.5_20131122_L1A0000115971_2048_2048.txt,512,512,0,0,0.936433447099,0.059067357513,0.0196245733788,0.0269430051813,1.25,10.04778157,13.7948186528,12.5597269625,17.2435233161,12.5597269625,17.2435233161,216.573944721,1.37292182924
train,train/images/GF1_WFV4_E124.0_N33.5_20131122_L1A0000115971_2048_2048.png,train/labels/GF1_WFV4_E124.0_N33.5_20131122_L1A0000115971_2048_2048.txt,512,512,0,1,0.945819112628,0.0896373056995,0.0196245733788,0.0238341968912,1.25,10.04778157,12.2031088083,12.5597269625,15.2538860104,12.5597269625,15.2538860104,191.584643407,1.21450777202
train,train/images/GF1_WFV4_E124.0_N33.5_20131122_L1A0000115971_2560_11776.png,train/labels/GF1_WFV4_E124.0_N33.5_20131122_L1A0000115971_2560_11776.txt,512,512,0,0,0.924488054608,0.289119170984,0.0230375426621,0.0310880829016,1.25,11.795221843,15.9170984456,14.7440273038,19.896373057,14.7440273038,19.896373057,293.352667598,1.34945308002
train,train/images/GF1_WFV4_E124.0_N33.5_20131122_L1A0000115971_2560_12288.png,train/labels/GF1_WFV4_E124.0_N33.5_20131122_L1A0000115971_2560_12288.txt,512,512,0,0,0.933873720137,0.324352331606,0.0264505119454,0.0331606217617,1.25,13.542662116,16.978238342,16.9283276451,21.2227979275,16.9283276451,21.2227979275,359.266476861,1.25368544209
train,train/images/GF1_WFV4_E124.0_N33.5_20131122_L1A0000115971_2560_2048.png,train/labels/GF1_WFV4_E124.0_N33.5_20131122_L1A0000115971_2560_2048.txt,512,512,0,0,0.546075085324,0.952331606218,0.0221843003413,0.0331606217617,1.25,11.3583617747,16.978238342,14.1979522184,21.2227979275,14.1979522184,21.2227979275,301.320270915,1.49477879633
train,train/images/GF1_WFV4_E124.0_N33.5_20131122_L1A0000115971_2560_2560.png,train/labels/GF1_WFV4_E124.0_N33.5_20131122_L1A0000115971_2560_2560.txt,512,512,0,0,0.476109215017,0.581347150259,0.0290102389078,0.0435233160622,1.25,14.8532423208,22.2839378238,18.566552901,27.8549222798,18.566552901,27.8549222798,517.169888062,1.50027430661
train,train/images/GF1_WFV4_E124.0_N33.5_20131122_L1A0000115971_2560_2560.png,train/labels/GF1_WFV4_E124.0_N33.5_20131122_L1A0000115971_2560_2560.txt,512,512,0,1,0.574232081911,0.0388601036269,0.0221843003413,0.0321243523316,1.25,11.3583617747,16.4476683938,14.1979522184,20.5595854922,14.1979522184,20.5595854922,291.904012449,1.44806695895
train,train/images/GF1_WFV4_E124.0_N33.5_20131122_L1A0000115971_3584_12288.png,train/labels/GF1_WFV4_E124.0_N33.5_20131122_L1A0000115971_3584_12288.txt,512,512,0,0,0.179180887372,0.59481865285,0.0255972696246,0.0310880829016,1.25,13.1058020478,15.9170984456,16.3822525597,19.896373057,16.3822525597,19.896373057,325.947408442,1.21450777202
train,train/images/GF1_WFV4_E124.0_N33.5_20131122_L1A0000115971_3584_12288.png,train/labels/GF1_WFV4_E124.0_N33.5_20131122_L1A0000115971_3584_12288.txt,512,512,0,1,0.44837883959,0.30725388601,0.028156996587,0.0362694300518,1.25,14.4163822526,18.5699481865,18.0204778157,23.2124352332,18.0204778157,23.2124352332,418.299174168,1.28811430366
train,train/images/GF1_WFV4_E124.0_N33.5_20131122_L1A0000115971_3584_12288.png,train/labels/GF1_WFV4_E124.0_N33.5_20131122_L1A0000115971_3584_12288.txt,512,512,0,2,0.525597269625,0.215544041451,0.0273037542662,0.0331606217617,1.25,13.9795221843,16.978238342,17.4744027304,21.2227979275,17.4744027304,21.2227979275,370.85571805,1.21450777202
train,train/images/GF1_WFV4_E124.0_N33.5_20131122_L1A0000115971_3584_12288.png,train/labels/GF1_WFV4_E124.0_N33.5_20131122_L1A0000115971_3584_12288.txt,512,512,0,3,0.757252559727,0.611398963731,0.0315699658703,0.0642487046632,1.25,16.1638225256,32.8953367876,20.204778157,41.1191709845,20.204778157,41.1191709845,830.803727741,2.03512113149
train,train/images/GF1_WFV4_E124.0_N33.5_20131122_L1A0000115971_3584_2048.png,train/labels/GF1_WFV4_E124.0_N33.5_20131122_L1A0000115971_3584_2048.txt,512,512,0,0,0.837883959044,0.127979274611,0.0494880546075,0.0300518134715,1.25,25.337883959,15.3865284974,31.6723549488,19.2331606218,19.2331606218,31.6723549488,609.15949,1.64675767918
train,train/images/GF1_WFV4_E124.0_N33.5_20131122_L1A0000115971_4096_11264.png,train/labels/GF1_WFV4_E124.0_N33.5_20131122_L1A0000115971_4096_11264.txt,512,512,0,0,0.76953125,0.544921875,0.0546875,0.046875,1.25,28,24,35,30,30,35,1050,1.16666666667
train,train/images/GF1_WFV4_E124.0_N33.5_20131122_L1A0000115971_4096_11264.png,train/labels/GF1_WFV4_E124.0_N33.5_20131122_L1A0000115971_4096_11264.txt,512,512,0,1,0.409982935154,0.420207253886,0.0247440273038,0.0279792746114,1.25,12.6689419795,14.325388601,15.8361774744,17.9067357513,15.8361774744,17.9067357513,283.574245345,1.13074861533
train,train/images/GF1_WFV4_E124.0_N33.5_20131122_L1A0000115971_512_2560.png,train/labels/GF1_WFV4_E124.0_N33.5_20131122_L1A0000115971_512_2560.txt,512,512,0,0,0.2841796875,0.5078125,0.091796875,0.04296875,1.25,47,22,58.75,27.5,27.5,58.75,1615.625,2.13636363636
train,train/images/GF1_WFV4_E124.0_N33.5_20131122_L1A0000115971_512_6656.png,train/labels/GF1_WFV4_E124.0_N33.5_20131122_L1A0000115971_512_6656.txt,512,512,0,0,0.1171875,0.68359375,0.05078125,0.0546875,1.25,26,28,32.5,35,32.5,35,1137.5,1.07692307692
train,train/images/GF1_WFV4_E124.0_N33.5_20131122_L1A0000115971_5632_1536.png,train/labels/GF1_WFV4_E124.0_N33.5_20131122_L1A0000115971_5632_1536.txt,512,512,0,0,0.674061433447,0.726424870466,0.0221843003413,0.0269430051813,1.25,11.3583617747,13.7948186528,14.1979522184,17.2435233161,14.1979522184,17.2435233161,244.822720119,1.21450777202
train,train/images/GF1_WFV4_E124.0_N33.5_20131122_L1A0000115971_6144_5120.png,train/labels/GF1_WFV4_E124.0_N33.5_20131122_L1A0000115971_6144_5120.txt,512,512,0,0,0.305460750853,0.694300518135,0.018771331058,0.0269430051813,1.25,9.61092150171,13.7948186528,12.0136518771,17.2435233161,12.0136518771,17.2435233161,207.157686254,1.43532736693
train,train/images/GF1_WFV4_E124.0_N33.5_20131122_L1A0000115971_7168_11776.png,train/labels/GF1_WFV4_E124.0_N33.5_20131122_L1A0000115971_7168_11776.txt,512,512,0,0,0.68359375,0.0673828125,0.078125,0.052734375,1.25,40,27,50,33.75,33.75,50,1687.5,1.48148148148
train,train/images/GF1_WFV4_E124.0_N33.5_20131122_L1A0000115971_7168_5120.png,train/labels/GF1_WFV4_E124.0_N33.5_20131122_L1A0000115971_7168_5120.txt,512,512,0,0,0.453125,0.181640625,0.0546875,0.06640625,1.25,28,34,35,42.5,35,42.5,1487.5,1.21428571429
train,train/images/GF1_WFV4_E124.0_N33.5_20131122_L1A0000115971_7168_5120.png,train/labels/GF1_WFV4_E124.0_N33.5_20131122_L1A0000115971_7168_5120.txt,512,512,0,1,0.409556313993,0.884455958549,0.0255972696246,0.0259067357513,1.25,13.1058020478,13.2642487047,16.3822525597,16.5803108808,16.3822525597,16.5803108808,271.622840369,1.01208981002
train,train/images/GF1_WFV4_E124.0_N33.5_20131122_L1A0000115971_8704_1536.png,train/labels/GF1_WFV4_E124.0_N33.5_20131122_L1A0000115971_8704_1536.txt,512,512,0,0,0.0283203125,0.8037109375,0.056640625,0.037109375,1.25,29,19,36.25,23.75,23.75,36.25,860.9375,1.52631578947
train,train/images/GF1_WFV4_E124.0_N33.5_20131122_L1A0000115971_9216_1024.png,train/labels/GF1_WFV4_E124.0_N33.5_20131122_L1A0000115971_9216_1024.txt,512,512,0,0,0.73828125,0.7451171875,0.05859375,0.052734375,1.25,30,27,37.5,33.75,33.75,37.5,1265.625,1.11111111111
train,train/images/GF1_WFV4_E124.0_N33.5_20131122_L1A0000115971_9952_512.png,train/labels/GF1_WFV4_E124.0_N33.5_20131122_L1A0000115971_9952_512.txt,512,512,0,0,0.650597269625,0.0430051813472,0.028156996587,0.0569948186528,1.25,14.4163822526,29.1813471503,18.0204778157,36.4766839378,18.0204778157,36.4766839378,657.327273692,2.02417962003
train,train/images/GF1_WFV4_E124.0_N35.2_20200407_L1A0004724410_0_10752.png,train/labels/GF1_WFV4_E124.0_N35.2_20200407_L1A0004724410_0_10752.txt,512,512,0,0,0.1044921875,0.349609375,0.041015625,0.03515625,1.25,21,18,26.25,22.5,22.5,26.25,590.625,1.16666666667
train,train/images/GF1_WFV4_E124.0_N35.2_20200407_L1A0004724410_0_10752.png,train/labels/GF1_WFV4_E124.0_N35.2_20200407_L1A0004724410_0_10752.txt,512,512,0,1,0.357421875,0.791015625,0.046875,0.046875,1.25,24,24,30,30,30,30,900,1
train,train/images/GF1_WFV4_E124.0_N35.2_20200407_L1A0004724410_0_11264.png,train/labels/GF1_WFV4_E124.0_N35.2_20200407_L1A0004724410_0_11264.txt,512,512,0,0,0.552734375,0.958984375,0.0546875,0.06640625,1.25,28,34,35,42.5,35,42.5,1487.5,1.21428571429
train,train/images/GF1_WFV4_E124.0_N35.2_20200407_L1A0004724410_0_11264.png,train/labels/GF1_WFV4_E124.0_N35.2_20200407_L1A0004724410_0_11264.txt,512,512,0,1,0.4189453125,0.546875,0.048828125,0.046875,1.25,25,24,31.25,30,30,31.25,937.5,1.04166666667
train,train/images/GF1_WFV4_E124.0_N35.2_20200407_L1A0004724410_0_11264.png,train/labels/GF1_WFV4_E124.0_N35.2_20200407_L1A0004724410_0_11264.txt,512,512,0,2,0.2451171875,0.23046875,0.041015625,0.0390625,1.25,21,20,26.25,25,25,26.25,656.25,1.05
train,train/images/GF1_WFV4_E124.0_N35.2_20200407_L1A0004724410_0_11776.png,train/labels/GF1_WFV4_E124.0_N35.2_20200407_L1A0004724410_0_11776.txt,512,512,0,0,0.564453125,0.3125,0.05078125,0.046875,1.25,26,24,32.5,30,30,32.5,975,1.08333333333
train,train/images/GF1_WFV4_E124.0_N35.2_20200407_L1A0004724410_0_11776.png,train/labels/GF1_WFV4_E124.0_N35.2_20200407_L1A0004724410_0_11776.txt,512,512,0,1,0.3935546875,0.087890625,0.037109375,0.03515625,1.25,19,18,23.75,22.5,22.5,23.75,534.375,1.05555555556
train,train/images/GF1_WFV4_E124.0_N35.2_20200407_L1A0004724410_0_12288.png,train/labels/GF1_WFV4_E124.0_N35.2_20200407_L1A0004724410_0_12288.txt,512,512,0,0,0.8193359375,0.9130859375,0.044921875,0.033203125,1.25,23,17,28.75,21.25,21.25,28.75,610.9375,1.35294117647
train,train/images/GF1_WFV4_E124.0_N35.2_20200407_L1A0004724410_0_4608.png,train/labels/GF1_WFV4_E124.0_N35.2_20200407_L1A0004724410_0_4608.txt,512,512,0,0,0.037109375,0.130859375,0.0546875,0.05859375,1.25,28,30,35,37.5,35,37.5,1312.5,1.07142857143
train,train/images/GF1_WFV4_E124.0_N35.2_20200407_L1A0004724410_0_9728.png,train/labels/GF1_WFV4_E124.0_N35.2_20200407_L1A0004724410_0_9728.txt,512,512,0,0,0.663822525597,0.880310880829,0.0221843003413,0.0341968911917,1.25,11.3583617747,17.5088082902,14.1979522184,21.8860103627,14.1979522184,21.8860103627,310.736529382,1.54149063372
train,train/images/GF1_WFV4_E124.0_N35.2_20200407_L1A0004724410_1024_1024.png,train/labels/GF1_WFV4_E124.0_N35.2_20200407_L1A0004724410_1024_1024.txt,512,512,0,0,0.464590443686,0.938860103627,0.0503412969283,0.0704663212435,1.25,25.7747440273,36.0787564767,32.2184300341,45.0984455959,32.2184300341,45.0984455959,1453.00111408,1.39977166945
train,train/images/GF1_WFV4_E124.0_N35.2_20200407_L1A0004724410_1024_11776.png,train/labels/GF1_WFV4_E124.0_N35.2_20200407_L1A0004724410_1024_11776.txt,512,512,0,0,0.78515625,0.9658203125,0.05078125,0.037109375,1.25,26,19,32.5,23.75,23.75,32.5,771.875,1.36842105263
train,train/images/GF1_WFV4_E124.0_N35.2_20200407_L1A0004724410_10464_1024.png,train/labels/GF1_WFV4_E124.0_N35.2_20200407_L1A0004724410_10464_1024.txt,512,512,0,0,0.921875,0.7236328125,0.05078125,0.060546875,1.25,26,31,32.5,38.75,32.5,38.75,1259.375,1.19230769231
train,train/images/GF1_WFV4_E124.0_N35.2_20200407_L1A0004724410_10464_1536.png,train/labels/GF1_WFV4_E124.0_N35.2_20200407_L1A0004724410_10464_1536.txt,512,512,0,0,0.5107421875,0.8017578125,0.060546875,0.048828125,1.25,31,25,38.75,31.25,31.25,38.75,1210.9375,1.24
train,train/images/GF1_WFV4_E124.0_N35.2_20200407_L1A0004724410_10976_10752.png,train/labels/GF1_WFV4_E124.0_N35.2_20200407_L1A0004724410_10976_10752.txt,512,512,0,0,0.5439453125,0.3525390625,0.072265625,0.044921875,1.25,37,23,46.25,28.75,28.75,46.25,1329.6875,1.60869565217
train,train/images/GF1_WFV4_E124.0_N35.2_20200407_L1A0004724410_11488_10752.png,train/labels/GF1_WFV4_E124.0_N35.2_20200407_L1A0004724410_11488_10752.txt,512,512,0,0,0.255859375,0.1162109375,0.0546875,0.048828125,1.25,28,25,35,31.25,31.25,35,1093.75,1.12
train,train/images/GF1_WFV4_E124.0_N35.2_20200407_L1A0004724410_11488_1536.png,train/labels/GF1_WFV4_E124.0_N35.2_20200407_L1A0004724410_11488_1536.txt,512,512,0,0,0.0146484375,0.6865234375,0.029296875,0.060546875,1.25,15,31,18.75,38.75,18.75,38.75,726.5625,2.06666666667
train,train/images/GF1_WFV4_E124.0_N35.2_20200407_L1A0004724410_11488_1536.png,train/labels/GF1_WFV4_E124.0_N35.2_20200407_L1A0004724410_11488_1536.txt,512,512,0,1,0.1298828125,0.7216796875,0.064453125,0.068359375,1.25,33,35,41.25,43.75,41.25,43.75,1804.6875,1.06060606061
train,train/images/GF1_WFV4_E124.0_N35.2_20200407_L1A0004724410_1536_1024.png,train/labels/GF1_WFV4_E124.0_N35.2_20200407_L1A0004724410_1536_1024.txt,512,512,0,0,0.263671875,0.0634765625,0.05078125,0.037109375,1.25,26,19,32.5,23.75,23.75,32.5,771.875,1.36842105263
train,train/images/GF1_WFV4_E124.0_N35.2_20200407_L1A0004724410_1536_1024.png,train/labels/GF1_WFV4_E124.0_N35.2_20200407_L1A0004724410_1536_1024.txt,512,512,0,1,0.60546875,0.115234375,0.05078125,0.04296875,1.25,26,22,32.5,27.5,27.5,32.5,893.75,1.18181818182
train,train/images/GF1_WFV4_E124.0_N35.2_20200407_L1A0004724410_1536_10240.png,train/labels/GF1_WFV4_E124.0_N35.2_20200407_L1A0004724410_1536_10240.txt,512,512,0,0,0.0908203125,0.8486328125,0.060546875,0.048828125,1.25,31,25,38.75,31.25,31.25,38.75,1210.9375,1.24
train,train/images/GF1_WFV4_E124.0_N35.2_20200407_L1A0004724410_1536_12288.png,train/labels/GF1_WFV4_E124.0_N35.2_20200407_L1A0004724410_1536_12288.txt,512,512,0,0,0.4453125,0.21484375,0.0546875,0.0625,1.25,28,32,35,40,35,40,1400,1.14285714286
train,train/images/GF1_WFV4_E124.0_N35.2_20200407_L1A0004724410_1536_12288.png,train/labels/GF1_WFV4_E124.0_N35.2_20200407_L1A0004724410_1536_12288.txt,512,512,0,1,0.5302734375,0.40625,0.044921875,0.05078125,1.25,23,26,28.75,32.5,28.75,32.5,934.375,1.13043478261
train,train/images/GF1_WFV4_E124.0_N35.2_20200407_L1A0004724410_1536_12288.png,train/labels/GF1_WFV4_E124.0_N35.2_20200407_L1A0004724410_1536_12288.txt,512,512,0,2,0.34765625,0.421875,0.0546875,0.0703125,1.25,28,36,35,45,35,45,1575,1.28571428571
train,train/images/GF1_WFV4_E124.0_N35.2_20200407_L1A0004724410_1536_12800.png,train/labels/GF1_WFV4_E124.0_N35.2_20200407_L1A0004724410_1536_12800.txt,512,512,0,0,0.3427734375,0.0634765625,0.064453125,0.056640625,1.25,33,29,41.25,36.25,36.25,41.25,1495.3125,1.13793103448
train,train/images/GF1_WFV4_E124.0_N35.2_20200407_L1A0004724410_2048_1024.png,train/labels/GF1_WFV4_E124.0_N35.2_20200407_L1A0004724410_2048_1024.txt,512,512,0,0,0.2841796875,0.494140625,0.044921875,0.03515625,1.25,23,18,28.75,22.5,22.5,28.75,646.875,1.27777777778
train,train/images/GF1_WFV4_E124.0_N35.2_20200407_L1A0004724410_2048_11776.png,train/labels/GF1_WFV4_E124.0_N35.2_20200407_L1A0004724410_2048_11776.txt,512,512,0,0,0.1318359375,0.15234375,0.076171875,0.03125,1.25,39,16,48.75,20,20,48.75,975,2.4375
train,train/images/GF1_WFV4_E124.0_N35.2_20200407_L1A0004724410_2048_11776.png,train/labels/GF1_WFV4_E124.0_N35.2_20200407_L1A0004724410_2048_11776.txt,512,512,0,1,0.337883959044,0.345077720207,0.0170648464164,0.0227979274611,1.25,8.73720136519,11.6725388601,10.9215017065,14.5906735751,10.9215017065,14.5906735751,159.35206635,1.33595854922
train,train/images/GF1_WFV4_E124.0_N35.2_20200407_L1A0004724410_2048_11776.png,train/labels/GF1_WFV4_E124.0_N35.2_20200407_L1A0004724410_2048_11776.txt,512,512,0,2,0.338310580205,0.30518134715,0.0196245733788,0.0279792746114,1.25,10.04778157,14.325388601,12.5597269625,17.9067357513,12.5597269625,17.9067357513,224.903711825,1.42572651498
train,train/images/GF1_WFV4_E124.0_N35.2_20200407_L1A0004724410_2048_3072.png,train/labels/GF1_WFV4_E124.0_N35.2_20200407_L1A0004724410_2048_3072.txt,512,512,0,0,0.37109375,0.2607421875,0.0546875,0.083984375,1.25,28,43,35,53.75,35,53.75,1881.25,1.53571428571
train,train/images/GF1_WFV4_E124.0_N35.2_20200407_L1A0004724410_2048_4608.png,train/labels/GF1_WFV4_E124.0_N35.2_20200407_L1A0004724410_2048_4608.txt,512,512,0,0,0.0224609375,0.6796875,0.041015625,0.05859375,1.25,21,30,26.25,37.5,26.25,37.5,984.375,1.42857142857
train,train/images/GF1_WFV4_E124.0_N35.2_20200407_L1A0004724410_2048_5632.png,train/labels/GF1_WFV4_E124.0_N35.2_20200407_L1A0004724410_2048_5632.txt,512,512,0,0,0.734375,0.5927734375,0.05078125,0.048828125,1.25,26,25,32.5,31.25,31.25,32.5,1015.625,1.04
train,train/images/GF1_WFV4_E124.0_N35.2_20200407_L1A0004724410_2560_4608.png,train/labels/GF1_WFV4_E124.0_N35.2_20200407_L1A0004724410_2560_4608.txt,512,512,0,0,0.25,0.7216796875,0.05078125,0.060546875,1.25,26,31,32.5,38.75,32.5,38.75,1259.375,1.19230769231
train,train/images/GF1_WFV4_E124.0_N35.2_20200407_L1A0004724410_3072_0.png,train/labels/GF1_WFV4_E124.0_N35.2_20200407_L1A0004724410_3072_0.txt,512,512,0,0,0.1005859375,0.9150390625,0.041015625,0.029296875,1.25,21,15,26.25,18.75,18.75,26.25,492.1875,1.4
train,train/images/GF1_WFV4_E124.0_N35.2_20200407_L1A0004724410_3072_0.png,train/labels/GF1_WFV4_E124.0_N35.2_20200407_L1A0004724410_3072_0.txt,512,512,0,1,0.115234375,0.9677734375,0.046875,0.033203125,1.25,24,17,30,21.25,21.25,30,637.5,1.41176470588
train,train/images/GF1_WFV4_E124.0_N35.2_20200407_L1A0004724410_3072_1536.png,train/labels/GF1_WFV4_E124.0_N35.2_20200407_L1A0004724410_3072_1536.txt,512,512,0,0,0.138671875,0.109375,0.0625,0.06640625,1.25,32,34,40,42.5,40,42.5,1700,1.0625
train,train/images/GF1_WFV4_E124.0_N35.2_20200407_L1A0004724410_3072_1536.png,train/labels/GF1_WFV4_E124.0_N35.2_20200407_L1A0004724410_3072_1536.txt,512,512,0,1,0.2646484375,0.0302734375,0.041015625,0.033203125,1.25,21,17,26.25,21.25,21.25,26.25,557.8125,1.23529411765
train,train/images/GF1_WFV4_E124.0_N35.2_20200407_L1A0004724410_3072_1536.png,train/labels/GF1_WFV4_E124.0_N35.2_20200407_L1A0004724410_3072_1536.txt,512,512,0,2,0.2861328125,0.08203125,0.041015625,0.03125,1.25,21,16,26.25,20,20,26.25,525,1.3125
train,train/images/GF1_WFV4_E124.0_N35.2_20200407_L1A0004724410_3584_4608.png,train/labels/GF1_WFV4_E124.0_N35.2_20200407_L1A0004724410_3584_4608.txt,512,512,0,0,0.35546875,0.9638671875,0.05859375,0.060546875,1.25,30,31,37.5,38.75,37.5,38.75,1453.125,1.03333333333
train,train/images/GF1_WFV4_E124.0_N35.2_20200407_L1A0004724410_5120_5120.png,train/labels/GF1_WFV4_E124.0_N35.2_20200407_L1A0004724410_5120_5120.txt,512,512,0,0,0.6083984375,0.923828125,0.056640625,0.0625,1.25,29,32,36.25,40,36.25,40,1450,1.10344827586
train,train/images/GF1_WFV4_E124.0_N35.2_20200407_L1A0004724410_5120_5120.png,train/labels/GF1_WFV4_E124.0_N35.2_20200407_L1A0004724410_5120_5120.txt,512,512,0,1,0.769624573379,0.438860103627,0.0170648464164,0.0259067357513,1.25,8.73720136519,13.2642487047,10.9215017065,16.5803108808,10.9215017065,16.5803108808,181.081893579,1.51813471503
train,train/images/GF1_WFV4_E124.0_N35.2_20200407_L1A0004724410_5120_5120.png,train/labels/GF1_WFV4_E124.0_N35.2_20200407_L1A0004724410_5120_5120.txt,512,512,0,2,0.784982935154,0.499481865285,0.018771331058,0.0290155440415,1.25,9.61092150171,14.8559585492,12.0136518771,18.5699481865,12.0136518771,18.5699481865,223.092892889,1.54573716439
train,train/images/GF1_WFV4_E124.0_N35.2_20200407_L1A0004724410_512_10240.png,train/labels/GF1_WFV4_E124.0_N35.2_20200407_L1A0004724410_512_10240.txt,512,512,0,0,0.0499146757679,0.971502590674,0.0315699658703,0.0466321243523,1.25,16.1638225256,23.8756476684,20.204778157,29.8445595855,20.204778157,29.8445595855,603.002705618,1.47710404705
train,train/images/GF1_WFV4_E124.0_N35.2_20200407_L1A0004724410_512_10752.png,train/labels/GF1_WFV4_E124.0_N35.2_20200407_L1A0004724410_512_10752.txt,512,512,0,0,0.588310580205,0.546632124352,0.0298634812287,0.0424870466321,1.25,15.2901023891,21.7533678756,19.1126279863,27.1917098446,19.1126279863,27.1917098446,519.705034572,1.42270910437
train,train/images/GF1_WFV4_E124.0_N35.2_20200407_L1A0004724410_512_12288.png,train/labels/GF1_WFV4_E124.0_N35.2_20200407_L1A0004724410_512_12288.txt,512,512,0,0,0.3349609375,0.4833984375,0.037109375,0.029296875,1.25,19,15,23.75,18.75,18.75,23.75,445.3125,1.26666666667
train,train/images/GF1_WFV4_E124.0_N35.2_20200407_L1A0004724410_512_12288.png,train/labels/GF1_WFV4_E124.0_N35.2_20200407_L1A0004724410_512_12288.txt,512,512,0,1,0.1220703125,0.0205078125,0.060546875,0.037109375,1.25,31,19,38.75,23.75,23.75,38.75,920.3125,1.63157894737
train,train/images/GF1_WFV4_E124.0_N35.2_20200407_L1A0004724410_512_12288.png,train/labels/GF1_WFV4_E124.0_N35.2_20200407_L1A0004724410_512_12288.txt,512,512,0,2,0.3466796875,0.7607421875,0.068359375,0.041015625,1.25,35,21,43.75,26.25,26.25,43.75,1148.4375,1.66666666667
train,train/images/GF1_WFV4_E124.0_N35.2_20200407_L1A0004724410_512_512.png,train/labels/GF1_WFV4_E124.0_N35.2_20200407_L1A0004724410_512_512.txt,512,512,0,0,0.308020477816,0.138341968912,0.0324232081911,0.0445595854922,1.25,16.6006825939,22.814507772,20.7508532423,28.518134715,20.7508532423,28.518134715,591.775628216,1.37431142623
train,train/images/GF1_WFV4_E124.0_N35.2_20200407_L1A0004724410_512_512.png,train/labels/GF1_WFV4_E124.0_N35.2_20200407_L1A0004724410_512_512.txt,512,512,0,1,0.340443686007,0.322797927461,0.0290102389078,0.0507772020725,1.25,14.8532423208,25.9979274611,18.566552901,32.4974093264,18.566552901,32.4974093264,603.364869405,1.75032002438
train,train/images/GF1_WFV4_E124.0_N35.2_20200407_L1A0004724410_512_512.png,train/labels/GF1_WFV4_E124.0_N35.2_20200407_L1A0004724410_512_512.txt,512,512,0,2,0.615187713311,0.247668393782,0.0358361774744,0.0518134715026,1.25,18.3481228669,26.5284974093,22.9351535836,33.1606217617,22.9351535836,33.1606217617,760.543953032,1.44584258574
train,train/images/GF1_WFV4_E124.0_N35.2_20200407_L1A0004724410_512_5632.png,train/labels/GF1_WFV4_E124.0_N35.2_20200407_L1A0004724410_512_5632.txt,512,512,0,0,0.7998046875,0.1025390625,0.064453125,0.064453125,1.25,33,33,41.25,41.25,41.25,41.25,1701.5625,1
train,train/images/GF1_WFV4_E124.0_N35.2_20200407_L1A0004724410_512_7168.png,train/labels/GF1_WFV4_E124.0_N35.2_20200407_L1A0004724410_512_7168.txt,512,512,0,0,0.3076171875,0.9521484375,0.044921875,0.041015625,1.25,23,21,28.75,26.25,26.25,28.75,754.6875,1.09523809524
train,train/images/GF1_WFV4_E124.0_N35.2_20200407_L1A0004724410_512_8192.png,train/labels/GF1_WFV4_E124.0_N35.2_20200407_L1A0004724410_512_8192.txt,512,512,0,0,0.1591796875,0.1484375,0.048828125,0.03515625,1.25,25,18,31.25,22.5,22.5,31.25,703.125,1.38888888889
train,train/images/GF1_WFV4_E124.0_N35.2_20200407_L1A0004724410_5632_0.png,train/labels/GF1_WFV4_E124.0_N35.2_20200407_L1A0004724410_5632_0.txt,512,512,0,0,0.412109375,0.9833984375,0.08203125,0.033203125,1.25,42,17,52.5,21.25,21.25,52.5,1115.625,2.47058823529
train,train/images/GF1_WFV4_E124.0_N35.2_20200407_L1A0004724410_6144_9216.png,train/labels/GF1_WFV4_E124.0_N35.2_20200407_L1A0004724410_6144_9216.txt,512,512,0,0,0.62890625,0.1591796875,0.06640625,0.060546875,1.25,34,31,42.5,38.75,38.75,42.5,1646.875,1.09677419355
train,train/images/GF1_WFV4_E124.0_N35.2_20200407_L1A0004724410_6144_9216.png,train/labels/GF1_WFV4_E124.0_N35.2_20200407_L1A0004724410_6144_9216.txt,512,512,0,1,0.2109375,0.3505859375,0.07421875,0.033203125,1.25,38,17,47.5,21.25,21.25,47.5,1009.375,2.23529411765
train,train/images/GF1_WFV4_E124.0_N35.2_20200407_L1A0004724410_6656_12288.png,train/labels/GF1_WFV4_E124.0_N35.2_20200407_L1A0004724410_6656_12288.txt,512,512,0,0,0.07295221843,0.90829015544,0.0418088737201,0.0300518134715,1.25,21.4061433447,15.3865284974,26.7576791809,19.2331606218,19.2331606218,26.7576791809,514.634741552,1.39122631517
train,train/images/GF1_WFV4_E124.0_N35.2_20200407_L1A0004724410_7680_12288.png,train/labels/GF1_WFV4_E124.0_N35.2_20200407_L1A0004724410_7680_12288.txt,512,512,0,0,0.060546875,0.0859375,0.0546875,0.05859375,1.25,28,30,35,37.5,35,37.5,1312.5,1.07142857143
train,train/images/GF1_WFV4_E124.0_N35.2_20200407_L1A0004724410_8192_4608.png,train/labels/GF1_WFV4_E124.0_N35.2_20200407_L1A0004724410_8192_4608.txt,512,512,0,0,0.275390625,0.32421875,0.046875,0.05078125,1.25,24,26,30,32.5,30,32.5,975,1.08333333333
train,train/images/GF1_WFV4_E124.0_N35.2_20200407_L1A0004724410_8704_1024.png,train/labels/GF1_WFV4_E124.0_N35.2_20200407_L1A0004724410_8704_1024.txt,512,512,0,0,0.7431640625,0.2490234375,0.048828125,0.048828125,1.25,25,25,31.25,31.25,31.25,31.25,976.5625,1
train,train/images/GF1_WFV4_E124.0_N35.2_20200407_L1A0004724410_8704_4608.png,train/labels/GF1_WFV4_E124.0_N35.2_20200407_L1A0004724410_8704_4608.txt,512,512,0,0,0.314453125,0.6708984375,0.05859375,0.048828125,1.25,30,25,37.5,31.25,31.25,37.5,1171.875,1.2
train,train/images/GF1_WFV4_E124.0_N35.2_20200407_L1A0004724410_9216_10240.png,train/labels/GF1_WFV4_E124.0_N35.2_20200407_L1A0004724410_9216_10240.txt,512,512,0,0,0.84765625,0.1796875,0.05859375,0.03515625,1.25,30,18,37.5,22.5,22.5,37.5,843.75,1.66666666667
train,train/images/GF1_WFV4_E124.0_N35.2_20200407_L1A0004724410_9216_9216.png,train/labels/GF1_WFV4_E124.0_N35.2_20200407_L1A0004724410_9216_9216.txt,512,512,0,0,0.142578125,0.9521484375,0.08984375,0.087890625,1.25,46,45,57.5,56.25,56.25,57.5,3234.375,1.02222222222
train,train/images/GF1_WFV4_E124.0_N35.2_20200407_L1A0004724410_9728_11264.png,train/labels/GF1_WFV4_E124.0_N35.2_20200407_L1A0004724410_9728_11264.txt,512,512,0,0,0.7978515625,0.4375,0.060546875,0.078125,1.25,31,40,38.75,50,38.75,50,1937.5,1.29032258065
train,train/images/GF1_WFV4_E124.0_N35.2_20200407_L1A0004724410_9728_11264.png,train/labels/GF1_WFV4_E124.0_N35.2_20200407_L1A0004724410_9728_11264.txt,512,512,0,1,0.3203125,0.0966796875,0.046875,0.037109375,1.25,24,19,30,23.75,23.75,30,712.5,1.26315789474
train,train/images/GF1_WFV4_E124.0_N35.2_20200407_L1A0004724410_9728_7680.png,train/labels/GF1_WFV4_E124.0_N35.2_20200407_L1A0004724410_9728_7680.txt,512,512,0,0,0.3037109375,0.173828125,0.064453125,0.0703125,1.25,33,36,41.25,45,41.25,45,1856.25,1.09090909091
train,train/images/GF1_WFV4_E124.0_N35.2_20200407_L1A0004724410_9728_8704.png,train/labels/GF1_WFV4_E124.0_N35.2_20200407_L1A0004724410_9728_8704.txt,512,512,0,0,0.70703125,0.5009765625,0.05859375,0.060546875,1.25,30,31,37.5,38.75,37.5,38.75,1453.125,1.03333333333
train,train/images/GF1_WFV4_E124.0_N36.8_20191202_L1A0004438746_3072_5120.png,train/labels/GF1_WFV4_E124.0_N36.8_20191202_L1A0004438746_3072_5120.txt,512,512,0,0,0.044921875,0.376953125,0.04296875,0.046875,1.25,22,24,27.5,30,27.5,30,825,1.09090909091
train,train/images/GF1_WFV4_E124.0_N36.8_20191202_L1A0004438746_3072_6144.png,train/labels/GF1_WFV4_E124.0_N36.8_20191202_L1A0004438746_3072_6144.txt,512,512,0,0,0.3798828125,0.111328125,0.044921875,0.05859375,1.25,23,30,28.75,37.5,28.75,37.5,1078.125,1.30434782609
train,train/images/GF1_WFV4_E124.0_N36.8_20191202_L1A0004438746_4608_7680.png,train/labels/GF1_WFV4_E124.0_N36.8_20191202_L1A0004438746_4608_7680.txt,512,512,0,0,0.7373046875,0.8818359375,0.064453125,0.052734375,1.25,33,27,41.25,33.75,33.75,41.25,1392.1875,1.22222222222
train,train/images/GF1_WFV4_E124.1_N30.1_20190629_L2A0004085462_10752_12288.png,train/labels/GF1_WFV4_E124.1_N30.1_20190629_L2A0004085462_10752_12288.txt,512,512,0,0,0.982421875,0.86328125,0.03515625,0.0625,1.25,18,32,22.5,40,22.5,40,900,1.77777777778
train,train/images/GF1_WFV4_E124.1_N30.1_20190629_L2A0004085462_12288_8704.png,train/labels/GF1_WFV4_E124.1_N30.1_20190629_L2A0004085462_12288_8704.txt,512,512,0,0,0.537109375,0.107421875,0.05859375,0.0390625,1.25,30,20,37.5,25,25,37.5,937.5,1.5
train,train/images/GF1_WFV4_E124.1_N30.1_20190629_L2A0004085462_14848_15757.png,train/labels/GF1_WFV4_E124.1_N30.1_20190629_L2A0004085462_14848_15757.txt,512,512,0,0,0.4375,0.3720703125,0.06640625,0.052734375,1.25,34,27,42.5,33.75,33.75,42.5,1434.375,1.25925925926
train,train/images/GF1_WFV4_E124.1_N30.1_20190629_L2A0004085462_14848_15757.png,train/labels/GF1_WFV4_E124.1_N30.1_20190629_L2A0004085462_14848_15757.txt,512,512,0,1,0.7451171875,0.6357421875,0.064453125,0.025390625,1.25,33,13,41.25,16.25,16.25,41.25,670.3125,2.53846153846
train,train/images/GF1_WFV4_E124.1_N30.1_20190629_L2A0004085462_16384_10752.png,train/labels/GF1_WFV4_E124.1_N30.1_20190629_L2A0004085462_16384_10752.txt,512,512,0,0,0.0908203125,0.271484375,0.041015625,0.046875,1.25,21,24,26.25,30,26.25,30,787.5,1.14285714286
train,train/images/GF1_WFV4_E124.1_N30.1_20190629_L2A0004085462_16384_11776.png,train/labels/GF1_WFV4_E124.1_N30.1_20190629_L2A0004085462_16384_11776.txt,512,512,0,0,0.595703125,0.244140625,0.0546875,0.04296875,1.25,28,22,35,27.5,27.5,35,962.5,1.27272727273
train,train/images/GF1_WFV4_E124.1_N33.5_20200812_L1A0004986999_10464_5120.png,train/labels/GF1_WFV4_E124.1_N33.5_20200812_L1A0004986999_10464_5120.txt,512,512,0,0,0.30078125,0.8828125,0.05859375,0.04296875,1.25,30,22,37.5,27.5,27.5,37.5,1031.25,1.36363636364
train,train/images/GF1_WFV4_E124.1_N33.5_20200812_L1A0004986999_2048_11264.png,train/labels/GF1_WFV4_E124.1_N33.5_20200812_L1A0004986999_2048_11264.txt,512,512,0,0,0.24609375,0.4091796875,0.05078125,0.044921875,1.25,26,23,32.5,28.75,28.75,32.5,934.375,1.13043478261
train,train/images/GF1_WFV4_E124.1_N33.5_20200812_L1A0004986999_3072_11776.png,train/labels/GF1_WFV4_E124.1_N33.5_20200812_L1A0004986999_3072_11776.txt,512,512,0,0,0.44921875,0.8828125,0.0546875,0.06640625,1.25,28,34,35,42.5,35,42.5,1487.5,1.21428571429
train,train/images/GF1_WFV4_E124.1_N33.5_20200812_L1A0004986999_4096_4096.png,train/labels/GF1_WFV4_E124.1_N33.5_20200812_L1A0004986999_4096_4096.txt,512,512,0,0,0.333984375,0.3515625,0.0546875,0.05078125,1.25,28,26,35,32.5,32.5,35,1137.5,1.07692307692
train,train/images/GF1_WFV4_E124.1_N33.5_20200812_L1A0004986999_4096_5632.png,train/labels/GF1_WFV4_E124.1_N33.5_20200812_L1A0004986999_4096_5632.txt,512,512,0,0,0.666015625,0.2109375,0.05078125,0.04296875,1.25,26,22,32.5,27.5,27.5,32.5,893.75,1.18181818182
train,train/images/GF1_WFV4_E124.1_N33.5_20200812_L1A0004986999_4096_8192.png,train/labels/GF1_WFV4_E124.1_N33.5_20200812_L1A0004986999_4096_8192.txt,512,512,0,0,0.7578125,0.013671875,0.05078125,0.0234375,1.25,26,12,32.5,15,15,32.5,487.5,2.16666666667
train,train/images/GF1_WFV4_E124.1_N33.5_20200812_L1A0004986999_4608_4608.png,train/labels/GF1_WFV4_E124.1_N33.5_20200812_L1A0004986999_4608_4608.txt,512,512,0,0,0.732935153584,0.738341968912,0.037542662116,0.0321243523316,1.25,19.2218430034,16.4476683938,24.0273037543,20.5595854922,20.5595854922,24.0273037543,493.991405684,1.16866674006
train,train/images/GF1_WFV4_E124.1_N33.5_20200812_L1A0004986999_4608_5120.png,train/labels/GF1_WFV4_E124.1_N33.5_20200812_L1A0004986999_4608_5120.txt,512,512,0,0,0.9169921875,0.84765625,0.048828125,0.0546875,1.25,25,28,31.25,35,31.25,35,1093.75,1.12
train,train/images/GF1_WFV4_E124.1_N33.5_20200812_L1A0004986999_5120_8704.png,train/labels/GF1_WFV4_E124.1_N33.5_20200812_L1A0004986999_5120_8704.txt,512,512,0,0,0.4150390625,0.388671875,0.087890625,0.04296875,1.25,45,22,56.25,27.5,27.5,56.25,1546.875,2.04545454545
train,train/images/GF1_WFV4_E124.1_N33.5_20200812_L1A0004986999_512_2560.png,train/labels/GF1_WFV4_E124.1_N33.5_20200812_L1A0004986999_512_2560.txt,512,512,0,0,0.6064453125,0.2392578125,0.068359375,0.056640625,1.25,35,29,43.75,36.25,36.25,43.75,1585.9375,1.20689655172
train,train/images/GF1_WFV4_E124.1_N33.5_20200812_L1A0004986999_512_4608.png,train/labels/GF1_WFV4_E124.1_N33.5_20200812_L1A0004986999_512_4608.txt,512,512,0,0,0.76171875,0.3466796875,0.04296875,0.048828125,1.25,22,25,27.5,31.25,27.5,31.25,859.375,1.13636363636
train,train/images/GF1_WFV4_E124.1_N33.5_20200812_L1A0004986999_512_9216.png,train/labels/GF1_WFV4_E124.1_N33.5_20200812_L1A0004986999_512_9216.txt,512,512,0,0,0.1591796875,0.404296875,0.048828125,0.04296875,1.25,25,22,31.25,27.5,27.5,31.25,859.375,1.13636363636
train,train/images/GF1_WFV4_E124.1_N33.5_20200812_L1A0004986999_9216_9728.png,train/labels/GF1_WFV4_E124.1_N33.5_20200812_L1A0004986999_9216_9728.txt,512,512,0,0,0.154296875,0.0185546875,0.05078125,0.037109375,1.25,26,19,32.5,23.75,23.75,32.5,771.875,1.36842105263
train,train/images/GF1_WFV4_E124.1_N33.5_20200812_L1A0004986999_9728_9216.png,train/labels/GF1_WFV4_E124.1_N33.5_20200812_L1A0004986999_9728_9216.txt,512,512,0,0,0.8193359375,0.30859375,0.044921875,0.03125,1.25,23,16,28.75,20,20,28.75,575,1.4375
train,train/images/GF1_WFV4_E124.1_N33.5_20200812_L1A0004986999_9952_10752.png,train/labels/GF1_WFV4_E124.1_N33.5_20200812_L1A0004986999_9952_10752.txt,512,512,0,0,0.732421875,0.2861328125,0.0625,0.048828125,1.25,32,25,40,31.25,31.25,40,1250,1.28
train,train/images/GF1_WFV4_E124.1_N33.5_20200812_L1A0004986999_9952_5120.png,train/labels/GF1_WFV4_E124.1_N33.5_20200812_L1A0004986999_9952_5120.txt,512,512,0,0,0.12890625,0.455078125,0.046875,0.04296875,1.25,24,22,30,27.5,27.5,30,825,1.09090909091
train,train/images/GF1_WFV4_E124.1_N35.2_20191206_L1A0004447282_0_11264.png,train/labels/GF1_WFV4_E124.1_N35.2_20191206_L1A0004447282_0_11264.txt,512,512,0,0,0.46484375,0.1923828125,0.05078125,0.052734375,1.25,26,27,32.5,33.75,32.5,33.75,1096.875,1.03846153846
train,train/images/GF1_WFV4_E124.1_N35.2_20191206_L1A0004447282_0_11776.png,train/labels/GF1_WFV4_E124.1_N35.2_20191206_L1A0004447282_0_11776.txt,512,512,0,0,0.7578125,0.6083984375,0.05078125,0.048828125,1.25,26,25,32.5,31.25,31.25,32.5,1015.625,1.04
train,train/images/GF1_WFV4_E124.1_N35.2_20191206_L1A0004447282_0_12800.png,train/labels/GF1_WFV4_E124.1_N35.2_20191206_L1A0004447282_0_12800.txt,512,512,0,0,0.8828125,0.2626953125,0.0546875,0.060546875,1.25,28,31,35,38.75,35,38.75,1356.25,1.10714285714
train,train/images/GF1_WFV4_E124.1_N35.2_20191206_L1A0004447282_0_12800.png,train/labels/GF1_WFV4_E124.1_N35.2_20191206_L1A0004447282_0_12800.txt,512,512,0,1,0.920221843003,0.0217616580311,0.0196245733788,0.0373056994819,1.25,10.04778157,19.1005181347,12.5597269625,23.8756476684,12.5597269625,23.8756476684,299.871615767,1.90096868664
train,train/images/GF1_WFV4_E124.1_N35.2_20191206_L1A0004447282_5120_5632.png,train/labels/GF1_WFV4_E124.1_N35.2_20191206_L1A0004447282_5120_5632.txt,512,512,0,0,0.649317406143,0.257512953368,0.0273037542662,0.0424870466321,1.25,13.9795221843,21.7533678756,17.4744027304,27.1917098446,17.4744027304,27.1917098446,475.158888751,1.5560880829
train,train/images/GF1_WFV4_E124.3_N33.5_20200926_L1A0005089385_3072_6144.png,train/labels/GF1_WFV4_E124.3_N33.5_20200926_L1A0005089385_3072_6144.txt,512,512,0,0,0.662969283276,0.141968911917,0.0221843003413,0.0269430051813,1.25,11.3583617747,13.7948186528,14.1979522184,17.2435233161,14.1979522184,17.2435233161,244.822720119,1.21450777202
train,train/images/GF1_WFV4_E124.3_N33.5_20200926_L1A0005089385_3072_6144.png,train/labels/GF1_WFV4_E124.3_N33.5_20200926_L1A0005089385_3072_6144.txt,512,512,0,1,0.629266211604,0.188082901554,0.0196245733788,0.0238341968912,1.25,10.04778157,12.2031088083,12.5597269625,15.2538860104,12.5597269625,15.2538860104,191.584643407,1.21450777202
train,train/images/GF1_WFV4_E124.3_N33.5_20200926_L1A0005089385_3584_8192.png,train/labels/GF1_WFV4_E124.3_N33.5_20200926_L1A0005089385_3584_8192.txt,512,512,0,0,0.76953125,0.255859375,0.0546875,0.05859375,1.25,28,30,35,37.5,35,37.5,1312.5,1.07142857143
train,train/images/GF1_WFV4_E124.3_N33.5_20200926_L1A0005089385_4608_7168.png,train/labels/GF1_WFV4_E124.3_N33.5_20200926_L1A0005089385_4608_7168.txt,512,512,0,0,0.0947265625,0.552734375,0.068359375,0.05859375,1.25,35,30,43.75,37.5,37.5,43.75,1640.625,1.16666666667
train,train/images/GF1_WFV4_E124.3_N33.5_20200926_L1A0005089385_5632_5632.png,train/labels/GF1_WFV4_E124.3_N33.5_20200926_L1A0005089385_5632_5632.txt,512,512,0,0,0.0185546875,0.6201171875,0.037109375,0.052734375,1.25,19,27,23.75,33.75,23.75,33.75,801.5625,1.42105263158
train,train/images/GF1_WFV4_E124.3_N33.5_20200926_L1A0005089385_6144_4608.png,train/labels/GF1_WFV4_E124.3_N33.5_20200926_L1A0005089385_6144_4608.txt,512,512,0,0,0.560546875,0.1279296875,0.05078125,0.056640625,1.25,26,29,32.5,36.25,32.5,36.25,1178.125,1.11538461538
train,train/images/GF1_WFV4_E124.3_N33.5_20200926_L1A0005089385_6656_1536.png,train/labels/GF1_WFV4_E124.3_N33.5_20200926_L1A0005089385_6656_1536.txt,512,512,0,0,0.8369140625,0.9248046875,0.064453125,0.052734375,1.25,33,27,41.25,33.75,33.75,41.25,1392.1875,1.22222222222
train,train/images/GF1_WFV4_E124.3_N33.5_20200926_L1A0005089385_7168_512.png,train/labels/GF1_WFV4_E124.3_N33.5_20200926_L1A0005089385_7168_512.txt,512,512,0,0,0.251953125,0.0830078125,0.08984375,0.044921875,1.25,46,23,57.5,28.75,28.75,57.5,1653.125,2
train,train/images/GF1_WFV4_E124.3_N33.5_20200926_L1A0005089385_7680_4096.png,train/labels/GF1_WFV4_E124.3_N33.5_20200926_L1A0005089385_7680_4096.txt,512,512,0,0,0.683020477816,0.497409326425,0.0298634812287,0.0497409326425,1.25,15.2901023891,25.467357513,19.1126279863,31.8341968912,19.1126279863,31.8341968912,608.435162426,1.66561065877
train,train/images/GF1_WFV4_E124.3_N33.5_20200926_L1A0005089385_8704_512.png,train/labels/GF1_WFV4_E124.3_N33.5_20200926_L1A0005089385_8704_512.txt,512,512,0,0,0.225255972696,0.30725388601,0.0443686006826,0.0321243523316,1.25,22.7167235495,16.4476683938,28.3959044369,20.5595854922,20.5595854922,28.3959044369,583.808024899,1.38115160189
train,train/images/GF1_WFV4_E124.3_N33.5_20200926_L1A0005089385_8704_512.png,train/labels/GF1_WFV4_E124.3_N33.5_20200926_L1A0005089385_8704_512.txt,512,512,0,1,0.912542662116,0.219689119171,0.0418088737201,0.0352331606218,1.25,21.4061433447,18.0393782383,26.7576791809,22.5492227979,22.5492227979,26.7576791809,603.364869405,1.18663421
train,train/images/GF1_WFV4_E124.3_N33.5_20200926_L1A0005089385_9216_0.png,train/labels/GF1_WFV4_E124.3_N33.5_20200926_L1A0005089385_9216_0.txt,512,512,0,0,0.723976109215,0.255440414508,0.0264505119454,0.0259067357513,1.25,13.542662116,13.2642487047,16.9283276451,16.5803108808,16.5803108808,16.9283276451,280.676935047,1.02098976109
train,train/images/GF1_WFV4_E124.3_N33.5_20200926_L1A0005089385_9216_2560.png,train/labels/GF1_WFV4_E124.3_N33.5_20200926_L1A0005089385_9216_2560.txt,512,512,0,0,0.5107421875,0.234375,0.076171875,0.03515625,1.25,39,18,48.75,22.5,22.5,48.75,1096.875,2.16666666667
train,train/images/GF1_WFV4_E124.3_N33.5_20200926_L1A0005089385_9216_512.png,train/labels/GF1_WFV4_E124.3_N33.5_20200926_L1A0005089385_9216_512.txt,512,512,0,0,0.478515625,0.5,0.078125,0.0390625,1.25,40,20,50,25,25,50,1250,2
train,train/images/GF1_WFV4_E124.3_N33.5_20200926_L1A0005089385_9216_512.png,train/labels/GF1_WFV4_E124.3_N33.5_20200926_L1A0005089385_9216_512.txt,512,512,0,1,0.74609375,0.6865234375,0.0625,0.033203125,1.25,32,17,40,21.25,21.25,40,850,1.88235294118
train,train/images/GF1_WFV4_E124.3_N33.5_20200926_L1A0005089385_9952_2560.png,train/labels/GF1_WFV4_E124.3_N33.5_20200926_L1A0005089385_9952_2560.txt,512,512,0,0,0.2099609375,0.2607421875,0.068359375,0.029296875,1.25,35,15,43.75,18.75,18.75,43.75,820.3125,2.33333333333
train,train/images/GF1_WFV4_E124.5_N35.2_20200922_L1A0005079948_10464_11264.png,train/labels/GF1_WFV4_E124.5_N35.2_20200922_L1A0005079948_10464_11264.txt,512,512,0,0,0.275597269625,0.471502590674,0.0307167235495,0.0310880829016,1.25,15.7269624573,15.9170984456,19.6587030717,19.896373057,19.6587030717,19.896373057,391.136890131,1.01208981002
train,train/images/GF1_WFV4_E124.5_N35.2_20200922_L1A0005079948_10464_11776.png,train/labels/GF1_WFV4_E124.5_N35.2_20200922_L1A0005079948_10464_11776.txt,512,512,0,0,0.482421875,0.8408203125,0.078125,0.041015625,1.25,40,21,50,26.25,26.25,50,1312.5,1.90476190476
train,train/images/GF1_WFV4_E124.5_N35.2_20200922_L1A0005079948_10464_11776.png,train/labels/GF1_WFV4_E124.5_N35.2_20200922_L1A0005079948_10464_11776.txt,512,512,0,1,0.546875,0.4326171875,0.05859375,0.033203125,1.25,30,17,37.5,21.25,21.25,37.5,796.875,1.76470588235
train,train/images/GF1_WFV4_E124.5_N35.2_20200922_L1A0005079948_11488_3072.png,train/labels/GF1_WFV4_E124.5_N35.2_20200922_L1A0005079948_11488_3072.txt,512,512,0,0,0.339590443686,0.721761658031,0.0238907849829,0.0362694300518,1.25,12.2320819113,18.5699481865,15.2901023891,23.2124352332,15.2901023891,23.2124352332,354.920511415,1.51813471503
train,train/images/GF1_WFV4_E124.5_N35.2_20200922_L1A0005079948_2048_11776.png,train/labels/GF1_WFV4_E124.5_N35.2_20200922_L1A0005079948_2048_11776.txt,512,512,0,0,0.204351535836,0.473575129534,0.0349829351536,0.0290155440415,1.25,17.9112627986,14.8559585492,22.3890784983,18.5699481865,18.5699481865,22.3890784983,415.764027657,1.20566187226
train,train/images/GF1_WFV4_E124.5_N35.2_20200922_L1A0005079948_2048_12376.png,train/labels/GF1_WFV4_E124.5_N35.2_20200922_L1A0005079948_2048_12376.txt,512,512,0,0,0.550341296928,0.707772020725,0.0460750853242,0.0331606217617,1.25,23.590443686,16.978238342,29.4880546075,21.2227979275,21.2227979275,29.4880546075,625.819024209,1.38945179181
train,train/images/GF1_WFV4_E124.5_N35.2_20200922_L1A0005079948_2048_4096.png,train/labels/GF1_WFV4_E124.5_N35.2_20200922_L1A0005079948_2048_4096.txt,512,512,0,0,0.7001953125,0.63671875,0.056640625,0.06640625,1.25,29,34,36.25,42.5,36.25,42.5,1540.625,1.1724137931
train,train/images/GF1_WFV4_E124.5_N35.2_20200922_L1A0005079948_2048_4608.png,train/labels/GF1_WFV4_E124.5_N35.2_20200922_L1A0005079948_2048_4608.txt,512,512,0,0,0.94140625,0.7255859375,0.0625,0.052734375,1.25,32,27,40,33.75,33.75,40,1350,1.18518518519
train,train/images/GF1_WFV4_E124.5_N35.2_20200922_L1A0005079948_2560_11264.png,train/labels/GF1_WFV4_E124.5_N35.2_20200922_L1A0005079948_2560_11264.txt,512,512,0,0,0.7548828125,0.37109375,0.037109375,0.03125,1.25,19,16,23.75,20,20,23.75,475,1.1875
train,train/images/GF1_WFV4_E124.5_N35.2_20200922_L1A0005079948_2560_4096.png,train/labels/GF1_WFV4_E124.5_N35.2_20200922_L1A0005079948_2560_4096.txt,512,512,0,0,0.558873720137,0.70621761658,0.0221843003413,0.0321243523316,1.25,11.3583617747,16.4476683938,14.1979522184,20.5595854922,14.1979522184,20.5595854922,291.904012449,1.44806695895
train,train/images/GF1_WFV4_E124.5_N35.2_20200922_L1A0005079948_3072_11776.png,train/labels/GF1_WFV4_E124.5_N35.2_20200922_L1A0005079948_3072_11776.txt,512,512,0,0,0.619880546075,0.659585492228,0.0196245733788,0.0300518134715,1.25,10.04778157,15.3865284974,12.5597269625,19.2331606218,12.5597269625,19.2331606218,241.563246034,1.53133588646
train,train/images/GF1_WFV4_E124.5_N35.2_20200922_L1A0005079948_3584_2048.png,train/labels/GF1_WFV4_E124.5_N35.2_20200922_L1A0005079948_3584_2048.txt,512,512,0,0,0.021484375,0.4033203125,0.04296875,0.044921875,1.25,22,23,27.5,28.75,27.5,28.75,790.625,1.04545454545
train,train/images/GF1_WFV4_E124.5_N35.2_20200922_L1A0005079948_3584_2048.png,train/labels/GF1_WFV4_E124.5_N35.2_20200922_L1A0005079948_3584_2048.txt,512,512,0,1,0.220703125,0.982421875,0.0625,0.03515625,1.25,32,18,40,22.5,22.5,40,900,1.77777777778
train,train/images/GF1_WFV4_E124.5_N35.2_20200922_L1A0005079948_3584_2048.png,train/labels/GF1_WFV4_E124.5_N35.2_20200922_L1A0005079948_3584_2048.txt,512,512,0,2,0.501279863481,0.29378238342,0.0332764505119,0.0279792746114,1.25,17.0375426621,14.325388601,21.2969283276,17.9067357513,17.9067357513,21.2969283276,381.358467877,1.18932499052
train,train/images/GF1_WFV4_E124.5_N35.2_20200922_L1A0005079948_4096_3072.png,train/labels/GF1_WFV4_E124.5_N35.2_20200922_L1A0005079948_4096_3072.txt,512,512,0,0,0.455204778157,0.752331606218,0.028156996587,0.0352331606218,1.25,14.4163822526,18.0393782383,18.0204778157,22.5492227979,18.0204778157,22.5492227979,406.347769191,1.25131103784
train,train/images/GF1_WFV4_E124.5_N35.2_20200922_L1A0005079948_4096_4608.png,train/labels/GF1_WFV4_E124.5_N35.2_20200922_L1A0005079948_4096_4608.txt,512,512,0,0,0.63671875,0.8515625,0.0546875,0.046875,1.25,28,24,35,30,30,35,1050,1.16666666667
train,train/images/GF1_WFV4_E124.5_N35.2_20200922_L1A0005079948_4096_4608.png,train/labels/GF1_WFV4_E124.5_N35.2_20200922_L1A0005079948_4096_4608.txt,512,512,0,1,0.708984375,0.0869140625,0.046875,0.044921875,1.25,24,23,30,28.75,28.75,30,862.5,1.04347826087
train,train/images/GF1_WFV4_E124.5_N35.2_20200922_L1A0005079948_5120_12288.png,train/labels/GF1_WFV4_E124.5_N35.2_20200922_L1A0005079948_5120_12288.txt,512,512,0,0,0.223976109215,0.0839378238342,0.028156996587,0.0497409326425,1.25,14.4163822526,25.467357513,18.0204778157,31.8341968912,18.0204778157,31.8341968912,573.667438858,1.7665567593
train,train/images/GF1_WFV4_E124.5_N35.2_20200922_L1A0005079948_6144_8704.png,train/labels/GF1_WFV4_E124.5_N35.2_20200922_L1A0005079948_6144_8704.txt,512,512,0,0,0.824232081911,0.445595854922,0.0273037542662,0.0414507772021,1.25,13.9795221843,21.2227979275,17.4744027304,26.5284974093,17.4744027304,26.5284974093,463.569647562,1.51813471503
train,train/images/GF1_WFV4_E124.5_N35.2_20200922_L1A0005079948_7168_1024.png,train/labels/GF1_WFV4_E124.5_N35.2_20200922_L1A0005079948_7168_1024.txt,512,512,0,0,0.404296875,0.9443359375,0.0546875,0.056640625,1.25,28,29,35,36.25,35,36.25,1268.75,1.03571428571
train,train/images/GF1_WFV4_E124.5_N35.2_20200922_L1A0005079948_7168_1024.png,train/labels/GF1_WFV4_E124.5_N35.2_20200922_L1A0005079948_7168_1024.txt,512,512,0,1,0.412542662116,0.253886010363,0.0264505119454,0.039378238342,1.25,13.542662116,20.1616580311,16.9283276451,25.2020725389,16.9283276451,25.2020725389,426.628941272,1.48875146248
train,train/images/GF1_WFV4_E124.5_N35.2_20200922_L1A0005079948_7168_2560.png,train/labels/GF1_WFV4_E124.5_N35.2_20200922_L1A0005079948_7168_2560.txt,512,512,0,0,0.03125,0.6826171875,0.04296875,0.033203125,1.25,22,17,27.5,21.25,21.25,27.5,584.375,1.29411764706
train,train/images/GF1_WFV4_E124.5_N35.2_20200922_L1A0005079948_7168_2560.png,train/labels/GF1_WFV4_E124.5_N35.2_20200922_L1A0005079948_7168_2560.txt,512,512,0,1,0.466796875,0.318359375,0.08203125,0.04296875,1.25,42,22,52.5,27.5,27.5,52.5,1443.75,1.90909090909
train,train/images/GF1_WFV4_E124.5_N35.2_20200922_L1A0005079948_7168_2560.png,train/labels/GF1_WFV4_E124.5_N35.2_20200922_L1A0005079948_7168_2560.txt,512,512,0,2,0.98046875,0.017578125,0.0390625,0.03515625,1.25,20,18,25,22.5,22.5,25,562.5,1.11111111111
train,train/images/GF1_WFV4_E124.5_N35.2_20200922_L1A0005079948_7168_2560.png,train/labels/GF1_WFV4_E124.5_N35.2_20200922_L1A0005079948_7168_2560.txt,512,512,0,3,0.3837890625,0.03515625,0.068359375,0.02734375,1.25,35,14,43.75,17.5,17.5,43.75,765.625,2.5
train,train/images/GF1_WFV4_E124.5_N35.2_20200922_L1A0005079948_7168_2560.png,train/labels/GF1_WFV4_E124.5_N35.2_20200922_L1A0005079948_7168_2560.txt,512,512,0,4,0.1220703125,0.0068359375,0.048828125,0.013671875,1.25,25,7,31.25,8.75,8.75,31.25,273.4375,3.57142857143
train,train/images/GF1_WFV4_E124.5_N35.2_20200922_L1A0005079948_7168_9728.png,train/labels/GF1_WFV4_E124.5_N35.2_20200922_L1A0005079948_7168_9728.txt,512,512,0,0,0.80078125,0.3876953125,0.046875,0.056640625,1.25,24,29,30,36.25,30,36.25,1087.5,1.20833333333
train,train/images/GF1_WFV4_E124.5_N35.2_20200922_L1A0005079948_7680_12288.png,train/labels/GF1_WFV4_E124.5_N35.2_20200922_L1A0005079948_7680_12288.txt,512,512,0,0,0.76171875,0.4443359375,0.05078125,0.048828125,1.25,26,25,32.5,31.25,31.25,32.5,1015.625,1.04
train,train/images/GF1_WFV4_E124.5_N35.2_20200922_L1A0005079948_7680_12288.png,train/labels/GF1_WFV4_E124.5_N35.2_20200922_L1A0005079948_7680_12288.txt,512,512,0,1,0.720989761092,0.636787564767,0.0273037542662,0.0466321243523,1.25,13.9795221843,23.8756476684,17.4744027304,29.8445595855,17.4744027304,29.8445595855,521.515853508,1.7079015544
train,train/images/GF1_WFV4_E124.5_N35.2_20200922_L1A0005079948_7680_2048.png,train/labels/GF1_WFV4_E124.5_N35.2_20200922_L1A0005079948_7680_2048.txt,512,512,0,0,0.900390625,0.7919921875,0.046875,0.033203125,1.25,24,17,30,21.25,21.25,30,637.5,1.41176470588
train,train/images/GF1_WFV4_E124.5_N35.2_20200922_L1A0005079948_7680_8704.png,train/labels/GF1_WFV4_E124.5_N35.2_20200922_L1A0005079948_7680_8704.txt,512,512,0,0,0.6142578125,0.9560546875,0.041015625,0.037109375,1.25,21,19,26.25,23.75,23.75,26.25,623.4375,1.10526315789
train,train/images/GF1_WFV4_E124.5_N35.2_20200922_L1A0005079948_8192_0.png,train/labels/GF1_WFV4_E124.5_N35.2_20200922_L1A0005079948_8192_0.txt,512,512,0,0,0.326365187713,0.0310880829016,0.0383959044369,0.0310880829016,1.25,19.6587030717,15.9170984456,24.5733788396,19.896373057,19.896373057,24.5733788396,488.921112663,1.23506825939
train,train/images/GF1_WFV4_E124.5_N35.2_20200922_L1A0005079948_8192_1536.png,train/labels/GF1_WFV4_E124.5_N35.2_20200922_L1A0005079948_8192_1536.txt,512,512,0,0,0.0830078125,0.0263671875,0.044921875,0.033203125,1.25,23,17,28.75,21.25,21.25,28.75,610.9375,1.35294117647
train,train/images/GF1_WFV4_E124.5_N35.2_20200922_L1A0005079948_8704_2048.png,train/labels/GF1_WFV4_E124.5_N35.2_20200922_L1A0005079948_8704_2048.txt,512,512,0,0,0.0964163822526,0.779792746114,0.0238907849829,0.0279792746114,1.25,12.2320819113,14.325388601,15.2901023891,17.9067357513,15.2901023891,17.9067357513,273.795823091,1.17113249445
train,train/images/GF1_WFV4_E124.5_N35.2_20200922_L1A0005079948_8704_2048.png,train/labels/GF1_WFV4_E124.5_N35.2_20200922_L1A0005079948_8704_2048.txt,512,512,0,1,0.116894197952,0.80207253886,0.0221843003413,0.0248704663212,1.25,11.3583617747,12.7336787565,14.1979522184,15.9170984456,14.1979522184,15.9170984456,225.990203187,1.12108409725
train,train/images/GF1_WFV4_E124.5_N35.2_20200922_L1A0005079948_8704_7168.png,train/labels/GF1_WFV4_E124.5_N35.2_20200922_L1A0005079948_8704_7168.txt,512,512,0,0,0.7412109375,0.705078125,0.056640625,0.046875,1.25,29,24,36.25,30,30,36.25,1087.5,1.20833333333
train,train/images/GF1_WFV4_E124.5_N35.2_20200922_L1A0005079948_9216_1024.png,train/labels/GF1_WFV4_E124.5_N35.2_20200922_L1A0005079948_9216_1024.txt,512,512,0,0,0.265625,0.2568359375,0.0625,0.044921875,1.25,32,23,40,28.75,28.75,40,1150,1.39130434783
train,train/images/GF1_WFV4_E124.5_N35.2_20200922_L1A0005079948_9216_10752.png,train/labels/GF1_WFV4_E124.5_N35.2_20200922_L1A0005079948_9216_10752.txt,512,512,0,0,0.591796875,0.634765625,0.05859375,0.05859375,1.25,30,30,37.5,37.5,37.5,37.5,1406.25,1
train,train/images/GF1_WFV4_E124.5_N35.2_20200922_L1A0005079948_9216_10752.png,train/labels/GF1_WFV4_E124.5_N35.2_20200922_L1A0005079948_9216_10752.txt,512,512,0,1,0.720703125,0.0830078125,0.0390625,0.029296875,1.25,20,15,25,18.75,18.75,25,468.75,1.33333333333
train,train/images/GF1_WFV4_E124.5_N35.2_20200922_L1A0005079948_9728_10752.png,train/labels/GF1_WFV4_E124.5_N35.2_20200922_L1A0005079948_9728_10752.txt,512,512,0,0,0.0955631399317,0.650777202073,0.0238907849829,0.0269430051813,1.25,12.2320819113,13.7948186528,15.2901023891,17.2435233161,15.2901023891,17.2435233161,263.655237051,1.12775721688
train,train/images/GF1_WFV4_E124.5_N36.8_20190805_L2A0004161899_1024_8704.png,train/labels/GF1_WFV4_E124.5_N36.8_20190805_L2A0004161899_1024_8704.txt,512,512,0,0,0.5048828125,0.798828125,0.041015625,0.05078125,1.25,21,26,26.25,32.5,26.25,32.5,853.125,1.2380952381
train,train/images/GF1_WFV4_E124.5_N36.8_20190805_L2A0004161899_11264_12800.png,train/labels/GF1_WFV4_E124.5_N36.8_20190805_L2A0004161899_11264_12800.txt,512,512,0,0,0.4609375,0.2451171875,0.05859375,0.041015625,1.25,30,21,37.5,26.25,26.25,37.5,984.375,1.42857142857
train,train/images/GF1_WFV4_E124.5_N36.8_20190805_L2A0004161899_11264_7680.png,train/labels/GF1_WFV4_E124.5_N36.8_20190805_L2A0004161899_11264_7680.txt,512,512,0,0,0.565699658703,0.434196891192,0.0307167235495,0.0310880829016,1.25,15.7269624573,15.9170984456,19.6587030717,19.896373057,19.6587030717,19.896373057,391.136890131,1.01208981002
train,train/images/GF1_WFV4_E124.5_N36.8_20190805_L2A0004161899_11776_3072.png,train/labels/GF1_WFV4_E124.5_N36.8_20190805_L2A0004161899_11776_3072.txt,512,512,0,0,0.463310580205,0.459585492228,0.0255972696246,0.0362694300518,1.25,13.1058020478,18.5699481865,16.3822525597,23.2124352332,16.3822525597,23.2124352332,380.271976516,1.41692573402
train,train/images/GF1_WFV4_E124.5_N36.8_20190805_L2A0004161899_11776_3584.png,train/labels/GF1_WFV4_E124.5_N36.8_20190805_L2A0004161899_11776_3584.txt,512,512,0,0,0.306740614334,0.226943005181,0.0469283276451,0.0435233160622,1.25,24.0273037543,22.2839378238,30.0341296928,27.8549222798,27.8549222798,30.0341296928,836.598348335,1.0782341947
train,train/images/GF1_WFV4_E124.5_N36.8_20190805_L2A0004161899_12800_14848.png,train/labels/GF1_WFV4_E124.5_N36.8_20190805_L2A0004161899_12800_14848.txt,512,512,0,0,0.8954778157,0.0823834196891,0.0503412969283,0.0715025906736,1.25,25.7747440273,36.6093264249,32.2184300341,45.7616580311,32.2184300341,45.7616580311,1474.36877752,1.42035654694
train,train/images/GF1_WFV4_E124.5_N36.8_20190805_L2A0004161899_12800_8192.png,train/labels/GF1_WFV4_E124.5_N36.8_20190805_L2A0004161899_12800_8192.txt,512,512,0,0,0.625853242321,0.552331606218,0.0452218430034,0.0476683937824,1.25,23.1535836177,24.4062176166,28.9419795222,30.5077720207,28.9419795222,30.5077720207,882.955313091,1.05410108515
train,train/images/GF1_WFV4_E124.5_N36.8_20190805_L2A0004161899_13312_13312.png,train/labels/GF1_WFV4_E124.5_N36.8_20190805_L2A0004161899_13312_13312.txt,512,512,0,0,0.342576791809,0.150259067358,0.0315699658703,0.0476683937824,1.25,16.1638225256,24.4062176166,20.204778157,30.5077720207,20.204778157,30.5077720207,616.402765743,1.50992858143
train,train/images/GF1_WFV4_E124.5_N36.8_20190805_L2A0004161899_13312_13312.png,train/labels/GF1_WFV4_E124.5_N36.8_20190805_L2A0004161899_13312_13312.txt,512,512,0,1,0.963310580205,0.0295336787565,0.0204778156997,0.0341968911917,1.25,10.4846416382,17.5088082902,13.1058020478,21.8860103627,13.1058020478,21.8860103627,286.833719429,1.66994818653
train,train/images/GF1_WFV4_E124.5_N36.8_20190805_L2A0004161899_13312_13312.png,train/labels/GF1_WFV4_E124.5_N36.8_20190805_L2A0004161899_13312_13312.txt,512,512,0,2,0.609215017065,0.0637305699482,0.0273037542662,0.0321243523316,1.25,13.9795221843,16.4476683938,17.4744027304,20.5595854922,17.4744027304,20.5595854922,359.266476861,1.17655440415
train,train/images/GF1_WFV4_E124.5_N36.8_20190805_L2A0004161899_13312_13312.png,train/labels/GF1_WFV4_E124.5_N36.8_20190805_L2A0004161899_13312_13312.txt,512,512,0,3,0.38523890785,0.152331606218,0.028156996587,0.0352331606218,1.25,14.4163822526,18.0393782383,18.0204778157,22.5492227979,18.0204778157,22.5492227979,406.347769191,1.25131103784
train,train/images/GF1_WFV4_E124.5_N36.8_20190805_L2A0004161899_13312_13312.png,train/labels/GF1_WFV4_E124.5_N36.8_20190805_L2A0004161899_13312_13312.txt,512,512,0,4,0.608788395904,0.275647668394,0.028156996587,0.0414507772021,1.25,14.4163822526,21.2227979275,18.0204778157,26.5284974093,18.0204778157,26.5284974093,478.056199049,1.47213063275
train,train/images/GF1_WFV4_E124.5_N36.8_20190805_L2A0004161899_13312_13312.png,train/labels/GF1_WFV4_E124.5_N36.8_20190805_L2A0004161899_13312_13312.txt,512,512,0,5,0.18771331058,0.480829015544,0.0290102389078,0.0290155440415,1.25,14.8532423208,14.8559585492,18.566552901,18.5699481865,18.566552901,18.5699481865,344.779925374,1.00018287108
train,train/images/GF1_WFV4_E124.5_N36.8_20190805_L2A0004161899_13312_13312.png,train/labels/GF1_WFV4_E124.5_N36.8_20190805_L2A0004161899_13312_13312.txt,512,512,0,6,0.362201365188,0.537305699482,0.0230375426621,0.0341968911917,1.25,11.795221843,17.5088082902,14.7440273038,21.8860103627,14.7440273038,21.8860103627,322.687934358,1.48439838803
train,train/images/GF1_WFV4_E124.5_N36.8_20190805_L2A0004161899_13312_13312.png,train/labels/GF1_WFV4_E124.5_N36.8_20190805_L2A0004161899_13312_13312.txt,512,512,0,7,0.592150170648,0.663212435233,0.0221843003413,0.0331606217617,1.25,11.3583617747,16.978238342,14.1979522184,21.2227979275,14.1979522184,21.2227979275,301.320270915,1.49477879633
train,train/images/GF1_WFV4_E124.5_N36.8_20190805_L2A0004161899_13312_13312.png,train/labels/GF1_WFV4_E124.5_N36.8_20190805_L2A0004161899_13312_13312.txt,512,512,0,8,0.506399317406,0.0632124352332,0.0247440273038,0.0373056994819,1.25,12.6689419795,19.1005181347,15.8361774744,23.8756476684,15.8361774744,23.8756476684,378.098993793,1.50766482044
train,train/images/GF1_WFV4_E124.5_N36.8_20190805_L2A0004161899_13312_13312.png,train/labels/GF1_WFV4_E124.5_N36.8_20190805_L2A0004161899_13312_13312.txt,512,512,0,9,0.529436860068,0.079792746114,0.0247440273038,0.0290155440415,1.25,12.6689419795,14.8559585492,15.8361774744,18.5699481865,15.8361774744,18.5699481865,294.076995172,1.17262819368
train,train/images/GF1_WFV4_E124.5_N36.8_20190805_L2A0004161899_13312_13824.png,train/labels/GF1_WFV4_E124.5_N36.8_20190805_L2A0004161899_13312_13824.txt,512,512,0,0,0.94140625,0.349609375,0.046875,0.0546875,1.25,24,28,30,35,30,35,1050,1.16666666667
train,train/images/GF1_WFV4_E124.5_N36.8_20190805_L2A0004161899_13312_13824.png,train/labels/GF1_WFV4_E124.5_N36.8_20190805_L2A0004161899_13312_13824.txt,512,512,0,1,0.22909556314,0.0440414507772,0.028156996587,0.0321243523316,1.25,14.4163822526,16.4476683938,18.0204778157,20.5595854922,18.0204778157,20.5595854922,370.493554263,1.14090124038
train,train/images/GF1_WFV4_E124.5_N36.8_20190805_L2A0004161899_13312_8192.png,train/labels/GF1_WFV4_E124.5_N36.8_20190805_L2A0004161899_13312_8192.txt,512,512,0,0,0.365234375,0.8798828125,0.078125,0.052734375,1.25,40,27,50,33.75,33.75,50,1687.5,1.48148148148
train,train/images/GF1_WFV4_E124.5_N36.8_20190805_L2A0004161899_13824_13312.png,train/labels/GF1_WFV4_E124.5_N36.8_20190805_L2A0004161899_13824_13312.txt,512,512,0,0,0.862201365188,0.749740932642,0.0332764505119,0.0466321243523,1.25,17.0375426621,23.8756476684,21.2969283276,29.8445595855,21.2969283276,29.8445595855,635.597446462,1.40135512156
train,train/images/GF1_WFV4_E124.5_N36.8_20190805_L2A0004161899_13824_13824.png,train/labels/GF1_WFV4_E124.5_N36.8_20190805_L2A0004161899_13824_13824.txt,512,512,0,0,0.8720703125,0.7509765625,0.068359375,0.064453125,1.25,35,33,43.75,41.25,41.25,43.75,1804.6875,1.06060606061
train,train/images/GF1_WFV4_E124.5_N36.8_20190805_L2A0004161899_13824_14848.png,train/labels/GF1_WFV4_E124.5_N36.8_20190805_L2A0004161899_13824_14848.txt,512,512,0,0,0.167662116041,0.171502590674,0.0315699658703,0.0383419689119,1.25,16.1638225256,19.6310880829,20.204778157,24.5388601036,20.204778157,24.5388601036,495.802224619,1.21450777202
train,train/images/GF1_WFV4_E124.5_N36.8_20190805_L2A0004161899_13824_3072.png,train/labels/GF1_WFV4_E124.5_N36.8_20190805_L2A0004161899_13824_3072.txt,512,512,0,0,0.6748046875,0.0966796875,0.052734375,0.052734375,1.25,27,27,33.75,33.75,33.75,33.75,1139.0625,1
train,train/images/GF1_WFV4_E124.5_N36.8_20190805_L2A0004161899_13824_7680.png,train/labels/GF1_WFV4_E124.5_N36.8_20190805_L2A0004161899_13824_7680.txt,512,512,0,0,0.4765625,0.4912109375,0.0625,0.052734375,1.25,32,27,40,33.75,33.75,40,1350,1.18518518519
train,train/images/GF1_WFV4_E124.5_N36.8_20190805_L2A0004161899_13824_7680.png,train/labels/GF1_WFV4_E124.5_N36.8_20190805_L2A0004161899_13824_7680.txt,512,512,0,1,0.953125,0.9365234375,0.0703125,0.044921875,1.25,36,23,45,28.75,28.75,45,1293.75,1.5652173913
train,train/images/GF1_WFV4_E124.5_N36.8_20190805_L2A0004161899_13824_7680.png,train/labels/GF1_WFV4_E124.5_N36.8_20190805_L2A0004161899_13824_7680.txt,512,512,0,2,0.5302734375,0.86328125,0.044921875,0.03515625,1.25,23,18,28.75,22.5,22.5,28.75,646.875,1.27777777778
train,train/images/GF1_WFV4_E124.5_N36.8_20190805_L2A0004161899_13824_8192.png,train/labels/GF1_WFV4_E124.5_N36.8_20190805_L2A0004161899_13824_8192.txt,512,512,0,0,0.4716796875,0.072265625,0.052734375,0.03125,1.25,27,16,33.75,20,20,33.75,675,1.6875
train,train/images/GF1_WFV4_E124.5_N36.8_20190805_L2A0004161899_13824_8192.png,train/labels/GF1_WFV4_E124.5_N36.8_20190805_L2A0004161899_13824_8192.txt,512,512,0,1,0.1591796875,0.6015625,0.048828125,0.02734375,1.25,25,14,31.25,17.5,17.5,31.25,546.875,1.78571428571
train,train/images/GF1_WFV4_E124.5_N36.8_20190805_L2A0004161899_13824_8192.png,train/labels/GF1_WFV4_E124.5_N36.8_20190805_L2A0004161899_13824_8192.txt,512,512,0,2,0.4169921875,0.4287109375,0.056640625,0.033203125,1.25,29,17,36.25,21.25,21.25,36.25,770.3125,1.70588235294
train,train/images/GF1_WFV4_E124.5_N36.8_20190805_L2A0004161899_14336_10752.png,train/labels/GF1_WFV4_E124.5_N36.8_20190805_L2A0004161899_14336_10752.txt,512,512,0,0,0.792662116041,0.472020725389,0.042662116041,0.0611398963731,1.25,21.843003413,31.303626943,27.3037542662,39.1295336788,27.3037542662,39.1295336788,1068.38317212,1.43311917098
train,train/images/GF1_WFV4_E124.5_N36.8_20190805_L2A0004161899_14336_13312.png,train/labels/GF1_WFV4_E124.5_N36.8_20190805_L2A0004161899_14336_13312.txt,512,512,0,0,0.787116040956,0.893264248705,0.0264505119454,0.0414507772021,1.25,13.542662116,21.2227979275,16.9283276451,26.5284974093,16.9283276451,26.5284974093,449.083096076,1.56710680261
train,train/images/GF1_WFV4_E124.5_N36.8_20190805_L2A0004161899_14848_10240.png,train/labels/GF1_WFV4_E124.5_N36.8_20190805_L2A0004161899_14848_10240.txt,512,512,0,0,0.74609375,0.369140625,0.0625,0.05078125,1.25,32,26,40,32.5,32.5,40,1300,1.23076923077
train,train/images/GF1_WFV4_E124.5_N36.8_20190805_L2A0004161899_14848_10240.png,train/labels/GF1_WFV4_E124.5_N36.8_20190805_L2A0004161899_14848_10240.txt,512,512,0,1,0.313566552901,0.884455958549,0.0264505119454,0.0300518134715,1.25,13.542662116,15.3865284974,16.9283276451,19.2331606218,16.9283276451,19.2331606218,325.585244655,1.13615243189
train,train/images/GF1_WFV4_E124.5_N36.8_20190805_L2A0004161899_15360_10752.png,train/labels/GF1_WFV4_E124.5_N36.8_20190805_L2A0004161899_15360_10752.txt,512,512,0,0,0.287969283276,0.183419689119,0.0383959044369,0.060103626943,1.25,19.6587030717,30.7730569948,24.5733788396,38.4663212435,24.5733788396,38.4663212435,945.247484482,1.56536557283
train,train/images/GF1_WFV4_E124.5_N36.8_20190805_L2A0004161899_15360_11264.png,train/labels/GF1_WFV4_E124.5_N36.8_20190805_L2A0004161899_15360_11264.txt,512,512,0,0,0.169921875,0.4384765625,0.0625,0.060546875,1.25,32,31,40,38.75,38.75,40,1550,1.03225806452
train,train/images/GF1_WFV4_E124.5_N36.8_20190805_L2A0004161899_15360_6144.png,train/labels/GF1_WFV4_E124.5_N36.8_20190805_L2A0004161899_15360_6144.txt,512,512,0,0,0.625,0.8134765625,0.078125,0.037109375,1.25,40,19,50,23.75,23.75,50,1187.5,2.10526315789
train,train/images/GF1_WFV4_E124.5_N36.8_20190805_L2A0004161899_15360_6144.png,train/labels/GF1_WFV4_E124.5_N36.8_20190805_L2A0004161899_15360_6144.txt,512,512,0,1,0.6454778157,0.754922279793,0.0230375426621,0.0341968911917,1.25,11.795221843,17.5088082902,14.7440273038,21.8860103627,14.7440273038,21.8860103627,322.687934358,1.48439838803
train,train/images/GF1_WFV4_E124.5_N36.8_20190805_L2A0004161899_1536_12288.png,train/labels/GF1_WFV4_E124.5_N36.8_20190805_L2A0004161899_1536_12288.txt,512,512,0,0,0.656996587031,0.556994818653,0.037542662116,0.0445595854922,1.25,19.2218430034,22.814507772,24.0273037543,28.518134715,24.0273037543,28.518134715,685.213885303,1.18690532266
train,train/images/GF1_WFV4_E124.5_N36.8_20190805_L2A0004161899_15457_3584.png,train/labels/GF1_WFV4_E124.5_N36.8_20190805_L2A0004161899_15457_3584.txt,512,512,0,0,0.2841796875,0.544921875,0.064453125,0.03125,1.25,33,16,41.25,20,20,41.25,825,2.0625
train,train/images/GF1_WFV4_E124.5_N36.8_20190805_L2A0004161899_15457_6144.png,train/labels/GF1_WFV4_E124.5_N36.8_20190805_L2A0004161899_15457_6144.txt,512,512,0,0,0.456911262799,0.753367875648,0.0247440273038,0.0331606217617,1.25,12.6689419795,16.978238342,15.8361774744,21.2227979275,15.8361774744,21.2227979275,336.087994483,1.34014650706
train,train/images/GF1_WFV4_E124.5_N36.8_20190805_L2A0004161899_15457_6144.png,train/labels/GF1_WFV4_E124.5_N36.8_20190805_L2A0004161899_15457_6144.txt,512,512,0,1,0.44795221843,0.815544041451,0.0511945392491,0.0414507772021,1.25,26.2116040956,21.2227979275,32.7645051195,26.5284974093,26.5284974093,32.7645051195,869.193089179,1.23506825939
train,train/images/GF1_WFV4_E124.5_N36.8_20190805_L2A0004161899_15457_6656.png,train/labels/GF1_WFV4_E124.5_N36.8_20190805_L2A0004161899_15457_6656.txt,512,512,0,0,0.853515625,0.2646484375,0.05859375,0.029296875,1.25,30,15,37.5,18.75,18.75,37.5,703.125,2
train,train/images/GF1_WFV4_E124.5_N36.8_20190805_L2A0004161899_16481_6144.png,train/labels/GF1_WFV4_E124.5_N36.8_20190805_L2A0004161899_16481_6144.txt,512,512,0,0,0.0302734375,0.8154296875,0.060546875,0.025390625,1.25,31,13,38.75,16.25,16.25,38.75,629.6875,2.38461538462
train,train/images/GF1_WFV4_E124.5_N36.8_20190805_L2A0004161899_16993_3584.png,train/labels/GF1_WFV4_E124.5_N36.8_20190805_L2A0004161899_16993_3584.txt,512,512,0,0,0.5107421875,0.19921875,0.033203125,0.03515625,1.25,17,18,21.25,22.5,21.25,22.5,478.125,1.05882352941
train,train/images/GF1_WFV4_E124.5_N36.8_20190805_L2A0004161899_16993_3584.png,train/labels/GF1_WFV4_E124.5_N36.8_20190805_L2A0004161899_16993_3584.txt,512,512,0,1,0.263671875,0.4345703125,0.05078125,0.041015625,1.25,26,21,32.5,26.25,26.25,32.5,853.125,1.2380952381
train,train/images/GF1_WFV4_E124.5_N36.8_20190805_L2A0004161899_2048_6656.png,train/labels/GF1_WFV4_E124.5_N36.8_20190805_L2A0004161899_2048_6656.txt,512,512,0,0,0.656996587031,0.954404145078,0.0358361774744,0.0373056994819,1.25,18.3481228669,19.1005181347,22.9351535836,23.8756476684,22.9351535836,23.8756476684,547.591646183,1.04100666173
train,train/images/GF1_WFV4_E124.5_N36.8_20190805_L2A0004161899_2048_6656.png,train/labels/GF1_WFV4_E124.5_N36.8_20190805_L2A0004161899_2048_6656.txt,512,512,0,1,0.853242320819,0.156994818653,0.0273037542662,0.0321243523316,1.25,13.9795221843,16.4476683938,17.4744027304,20.5595854922,17.4744027304,20.5595854922,359.266476861,1.17655440415
train,train/images/GF1_WFV4_E124.5_N36.8_20190805_L2A0004161899_3072_11264.png,train/labels/GF1_WFV4_E124.5_N36.8_20190805_L2A0004161899_3072_11264.txt,512,512,0,0,0.0419921875,0.26953125,0.044921875,0.03125,1.25,23,16,28.75,20,20,28.75,575,1.4375
train,train/images/GF1_WFV4_E124.5_N36.8_20190805_L2A0004161899_3072_11776.png,train/labels/GF1_WFV4_E124.5_N36.8_20190805_L2A0004161899_3072_11776.txt,512,512,0,0,0.8369140625,0.5576171875,0.064453125,0.060546875,1.25,33,31,41.25,38.75,38.75,41.25,1598.4375,1.06451612903
train,train/images/GF1_WFV4_E124.5_N36.8_20190805_L2A0004161899_3072_8192.png,train/labels/GF1_WFV4_E124.5_N36.8_20190805_L2A0004161899_3072_8192.txt,512,512,0,0,0.9736328125,0.0166015625,0.044921875,0.029296875,1.25,23,15,28.75,18.75,18.75,28.75,539.0625,1.53333333333
train,train/images/GF1_WFV4_E124.5_N36.8_20190805_L2A0004161899_3584_10240.png,train/labels/GF1_WFV4_E124.5_N36.8_20190805_L2A0004161899_3584_10240.txt,512,512,0,0,0.4716796875,0.345703125,0.052734375,0.05859375,1.25,27,30,33.75,37.5,33.75,37.5,1265.625,1.11111111111
train,train/images/GF1_WFV4_E124.5_N36.8_20190805_L2A0004161899_3584_11264.png,train/labels/GF1_WFV4_E124.5_N36.8_20190805_L2A0004161899_3584_11264.txt,512,512,0,0,0.873046875,0.646484375,0.046875,0.0390625,1.25,24,20,30,25,25,30,750,1.2
train,train/images/GF1_WFV4_E124.5_N36.8_20190805_L2A0004161899_3584_6656.png,train/labels/GF1_WFV4_E124.5_N36.8_20190805_L2A0004161899_3584_6656.txt,512,512,0,0,0.602389078498,0.692227979275,0.0409556313993,0.060103626943,1.25,20.9692832765,30.7730569948,26.2116040956,38.4663212435,26.2116040956,38.4663212435,1008.26398345,1.46753022453
train,train/images/GF1_WFV4_E124.5_N36.8_20190805_L2A0004161899_3584_8192.png,train/labels/GF1_WFV4_E124.5_N36.8_20190805_L2A0004161899_3584_8192.txt,512,512,0,0,0.22265625,0.76171875,0.05078125,0.0546875,1.25,26,28,32.5,35,32.5,35,1137.5,1.07692307692
train,train/images/GF1_WFV4_E124.5_N36.8_20190805_L2A0004161899_3584_8192.png,train/labels/GF1_WFV4_E124.5_N36.8_20190805_L2A0004161899_3584_8192.txt,512,512,0,1,0.314453125,0.0498046875,0.05078125,0.052734375,1.25,26,27,32.5,33.75,32.5,33.75,1096.875,1.03846153846
train,train/images/GF1_WFV4_E124.5_N36.8_20190805_L2A0004161899_512_12288.png,train/labels/GF1_WFV4_E124.5_N36.8_20190805_L2A0004161899_512_12288.txt,512,512,0,0,0.53515625,0.6572265625,0.046875,0.044921875,1.25,24,23,30,28.75,28.75,30,862.5,1.04347826087
train,train/images/GF1_WFV4_E124.5_N36.8_20190805_L2A0004161899_5632_3584.png,train/labels/GF1_WFV4_E124.5_N36.8_20190805_L2A0004161899_5632_3584.txt,512,512,0,0,0.611328125,0.0458984375,0.05859375,0.029296875,1.25,30,15,37.5,18.75,18.75,37.5,703.125,2
train,train/images/GF1_WFV4_E124.5_N36.8_20190805_L2A0004161899_6144_8192.png,train/labels/GF1_WFV4_E124.5_N36.8_20190805_L2A0004161899_6144_8192.txt,512,512,0,0,0.39453125,0.2685546875,0.046875,0.044921875,1.25,24,23,30,28.75,28.75,30,862.5,1.04347826087
train,train/images/GF1_WFV4_E124.5_N36.8_20190805_L2A0004161899_6656_8192.png,train/labels/GF1_WFV4_E124.5_N36.8_20190805_L2A0004161899_6656_8192.txt,512,512,0,0,0.603515625,0.412109375,0.0625,0.05078125,1.25,32,26,40,32.5,32.5,40,1300,1.23076923077
train,train/images/GF1_WFV4_E124.5_N36.8_20190805_L2A0004161899_7168_8192.png,train/labels/GF1_WFV4_E124.5_N36.8_20190805_L2A0004161899_7168_8192.txt,512,512,0,0,0.241040955631,0.0264248704663,0.0230375426621,0.0279792746114,1.25,11.795221843,14.325388601,14.7440273038,17.9067357513,14.7440273038,17.9067357513,264.017400838,1.21450777202
train,train/images/GF1_WFV4_E124.5_N36.8_20190805_L2A0004161899_9216_13312.png,train/labels/GF1_WFV4_E124.5_N36.8_20190805_L2A0004161899_9216_13312.txt,512,512,0,0,0.255546075085,0.644559585492,0.0486348122867,0.0331606217617,1.25,24.9010238908,16.978238342,31.1262798635,21.2227979275,21.2227979275,31.1262798635,660.586747776,1.46664355802
train,train/images/GF1_WFV4_E124.6_N36.8_20191206_L1A0004447277_8704_0.png,train/labels/GF1_WFV4_E124.6_N36.8_20191206_L1A0004447277_8704_0.txt,512,512,0,0,0.299061433447,0.344559585492,0.0486348122867,0.059067357513,1.25,24.9010238908,30.2424870466,31.1262798635,37.8031088083,31.1262798635,37.8031088083,1176.67014448,1.21450777202
train,train/images/GF1_WFV4_E124.6_N36.8_20191206_L1A0004447277_9728_512.png,train/labels/GF1_WFV4_E124.6_N36.8_20191206_L1A0004447277_9728_512.txt,512,512,0,0,0.835750853242,0.317616580311,0.0418088737201,0.0321243523316,1.25,21.4061433447,16.4476683938,26.7576791809,20.5595854922,20.5595854922,26.7576791809,550.126792693,1.30146977871
train,train/images/GF6_WFV_E131.2_N35.8_20200910_L1A1120034678-2_0_0.png,train/labels/GF6_WFV_E131.2_N35.8_20200910_L1A1120034678-2_0_0.txt,512,512,0,0,0.873720136519,0.765284974093,0.0221843003413,0.0300518134715,1.25,11.3583617747,15.3865284974,14.1979522184,19.2331606218,14.1979522184,19.2331606218,273.071495517,1.35464328418
train,train/images/GF6_WFV_E131.2_N35.8_20200910_L1A1120034678-2_0_512.png,train/labels/GF6_WFV_E131.2_N35.8_20200910_L1A1120034678-2_0_512.txt,512,512,0,0,0.6630859375,0.2763671875,0.044921875,0.037109375,1.25,23,19,28.75,23.75,23.75,28.75,682.8125,1.21052631579
train,train/images/GF6_WFV_E131.2_N35.8_20200910_L1A1120034678-2_1024_3072.png,train/labels/GF6_WFV_E131.2_N35.8_20200910_L1A1120034678-2_1024_3072.txt,512,512,0,0,0.2255859375,0.1953125,0.044921875,0.03125,1.25,23,16,28.75,20,20,28.75,575,1.4375
train,train/images/GF6_WFV_E131.2_N35.8_20200910_L1A1120034678-2_1024_3072.png,train/labels/GF6_WFV_E131.2_N35.8_20200910_L1A1120034678-2_1024_3072.txt,512,512,0,1,0.896484375,0.5322265625,0.0546875,0.052734375,1.25,28,27,35,33.75,33.75,35,1181.25,1.03703703704
train,train/images/GF6_WFV_E131.2_N35.8_20200910_L1A1120034678-2_1024_3072.png,train/labels/GF6_WFV_E131.2_N35.8_20200910_L1A1120034678-2_1024_3072.txt,512,512,0,2,0.402730375427,0.818652849741,0.0255972696246,0.0227979274611,1.25,13.1058020478,11.6725388601,16.3822525597,14.5906735751,14.5906735751,16.3822525597,239.028099524,1.12278932671
train,train/images/GF6_WFV_E131.2_N35.8_20200910_L1A1120034678-2_1024_3072.png,train/labels/GF6_WFV_E131.2_N35.8_20200910_L1A1120034678-2_1024_3072.txt,512,512,0,3,0.266211604096,0.816580310881,0.0221843003413,0.0269430051813,1.25,11.3583617747,13.7948186528,14.1979522184,17.2435233161,14.1979522184,17.2435233161,244.822720119,1.21450777202
train,train/images/GF6_WFV_E131.2_N35.8_20200910_L1A1120034678-2_1024_3584.png,train/labels/GF6_WFV_E131.2_N35.8_20200910_L1A1120034678-2_1024_3584.txt,512,512,0,0,0.326791808874,0.234196891192,0.0290102389078,0.0331606217617,1.25,14.8532423208,16.978238342,18.566552901,21.2227979275,18.566552901,21.2227979275,394.034200428,1.14306613837
train,train/images/GF6_WFV_E131.2_N35.8_20200910_L1A1120034678-2_13312_15872.png,train/labels/GF6_WFV_E131.2_N35.8_20200910_L1A1120034678-2_13312_15872.txt,512,512,0,0,0.5595703125,0.1953125,0.041015625,0.03515625,1.25,21,18,26.25,22.5,22.5,26.25,590.625,1.16666666667
train,train/images/GF6_WFV_E131.2_N35.8_20200910_L1A1120034678-2_15360_14336.png,train/labels/GF6_WFV_E131.2_N35.8_20200910_L1A1120034678-2_15360_14336.txt,512,512,0,0,0.6767578125,0.23046875,0.064453125,0.046875,1.25,33,24,41.25,30,30,41.25,1237.5,1.375
train,train/images/GF6_WFV_E131.2_N35.8_20200910_L1A1120034678-2_15360_512.png,train/labels/GF6_WFV_E131.2_N35.8_20200910_L1A1120034678-2_15360_512.txt,512,512,0,0,0.0556640625,0.0517578125,0.064453125,0.048828125,1.25,33,25,41.25,31.25,31.25,41.25,1289.0625,1.32
train,train/images/GF6_WFV_E131.2_N35.8_20200910_L1A1120034678-2_15872_13312.png,train/labels/GF6_WFV_E131.2_N35.8_20200910_L1A1120034678-2_15872_13312.txt,512,512,0,0,0.2978515625,0.7705078125,0.052734375,0.041015625,1.25,27,21,33.75,26.25,26.25,33.75,885.9375,1.28571428571
train,train/images/GF6_WFV_E131.2_N35.8_20200910_L1A1120034678-2_15872_13312.png,train/labels/GF6_WFV_E131.2_N35.8_20200910_L1A1120034678-2_15872_13312.txt,512,512,0,1,0.673828125,0.5654296875,0.05078125,0.037109375,1.25,26,19,32.5,23.75,23.75,32.5,771.875,1.36842105263
train,train/images/GF6_WFV_E131.2_N35.8_20200910_L1A1120034678-2_15872_13312.png,train/labels/GF6_WFV_E131.2_N35.8_20200910_L1A1120034678-2_15872_13312.txt,512,512,0,2,0.7763671875,0.0625,0.041015625,0.03515625,1.25,21,18,26.25,22.5,22.5,26.25,590.625,1.16666666667
train,train/images/GF6_WFV_E131.2_N35.8_20200910_L1A1120034678-2_15872_13312.png,train/labels/GF6_WFV_E131.2_N35.8_20200910_L1A1120034678-2_15872_13312.txt,512,512,0,3,0.5009765625,0.2880859375,0.048828125,0.029296875,1.25,25,15,31.25,18.75,18.75,31.25,585.9375,1.66666666667
train,train/images/GF6_WFV_E131.2_N35.8_20200910_L1A1120034678-2_15872_13312.png,train/labels/GF6_WFV_E131.2_N35.8_20200910_L1A1120034678-2_15872_13312.txt,512,512,0,4,0.3642578125,0.322265625,0.048828125,0.0390625,1.25,25,20,31.25,25,25,31.25,781.25,1.25
train,train/images/GF6_WFV_E131.2_N35.8_20200910_L1A1120034678-2_15872_13312.png,train/labels/GF6_WFV_E131.2_N35.8_20200910_L1A1120034678-2_15872_13312.txt,512,512,0,5,0.412109375,0.5625,0.046875,0.03515625,1.25,24,18,30,22.5,22.5,30,675,1.33333333333
train,train/images/GF6_WFV_E131.2_N35.8_20200910_L1A1120034678-2_16384_4608.png,train/labels/GF6_WFV_E131.2_N35.8_20200910_L1A1120034678-2_16384_4608.txt,512,512,0,0,0.5908203125,0.068359375,0.072265625,0.0546875,1.25,37,28,46.25,35,35,46.25,1618.75,1.32142857143
train,train/images/GF6_WFV_E131.2_N35.8_20200910_L1A1120034678-2_16896_10752.png,train/labels/GF6_WFV_E131.2_N35.8_20200910_L1A1120034678-2_16896_10752.txt,512,512,0,0,0.439846416382,0.666839378238,0.0332764505119,0.0383419689119,1.25,17.0375426621,19.6310880829,21.2969283276,24.5388601036,21.2969283276,24.5388601036,522.602344869,1.15222532217
train,train/images/GF6_WFV_E131.2_N35.8_20200910_L1A1120034678-2_17408_11776.png,train/labels/GF6_WFV_E131.2_N35.8_20200910_L1A1120034678-2_17408_11776.txt,512,512,0,0,0.694112627986,0.679274611399,0.0315699658703,0.0383419689119,1.25,16.1638225256,19.6310880829,20.204778157,24.5388601036,20.204778157,24.5388601036,495.802224619,1.21450777202
train,train/images/GF6_WFV_E131.2_N35.8_20200910_L1A1120034678-2_17920_11264.png,train/labels/GF6_WFV_E131.2_N35.8_20200910_L1A1120034678-2_17920_11264.txt,512,512,0,0,0.2431640625,0.2685546875,0.052734375,0.037109375,1.25,27,19,33.75,23.75,23.75,33.75,801.5625,1.42105263158
train,train/images/GF6_WFV_E131.2_N35.8_20200910_L1A1120034678-2_17920_11264.png,train/labels/GF6_WFV_E131.2_N35.8_20200910_L1A1120034678-2_17920_11264.txt,512,512,0,1,0.19837883959,0.791191709845,0.0230375426621,0.0321243523316,1.25,11.795221843,16.4476683938,14.7440273038,20.5595854922,14.7440273038,20.5595854922,303.131089851,1.39443484936
train,train/images/GF6_WFV_E131.2_N35.8_20200910_L1A1120034678-2_17920_8704.png,train/labels/GF6_WFV_E131.2_N35.8_20200910_L1A1120034678-2_17920_8704.txt,512,512,0,0,0.902303754266,0.716062176166,0.0418088737201,0.0476683937824,1.25,21.4061433447,24.4062176166,26.7576791809,30.5077720207,26.7576791809,30.5077720207,816.317176254,1.14015015333
train,train/images/GF6_WFV_E131.2_N35.8_20200910_L1A1120034678-2_18432_1024.png,train/labels/GF6_WFV_E131.2_N35.8_20200910_L1A1120034678-2_18432_1024.txt,512,512,0,0,0.849609375,0.677734375,0.0546875,0.0390625,1.25,28,20,35,25,25,35,875,1.4
train,train/images/GF6_WFV_E131.2_N35.8_20200910_L1A1120034678-2_2048_6144.png,train/labels/GF6_WFV_E131.2_N35.8_20200910_L1A1120034678-2_2048_6144.txt,512,512,0,0,0.895051194539,0.79481865285,0.0358361774744,0.0476683937824,1.25,18.3481228669,24.4062176166,22.9351535836,30.5077720207,22.9351535836,30.5077720207,699.700436789,1.33017517888
train,train/images/GF6_WFV_E131.2_N35.8_20200910_L1A1120034678-2_2048_6144.png,train/labels/GF6_WFV_E131.2_N35.8_20200910_L1A1120034678-2_2048_6144.txt,512,512,0,1,0.483788395904,0.644559585492,0.0324232081911,0.0290155440415,1.25,16.6006825939,14.8559585492,20.7508532423,18.5699481865,18.5699481865,20.7508532423,385.342269536,1.11744271087
train,train/images/GF6_WFV_E131.2_N35.8_20200910_L1A1120034678-2_2048_6656.png,train/labels/GF6_WFV_E131.2_N35.8_20200910_L1A1120034678-2_2048_6656.txt,512,512,0,0,0.970703125,0.154296875,0.05859375,0.04296875,1.25,30,22,37.5,27.5,27.5,37.5,1031.25,1.36363636364
train,train/images/GF6_WFV_E131.2_N35.8_20200910_L1A1120034678-2_2048_6656.png,train/labels/GF6_WFV_E131.2_N35.8_20200910_L1A1120034678-2_2048_6656.txt,512,512,0,1,0.862201365188,0.778238341969,0.0213310580205,0.0331606217617,1.25,10.9215017065,16.978238342,13.6518771331,21.2227979275,13.6518771331,21.2227979275,289.731029726,1.55456994819
train,train/images/GF6_WFV_E131.2_N35.8_20200910_L1A1120034678-2_2048_6656.png,train/labels/GF6_WFV_E131.2_N35.8_20200910_L1A1120034678-2_2048_6656.txt,512,512,0,2,0.857935153584,0.935751295337,0.0230375426621,0.0331606217617,1.25,11.795221843,16.978238342,14.7440273038,21.2227979275,14.7440273038,21.2227979275,312.909512105,1.43941661869
train,train/images/GF6_WFV_E131.2_N35.8_20200910_L1A1120034678-2_2048_6656.png,train/labels/GF6_WFV_E131.2_N35.8_20200910_L1A1120034678-2_2048_6656.txt,512,512,0,3,0.238481228669,0.859585492228,0.0264505119454,0.0279792746114,1.25,13.542662116,14.325388601,16.9283276451,17.9067357513,16.9283276451,17.9067357513,303.131089851,1.05779709176
train,train/images/GF6_WFV_E131.2_N35.8_20200910_L1A1120034678-2_21904_4608.png,train/labels/GF6_WFV_E131.2_N35.8_20200910_L1A1120034678-2_21904_4608.txt,512,512,0,0,0.451171875,0.193359375,0.05078125,0.0390625,1.25,26,20,32.5,25,25,32.5,812.5,1.3
train,train/images/GF6_WFV_E131.2_N35.8_20200910_L1A1120034678-2_21904_4608.png,train/labels/GF6_WFV_E131.2_N35.8_20200910_L1A1120034678-2_21904_4608.txt,512,512,0,1,0.9794921875,0.02734375,0.041015625,0.03515625,1.25,21,18,26.25,22.5,22.5,26.25,590.625,1.16666666667
train,train/images/GF6_WFV_E131.2_N35.8_20200910_L1A1120034678-2_21904_5632.png,train/labels/GF6_WFV_E131.2_N35.8_20200910_L1A1120034678-2_21904_5632.txt,512,512,0,0,0.43359375,0.2470703125,0.05859375,0.037109375,1.25,30,19,37.5,23.75,23.75,37.5,890.625,1.57894736842
train,train/images/GF6_WFV_E131.2_N35.8_20200910_L1A1120034678-2_21904_6656.png,train/labels/GF6_WFV_E131.2_N35.8_20200910_L1A1120034678-2_21904_6656.txt,512,512,0,0,0.0157849829352,0.0927461139896,0.0179180887372,0.0259067357513,1.25,9.17406143345,13.2642487047,11.4675767918,16.5803108808,11.4675767918,16.5803108808,190.135988258,1.44584258574
train,train/images/GF6_WFV_E131.2_N35.8_20200910_L1A1120034678-2_21904_6656.png,train/labels/GF6_WFV_E131.2_N35.8_20200910_L1A1120034678-2_21904_6656.txt,512,512,0,1,0.282849829352,0.281865284974,0.0366894197952,0.0414507772021,1.25,18.7849829352,21.2227979275,23.4812286689,26.5284974093,23.4812286689,26.5284974093,622.921713912,1.12977467165
train,train/images/GF6_WFV_E131.2_N35.8_20200910_L1A1120034678-2_22016_7168.png,train/labels/GF6_WFV_E131.2_N35.8_20200910_L1A1120034678-2_22016_7168.txt,512,512,0,0,0.20703125,0.2421875,0.0625,0.046875,1.25,32,24,40,30,30,40,1200,1.33333333333
train,train/images/GF6_WFV_E131.2_N35.8_20200910_L1A1120034678-2_23440_4608.png,train/labels/GF6_WFV_E131.2_N35.8_20200910_L1A1120034678-2_23440_4608.txt,512,512,0,0,0.471843003413,0.244559585492,0.0221843003413,0.0310880829016,1.25,11.3583617747,15.9170984456,14.1979522184,19.896373057,14.1979522184,19.896373057,282.487753983,1.40135512156
train,train/images/GF6_WFV_E131.2_N35.8_20200910_L1A1120034678-2_23440_5632.png,train/labels/GF6_WFV_E131.2_N35.8_20200910_L1A1120034678-2_23440_5632.txt,512,512,0,0,0.33203125,0.6357421875,0.05859375,0.041015625,1.25,30,21,37.5,26.25,26.25,37.5,984.375,1.42857142857
train,train/images/GF6_WFV_E131.2_N35.8_20200910_L1A1120034678-2_4096_2048.png,train/labels/GF6_WFV_E131.2_N35.8_20200910_L1A1120034678-2_4096_2048.txt,512,512,0,0,0.877986348123,0.580829015544,0.0255972696246,0.0300518134715,1.25,13.1058020478,15.3865284974,16.3822525597,19.2331606218,16.3822525597,19.2331606218,315.082494827,1.17402417962
train,train/images/GF6_WFV_E131.2_N35.8_20200910_L1A1120034678-2_4608_1024.png,train/labels/GF6_WFV_E131.2_N35.8_20200910_L1A1120034678-2_4608_1024.txt,512,512,0,0,0.680460750853,0.863212435233,0.0298634812287,0.039378238342,1.25,15.2901023891,20.1616580311,19.1126279863,25.2020725389,19.1126279863,25.2020725389,481.67783692,1.31860843819
train,train/images/GF6_WFV_E131.2_N35.8_20200910_L1A1120034678-2_4608_7168.png,train/labels/GF6_WFV_E131.2_N35.8_20200910_L1A1120034678-2_4608_7168.txt,512,512,0,0,0.962457337884,0.877720207254,0.0443686006826,0.0538860103627,1.25,22.7167235495,27.5896373057,28.3959044369,34.4870466321,28.3959044369,34.4870466321,979.290880475,1.21450777202
train,train/images/GF6_WFV_E131.2_N35.8_20200910_L1A1120034678-2_5120_1536.png,train/labels/GF6_WFV_E131.2_N35.8_20200910_L1A1120034678-2_5120_1536.txt,512,512,0,0,0.0418088737201,0.337823834197,0.0273037542662,0.0310880829016,1.25,13.9795221843,15.9170984456,17.4744027304,19.896373057,17.4744027304,19.896373057,347.677235672,1.13860103627
train,train/images/GF6_WFV_E131.2_N35.8_20200910_L1A1120034678-2_5120_2048.png,train/labels/GF6_WFV_E131.2_N35.8_20200910_L1A1120034678-2_5120_2048.txt,512,512,0,0,0.334470989761,0.862694300518,0.0477815699659,0.0341968911917,1.25,24.4641638225,17.5088082902,30.5802047782,21.8860103627,21.8860103627,30.5802047782,669.278678668,1.39724893991
train,train/images/GF6_WFV_E131.2_N35.8_20200910_L1A1120034678-2_9216_8192.png,train/labels/GF6_WFV_E131.2_N35.8_20200910_L1A1120034678-2_9216_8192.txt,512,512,0,0,0.715870307167,0.623834196891,0.0341296928328,0.039378238342,1.25,17.4744027304,20.1616580311,21.843003413,25.2020725389,21.843003413,25.2020725389,550.48895648,1.15378238342
train,train/images/GF6_WFV_E131.2_N35.8_20200910_L1A1120034678-3_0_17285.png,train/labels/GF6_WFV_E131.2_N35.8_20200910_L1A1120034678-3_0_17285.txt,512,512,0,0,0.1162109375,0.3203125,0.044921875,0.0390625,1.25,23,20,28.75,25,25,28.75,718.75,1.15
train,train/images/GF6_WFV_E131.2_N35.8_20200910_L1A1120034678-3_0_17285.png,train/labels/GF6_WFV_E131.2_N35.8_20200910_L1A1120034678-3_0_17285.txt,512,512,0,1,0.224609375,0.2744140625,0.0546875,0.029296875,1.25,28,15,35,18.75,18.75,35,656.25,1.86666666667
train,train/images/GF6_WFV_E131.2_N35.8_20200910_L1A1120034678-3_0_17285.png,train/labels/GF6_WFV_E131.2_N35.8_20200910_L1A1120034678-3_0_17285.txt,512,512,0,2,0.31640625,0.39453125,0.0390625,0.03125,1.25,20,16,25,20,20,25,500,1.25
train,train/images/GF6_WFV_E131.2_N35.8_20200910_L1A1120034678-3_0_17285.png,train/labels/GF6_WFV_E131.2_N35.8_20200910_L1A1120034678-3_0_17285.txt,512,512,0,3,0.273037542662,0.565284974093,0.0273037542662,0.0279792746114,1.25,13.9795221843,14.325388601,17.4744027304,17.9067357513,17.4744027304,17.9067357513,312.909512105,1.02474093264
train,train/images/GF6_WFV_E131.2_N35.8_20200910_L1A1120034678-3_0_17285.png,train/labels/GF6_WFV_E131.2_N35.8_20200910_L1A1120034678-3_0_17285.txt,512,512,0,4,0.0324232081911,0.479274611399,0.0273037542662,0.0300518134715,1.25,13.9795221843,15.3865284974,17.4744027304,19.2331606218,17.4744027304,19.2331606218,336.087994483,1.10064766839
train,train/images/GF6_WFV_E131.2_N35.8_20200910_L1A1120034678-3_1024_16773.png,train/labels/GF6_WFV_E131.2_N35.8_20200910_L1A1120034678-3_1024_16773.txt,512,512,0,0,0.898464163823,0.2,0.0273037542662,0.0331606217617,1.25,13.9795221843,16.978238342,17.4744027304,21.2227979275,17.4744027304,21.2227979275,370.85571805,1.21450777202
train,train/images/GF6_WFV_E131.2_N35.8_20200910_L1A1120034678-3_1024_16773.png,train/labels/GF6_WFV_E131.2_N35.8_20200910_L1A1120034678-3_1024_16773.txt,512,512,0,1,0.779010238908,0.318652849741,0.0392491467577,0.0445595854922,1.25,20.0955631399,22.814507772,25.1194539249,28.518134715,25.1194539249,28.518134715,716.359970999,1.13530074341
train,train/images/GF6_WFV_E131.2_N35.8_20200910_L1A1120034678-3_1024_16773.png,train/labels/GF6_WFV_E131.2_N35.8_20200910_L1A1120034678-3_1024_16773.txt,512,512,0,2,0.525597269625,0.70103626943,0.0392491467577,0.0507772020725,1.25,20.0955631399,25.9979274611,25.1194539249,32.4974093264,25.1194539249,32.4974093264,816.317176254,1.29371480063
train,train/images/GF6_WFV_E131.2_N35.8_20200910_L1A1120034678-3_1024_16773.png,train/labels/GF6_WFV_E131.2_N35.8_20200910_L1A1120034678-3_1024_16773.txt,512,512,0,3,0.422354948805,0.834715025907,0.0255972696246,0.0321243523316,1.25,13.1058020478,16.4476683938,16.3822525597,20.5595854922,16.3822525597,20.5595854922,336.812322057,1.25499136442
train,train/images/GF6_WFV_E131.2_N35.8_20200910_L1A1120034678-3_1024_16773.png,train/labels/GF6_WFV_E131.2_N35.8_20200910_L1A1120034678-3_1024_16773.txt,512,512,0,4,0.862201365188,0.854922279793,0.0247440273038,0.0269430051813,1.25,12.6689419795,13.7948186528,15.8361774744,17.2435233161,15.8361774744,17.2435233161,273.071495517,1.08886903698
train,train/images/GF6_WFV_E131.2_N35.8_20200910_L1A1120034678-3_1024_2048.png,train/labels/GF6_WFV_E131.2_N35.8_20200910_L1A1120034678-3_1024_2048.txt,512,512,0,0,0.724829351536,0.771502590674,0.0298634812287,0.0341968911917,1.25,15.2901023891,17.5088082902,19.1126279863,21.8860103627,19.1126279863,21.8860103627,418.299174168,1.14510732791
train,train/images/GF6_WFV_E131.2_N35.8_20200910_L1A1120034678-3_1024_5632.png,train/labels/GF6_WFV_E131.2_N35.8_20200910_L1A1120034678-3_1024_5632.txt,512,512,0,0,0.41015625,0.1689453125,0.05078125,0.029296875,1.25,26,15,32.5,18.75,18.75,32.5,609.375,1.73333333333
train,train/images/GF6_WFV_E131.2_N35.8_20200910_L1A1120034678-3_1536_15360.png,train/labels/GF6_WFV_E131.2_N35.8_20200910_L1A1120034678-3_1536_15360.txt,512,512,0,0,0.7392578125,0.1484375,0.048828125,0.03515625,1.25,25,18,31.25,22.5,22.5,31.25,703.125,1.38888888889
train,train/images/GF6_WFV_E131.2_N35.8_20200910_L1A1120034678-3_1536_15360.png,train/labels/GF6_WFV_E131.2_N35.8_20200910_L1A1120034678-3_1536_15360.txt,512,512,0,1,0.654296875,0.244140625,0.0390625,0.03125,1.25,20,16,25,20,20,25,500,1.25
train,train/images/GF6_WFV_E131.2_N35.8_20200910_L1A1120034678-3_1536_15360.png,train/labels/GF6_WFV_E131.2_N35.8_20200910_L1A1120034678-3_1536_15360.txt,512,512,0,2,0.438566552901,0.50310880829,0.0273037542662,0.0300518134715,1.25,13.9795221843,15.3865284974,17.4744027304,19.2331606218,17.4744027304,19.2331606218,336.087994483,1.10064766839
train,train/images/GF6_WFV_E131.2_N35.8_20200910_L1A1120034678-3_1536_15360.png,train/labels/GF6_WFV_E131.2_N35.8_20200910_L1A1120034678-3_1536_15360.txt,512,512,0,3,0.0157849829352,0.828497409326,0.0264505119454,0.0279792746114,1.25,13.542662116,14.325388601,16.9283276451,17.9067357513,16.9283276451,17.9067357513,303.131089851,1.05779709176
train,train/images/GF6_WFV_E131.2_N35.8_20200910_L1A1120034678-3_1536_2048.png,train/labels/GF6_WFV_E131.2_N35.8_20200910_L1A1120034678-3_1536_2048.txt,512,512,0,0,0.715870307167,0.976165803109,0.0307167235495,0.0310880829016,1.25,15.7269624573,15.9170984456,19.6587030717,19.896373057,19.6587030717,19.896373057,391.136890131,1.01208981002
train,train/images/GF6_WFV_E131.2_N35.8_20200910_L1A1120034678-3_2048_15360.png,train/labels/GF6_WFV_E131.2_N35.8_20200910_L1A1120034678-3_2048_15360.txt,512,512,0,0,0.722696245734,0.170984455959,0.0409556313993,0.0352331606218,1.25,20.9692832765,18.0393782383,26.2116040956,22.5492227979,22.5492227979,26.2116040956,591.051300642,1.1624171853
train,train/images/GF6_WFV_E131.2_N35.8_20200910_L1A1120034678-3_2048_15360.png,train/labels/GF6_WFV_E131.2_N35.8_20200910_L1A1120034678-3_2048_15360.txt,512,512,0,1,0.954778156997,0.199481865285,0.0341296928328,0.0300518134715,1.25,17.4744027304,15.3865284974,21.843003413,19.2331606218,19.2331606218,21.843003413,420.109993103,1.13569495116
train,train/images/GF6_WFV_E131.2_N35.8_20200910_L1A1120034678-3_2048_15360.png,train/labels/GF6_WFV_E131.2_N35.8_20200910_L1A1120034678-3_2048_15360.txt,512,512,0,2,0.798208191126,0.349222797927,0.0503412969283,0.0559585492228,1.25,25.7747440273,28.6507772021,32.2184300341,35.8134715026,32.2184300341,35.8134715026,1153.85382589,1.11158338456
train,train/images/GF6_WFV_E131.2_N35.8_20200910_L1A1120034678-3_2048_15360.png,train/labels/GF6_WFV_E131.2_N35.8_20200910_L1A1120034678-3_2048_15360.txt,512,512,0,3,0.709897610922,0.253367875648,0.0204778156997,0.0279792746114,1.25,10.4846416382,14.325388601,13.1058020478,17.9067357513,13.1058020478,17.9067357513,234.682134078,1.36632124352
train,train/images/GF6_WFV_E131.2_N35.8_20200910_L1A1120034678-3_2048_15360.png,train/labels/GF6_WFV_E131.2_N35.8_20200910_L1A1120034678-3_2048_15360.txt,512,512,0,4,0.28114334471,0.0331606217617,0.0298634812287,0.0227979274611,1.25,15.2901023891,11.6725388601,19.1126279863,14.5906735751,14.5906735751,19.1126279863,278.866116112,1.30992088117
train,train/images/GF6_WFV_E131.2_N35.8_20200910_L1A1120034678-3_2048_15360.png,train/labels/GF6_WFV_E131.2_N35.8_20200910_L1A1120034678-3_2048_15360.txt,512,512,0,5,0.247013651877,0.0419689119171,0.0298634812287,0.0238341968912,1.25,15.2901023891,12.2031088083,19.1126279863,15.2538860104,15.2538860104,19.1126279863,291.541848662,1.25296779938
train,train/images/GF6_WFV_E131.2_N35.8_20200910_L1A1120034678-3_2048_15872.png,train/labels/GF6_WFV_E131.2_N35.8_20200910_L1A1120034678-3_2048_15872.txt,512,512,0,0,0.48046875,0.6201171875,0.0546875,0.033203125,1.25,28,17,35,21.25,21.25,35,743.75,1.64705882353
train,train/images/GF6_WFV_E131.2_N35.8_20200910_L1A1120034678-3_2048_15872.png,train/labels/GF6_WFV_E131.2_N35.8_20200910_L1A1120034678-3_2048_15872.txt,512,512,0,1,0.553754266212,0.436269430052,0.0341296928328,0.0290155440415,1.25,17.4744027304,14.8559585492,21.843003413,18.5699481865,18.5699481865,21.843003413,405.623441617,1.17625548513
train,train/images/GF6_WFV_E131.2_N35.8_20200910_L1A1120034678-3_2560_4608.png,train/labels/GF6_WFV_E131.2_N35.8_20200910_L1A1120034678-3_2560_4608.txt,512,512,0,0,0.581484641638,0.884455958549,0.0298634812287,0.0279792746114,1.25,15.2901023891,14.325388601,19.1126279863,17.9067357513,17.9067357513,19.1126279863,342.244778864,1.06734294021
train,train/images/GF6_WFV_E131.2_N35.8_20200910_L1A1120034678-3_3072_15360.png,train/labels/GF6_WFV_E131.2_N35.8_20200910_L1A1120034678-3_3072_15360.txt,512,512,0,0,0.0554607508532,0.883419689119,0.0290102389078,0.0300518134715,1.25,14.8532423208,15.3865284974,18.566552901,19.2331606218,18.566552901,19.2331606218,357.093494138,1.0359036879
train,train/images/GF6_WFV_E131.2_N35.8_20200910_L1A1120034678-3_3072_15360.png,train/labels/GF6_WFV_E131.2_N35.8_20200910_L1A1120034678-3_3072_15360.txt,512,512,0,1,0.0648464163823,0.475129533679,0.0307167235495,0.0383419689119,1.25,15.7269624573,19.6310880829,19.6587030717,24.5388601036,19.6587030717,24.5388601036,482.402164495,1.24824409902
train,train/images/GF6_WFV_E131.2_N35.8_20200910_L1A1120034678-3_3072_4608.png,train/labels/GF6_WFV_E131.2_N35.8_20200910_L1A1120034678-3_3072_4608.txt,512,512,0,0,0.0234375,0.2216796875,0.046875,0.029296875,1.25,24,15,30,18.75,18.75,30,562.5,1.6
train,train/images/GF6_WFV_E131.2_N35.8_20200910_L1A1120034678-3_3584_4096.png,train/labels/GF6_WFV_E131.2_N35.8_20200910_L1A1120034678-3_3584_4096.txt,512,512,0,0,0.828924914676,0.423316062176,0.028156996587,0.0279792746114,1.25,14.4163822526,14.325388601,18.0204778157,17.9067357513,17.9067357513,18.0204778157,322.687934358,1.00635191505
train,train/images/GF6_WFV_E131.2_N35.8_20200910_L1A1120034678-3_512_15360.png,train/labels/GF6_WFV_E131.2_N35.8_20200910_L1A1120034678-3_512_15360.txt,512,512,0,0,0.972696245734,0.550259067358,0.0324232081911,0.0290155440415,1.25,16.6006825939,14.8559585492,20.7508532423,18.5699481865,18.5699481865,20.7508532423,385.342269536,1.11744271087
train,train/images/GF6_WFV_E131.2_N35.8_20200910_L1A1120034678-3_512_16384.png,train/labels/GF6_WFV_E131.2_N35.8_20200910_L1A1120034678-3_512_16384.txt,512,512,0,0,0.154010238908,0.612435233161,0.0315699658703,0.039378238342,1.25,16.1638225256,20.1616580311,20.204778157,25.2020725389,20.204778157,25.2020725389,509.202284744,1.2473323064
train,train/images/GF6_WFV_E131.2_N35.8_20200910_L1A1120034678-3_512_16384.png,train/labels/GF6_WFV_E131.2_N35.8_20200910_L1A1120034678-3_512_16384.txt,512,512,0,1,0.526877133106,0.390155440415,0.0298634812287,0.0321243523316,1.25,15.2901023891,16.4476683938,19.1126279863,20.5595854922,19.1126279863,20.5595854922,392.947709066,1.07570688379
train,train/images/GF6_WFV_E131.4_N22.4_20200419_L1A1119988588-1_5120_2048.png,train/labels/GF6_WFV_E131.4_N22.4_20200419_L1A1119988588-1_5120_2048.txt,512,512,0,0,0.1796875,0.962890625,0.07421875,0.0625,1.25,38,32,47.5,40,40,47.5,1900,1.1875
train,train/images/GF6_WFV_E131.4_N22.4_20200419_L1A1119988588-2_17408_15360.png,train/labels/GF6_WFV_E131.4_N22.4_20200419_L1A1119988588-2_17408_15360.txt,512,512,0,0,0.044921875,0.5869140625,0.06640625,0.041015625,1.25,34,21,42.5,26.25,26.25,42.5,1115.625,1.61904761905
train,train/images/GF6_WFV_E131.4_N22.4_20200419_L1A1119988588-3_7680_16896.png,train/labels/GF6_WFV_E131.4_N22.4_20200419_L1A1119988588-3_7680_16896.txt,512,512,0,0,0.80078125,0.046875,0.0625,0.046875,1.25,32,24,40,30,30,40,1200,1.33333333333
train,train/images/GF6_WFV_E131.4_N22.4_20200530_L1A1120002374-1_6144_5632.png,train/labels/GF6_WFV_E131.4_N22.4_20200530_L1A1120002374-1_6144_5632.txt,512,512,0,0,0.0927734375,0.2138671875,0.064453125,0.041015625,1.25,33,21,41.25,26.25,26.25,41.25,1082.8125,1.57142857143
train,train/images/GF6_WFV_E131.4_N22.4_20200530_L1A1120002374-1_9216_16384.png,train/labels/GF6_WFV_E131.4_N22.4_20200530_L1A1120002374-1_9216_16384.txt,512,512,0,0,0.7783203125,0.287109375,0.064453125,0.05859375,1.25,33,30,41.25,37.5,37.5,41.25,1546.875,1.1
train,train/images/GF6_WFV_E131.4_N22.4_20200530_L1A1120002374-2_9216_512.png,train/labels/GF6_WFV_E131.4_N22.4_20200530_L1A1120002374-2_9216_512.txt,512,512,0,0,0.232421875,0.611328125,0.078125,0.05859375,1.25,40,30,50,37.5,37.5,50,1875,1.33333333333
train,train/images/GF6_WFV_E131.4_N24.7_20190523_L1A1119882277-1_0_512.png,train/labels/GF6_WFV_E131.4_N24.7_20190523_L1A1119882277-1_0_512.txt,512,512,0,0,0.2490234375,0.6640625,0.041015625,0.03515625,1.25,21,18,26.25,22.5,22.5,26.25,590.625,1.16666666667
train,train/images/GF6_WFV_E131.4_N24.7_20190523_L1A1119882277-1_0_512.png,train/labels/GF6_WFV_E131.4_N24.7_20190523_L1A1119882277-1_0_512.txt,512,512,0,1,0.9833984375,0.75,0.033203125,0.02734375,1.25,17,14,21.25,17.5,17.5,21.25,371.875,1.21428571429
train,train/images/GF6_WFV_E131.4_N24.7_20190523_L1A1119882277-1_2048_0.png,train/labels/GF6_WFV_E131.4_N24.7_20190523_L1A1119882277-1_2048_0.txt,512,512,0,0,0.86328125,0.9189453125,0.02734375,0.029296875,1.25,14,15,17.5,18.75,17.5,18.75,328.125,1.07142857143
train,train/images/GF6_WFV_E131.4_N24.7_20190523_L1A1119882277-1_2048_512.png,train/labels/GF6_WFV_E131.4_N24.7_20190523_L1A1119882277-1_2048_512.txt,512,512,0,0,0.4619140625,0.099609375,0.029296875,0.02734375,1.25,15,14,18.75,17.5,17.5,18.75,328.125,1.07142857143
train,train/images/GF6_WFV_E131.4_N24.7_20190523_L1A1119882277-1_2048_512.png,train/labels/GF6_WFV_E131.4_N24.7_20190523_L1A1119882277-1_2048_512.txt,512,512,0,1,0.98976109215,0.446632124352,0.018771331058,0.0290155440415,1.25,9.61092150171,14.8559585492,12.0136518771,18.5699481865,12.0136518771,18.5699481865,223.092892889,1.54573716439
train,train/images/GF6_WFV_E131.4_N24.7_20190523_L1A1119882277-1_2560_512.png,train/labels/GF6_WFV_E131.4_N24.7_20190523_L1A1119882277-1_2560_512.txt,512,512,0,0,0.373046875,0.5986328125,0.04296875,0.044921875,1.25,22,23,27.5,28.75,27.5,28.75,790.625,1.04545454545
train,train/images/GF6_WFV_E131.4_N24.7_20190523_L1A1119882277-1_512_1024.png,train/labels/GF6_WFV_E131.4_N24.7_20190523_L1A1119882277-1_512_1024.txt,512,512,0,0,0.4814453125,0.4658203125,0.029296875,0.029296875,1.25,15,15,18.75,18.75,18.75,18.75,351.5625,1
train,train/images/GF6_WFV_E131.4_N24.7_20190523_L1A1119882277-1_8192_14336.png,train/labels/GF6_WFV_E131.4_N24.7_20190523_L1A1119882277-1_8192_14336.txt,512,512,0,0,0.361328125,0.9833984375,0.046875,0.033203125,1.25,24,17,30,21.25,21.25,30,637.5,1.41176470588
train,train/images/GF6_WFV_E131.4_N24.7_20190523_L1A1119882277-3_512_13824.png,train/labels/GF6_WFV_E131.4_N24.7_20190523_L1A1119882277-3_512_13824.txt,512,512,0,0,0.423828125,0.3857421875,0.05078125,0.048828125,1.25,26,25,32.5,31.25,31.25,32.5,1015.625,1.04
train,train/images/GF6_WFV_E131.6_N24.7_20191111_L1A1119942463-1_6144_1024.png,train/labels/GF6_WFV_E131.6_N24.7_20191111_L1A1119942463-1_6144_1024.txt,512,512,0,0,0.462890625,0.9853515625,0.04296875,0.029296875,1.25,22,15,27.5,18.75,18.75,27.5,515.625,1.46666666667
train,train/images/GF6_WFV_E131.6_N24.7_20191111_L1A1119942463-1_7168_15360.png,train/labels/GF6_WFV_E131.6_N24.7_20191111_L1A1119942463-1_7168_15360.txt,512,512,0,0,0.2255859375,0.8251953125,0.037109375,0.041015625,1.25,19,21,23.75,26.25,23.75,26.25,623.4375,1.10526315789
train,train/images/GF6_WFV_E131.6_N24.7_20191111_L1A1119942463-2_16896_17289.png,train/labels/GF6_WFV_E131.6_N24.7_20191111_L1A1119942463-2_16896_17289.txt,512,512,0,0,0.498046875,0.5361328125,0.04296875,0.044921875,1.25,22,23,27.5,28.75,27.5,28.75,790.625,1.04545454545
train,train/images/GF6_WFV_E131.6_N24.7_20191111_L1A1119942463-2_17408_6656.png,train/labels/GF6_WFV_E131.6_N24.7_20191111_L1A1119942463-2_17408_6656.txt,512,512,0,0,0.5537109375,0.501953125,0.048828125,0.0390625,1.25,25,20,31.25,25,25,31.25,781.25,1.25
train,train/images/GF6_WFV_E131.6_N24.7_20191111_L1A1119942463-2_20480_11776.png,train/labels/GF6_WFV_E131.6_N24.7_20191111_L1A1119942463-2_20480_11776.txt,512,512,0,0,0.97265625,0.36328125,0.05078125,0.05859375,1.25,26,30,32.5,37.5,32.5,37.5,1218.75,1.15384615385
train,train/images/GF6_WFV_E131.6_N24.7_20191111_L1A1119942463-2_20992_10752.png,train/labels/GF6_WFV_E131.6_N24.7_20191111_L1A1119942463-2_20992_10752.txt,512,512,0,0,0.5068359375,0.7548828125,0.044921875,0.048828125,1.25,23,25,28.75,31.25,28.75,31.25,898.4375,1.08695652174
train,train/images/GF6_WFV_E131.6_N24.7_20191111_L1A1119942463-3_11264_5632.png,train/labels/GF6_WFV_E131.6_N24.7_20191111_L1A1119942463-3_11264_5632.txt,512,512,0,0,0.958984375,0.26171875,0.046875,0.05859375,1.25,24,30,30,37.5,30,37.5,1125,1.25
train,train/images/GF6_WFV_E131.6_N24.7_20191111_L1A1119942463-3_11281_5632.png,train/labels/GF6_WFV_E131.6_N24.7_20191111_L1A1119942463-3_11281_5632.txt,512,512,0,0,0.9248046875,0.259765625,0.044921875,0.046875,1.25,23,24,28.75,30,28.75,30,862.5,1.04347826087
train,train/images/GF6_WFV_E131.6_N24.9_20190302_L1A1119852281-1_0_0.png,train/labels/GF6_WFV_E131.6_N24.9_20190302_L1A1119852281-1_0_0.txt,512,512,0,0,0.7578125,0.20703125,0.03515625,0.03515625,1.25,18,18,22.5,22.5,22.5,22.5,506.25,1
train,train/images/GF6_WFV_E131.6_N24.9_20190302_L1A1119852281-1_0_1024.png,train/labels/GF6_WFV_E131.6_N24.9_20190302_L1A1119852281-1_0_1024.txt,512,512,0,0,0.3369140625,0.189453125,0.029296875,0.03125,1.25,15,16,18.75,20,18.75,20,375,1.06666666667
train,train/images/GF6_WFV_E131.6_N24.9_20190302_L1A1119852281-1_0_1024.png,train/labels/GF6_WFV_E131.6_N24.9_20190302_L1A1119852281-1_0_1024.txt,512,512,0,1,0.4365234375,0.787109375,0.025390625,0.03125,1.25,13,16,16.25,20,16.25,20,325,1.23076923077
train,train/images/GF6_WFV_E131.6_N24.9_20190302_L1A1119852281-1_0_1024.png,train/labels/GF6_WFV_E131.6_N24.9_20190302_L1A1119852281-1_0_1024.txt,512,512,0,2,0.7998046875,0.8759765625,0.025390625,0.021484375,1.25,13,11,16.25,13.75,13.75,16.25,223.4375,1.18181818182
train,train/images/GF6_WFV_E131.6_N24.9_20190302_L1A1119852281-1_0_1536.png,train/labels/GF6_WFV_E131.6_N24.9_20190302_L1A1119852281-1_0_1536.txt,512,512,0,0,0.564453125,0.80078125,0.02734375,0.02734375,1.25,14,14,17.5,17.5,17.5,17.5,306.25,1
train,train/images/GF6_WFV_E131.6_N24.9_20190302_L1A1119852281-1_0_1536.png,train/labels/GF6_WFV_E131.6_N24.9_20190302_L1A1119852281-1_0_1536.txt,512,512,0,1,0.62109375,0.10546875,0.0234375,0.0234375,1.25,12,12,15,15,15,15,225,1
train,train/images/GF6_WFV_E131.6_N24.9_20190302_L1A1119852281-1_0_1536.png,train/labels/GF6_WFV_E131.6_N24.9_20190302_L1A1119852281-1_0_1536.txt,512,512,0,2,0.6220703125,0.140625,0.021484375,0.0234375,1.25,11,12,13.75,15,13.75,15,206.25,1.09090909091
train,train/images/GF6_WFV_E131.6_N24.9_20190302_L1A1119852281-1_0_6144.png,train/labels/GF6_WFV_E131.6_N24.9_20190302_L1A1119852281-1_0_6144.txt,512,512,0,0,0.421875,0.9599609375,0.0390625,0.041015625,1.25,20,21,25,26.25,25,26.25,656.25,1.05
train,train/images/GF6_WFV_E131.6_N24.9_20190302_L1A1119852281-1_2048_1024.png,train/labels/GF6_WFV_E131.6_N24.9_20190302_L1A1119852281-1_2048_1024.txt,512,512,0,0,0.6513671875,0.5693359375,0.033203125,0.033203125,1.25,17,17,21.25,21.25,21.25,21.25,451.5625,1
train,train/images/GF6_WFV_E131.6_N24.9_20190302_L1A1119852281-1_2560_2048.png,train/labels/GF6_WFV_E131.6_N24.9_20190302_L1A1119852281-1_2560_2048.txt,512,512,0,0,0.7822265625,0.38671875,0.052734375,0.0546875,1.25,27,28,33.75,35,33.75,35,1181.25,1.03703703704
train,train/images/GF6_WFV_E131.6_N24.9_20190302_L1A1119852281-1_5632_3584.png,train/labels/GF6_WFV_E131.6_N24.9_20190302_L1A1119852281-1_5632_3584.txt,512,512,0,0,0.7373046875,0.671875,0.037109375,0.05078125,1.25,19,26,23.75,32.5,23.75,32.5,771.875,1.36842105263
train,train/images/GF6_WFV_E131.6_N24.9_20190302_L1A1119852281-1_7680_15360.png,train/labels/GF6_WFV_E131.6_N24.9_20190302_L1A1119852281-1_7680_15360.txt,512,512,0,0,0.7021484375,0.951171875,0.044921875,0.0546875,1.25,23,28,28.75,35,28.75,35,1006.25,1.21739130435
train,train/images/GF6_WFV_E131.6_N24.9_20190302_L1A1119852281-2_1024_0.png,train/labels/GF6_WFV_E131.6_N24.9_20190302_L1A1119852281-2_1024_0.txt,512,512,0,0,0.15234375,0.166015625,0.03125,0.04296875,1.25,16,22,20,27.5,20,27.5,550,1.375
train,train/images/GF6_WFV_E131.6_N24.9_20190302_L1A1119852281-2_12288_0.png,train/labels/GF6_WFV_E131.6_N24.9_20190302_L1A1119852281-2_12288_0.txt,512,512,0,0,0.4365234375,0.7734375,0.044921875,0.046875,1.25,23,24,28.75,30,28.75,30,862.5,1.04347826087
train,train/images/GF6_WFV_E131.6_N24.9_20190302_L1A1119852281-2_14336_8704.png,train/labels/GF6_WFV_E131.6_N24.9_20190302_L1A1119852281-2_14336_8704.txt,512,512,0,0,0.3466796875,0.1923828125,0.056640625,0.056640625,1.25,29,29,36.25,36.25,36.25,36.25,1314.0625,1
train,train/images/GF6_WFV_E131.6_N24.9_20190302_L1A1119852281-2_8192_4608.png,train/labels/GF6_WFV_E131.6_N24.9_20190302_L1A1119852281-2_8192_4608.txt,512,512,0,0,0.79296875,0.3037109375,0.04296875,0.033203125,1.25,22,17,27.5,21.25,21.25,27.5,584.375,1.29411764706
train,train/images/GF6_WFV_E131.6_N24.9_20190302_L1A1119852281-2_8704_9728.png,train/labels/GF6_WFV_E131.6_N24.9_20190302_L1A1119852281-2_8704_9728.txt,512,512,0,0,0.2333984375,0.6201171875,0.044921875,0.048828125,1.25,23,25,28.75,31.25,28.75,31.25,898.4375,1.08695652174
train,train/images/GF6_WFV_E131.8_N31.4_20200918_L1A1120036753-2_10752_11776.png,train/labels/GF6_WFV_E131.8_N31.4_20200918_L1A1120036753-2_10752_11776.txt,512,512,0,0,0.3759765625,0.755859375,0.068359375,0.0390625,1.25,35,20,43.75,25,25,43.75,1093.75,1.75
train,train/images/GF6_WFV_E131.8_N31.4_20200918_L1A1120036753-2_11264_16773.png,train/labels/GF6_WFV_E131.8_N31.4_20200918_L1A1120036753-2_11264_16773.txt,512,512,0,0,0.5712890625,0.8828125,0.029296875,0.03125,1.25,15,16,18.75,20,18.75,20,375,1.06666666667
train,train/images/GF6_WFV_E131.8_N31.4_20200918_L1A1120036753-2_18944_11264.png,train/labels/GF6_WFV_E131.8_N31.4_20200918_L1A1120036753-2_18944_11264.txt,512,512,0,0,0.0556640625,0.583984375,0.044921875,0.05078125,1.25,23,26,28.75,32.5,28.75,32.5,934.375,1.13043478261
train,train/images/GF6_WFV_E131.8_N31.4_20200918_L1A1120036753-2_21504_512.png,train/labels/GF6_WFV_E131.8_N31.4_20200918_L1A1120036753-2_21504_512.txt,512,512,0,0,0.7197265625,0.5830078125,0.052734375,0.048828125,1.25,27,25,33.75,31.25,31.25,33.75,1054.6875,1.08
train,train/images/GF6_WFV_E131.8_N31.4_20200918_L1A1120036753-2_21904_512.png,train/labels/GF6_WFV_E131.8_N31.4_20200918_L1A1120036753-2_21904_512.txt,512,512,0,0,0.333984375,0.4150390625,0.046875,0.044921875,1.25,24,23,30,28.75,28.75,30,862.5,1.04347826087
train,train/images/GF6_WFV_E131.8_N31.4_20200918_L1A1120036753-2_23440_15872.png,train/labels/GF6_WFV_E131.8_N31.4_20200918_L1A1120036753-2_23440_15872.txt,512,512,0,0,0.18359375,0.4541015625,0.0390625,0.048828125,1.25,20,25,25,31.25,25,31.25,781.25,1.25
train,train/images/GF6_WFV_E131.8_N31.4_20200918_L1A1120036753-2_5120_13312.png,train/labels/GF6_WFV_E131.8_N31.4_20200918_L1A1120036753-2_5120_13312.txt,512,512,0,0,0.3818359375,0.2568359375,0.037109375,0.048828125,1.25,19,25,23.75,31.25,23.75,31.25,742.1875,1.31578947368
train,train/images/GF6_WFV_E131.8_N31.4_20200918_L1A1120036753-3_8704_14336.png,train/labels/GF6_WFV_E131.8_N31.4_20200918_L1A1120036753-3_8704_14336.txt,512,512,0,0,0.6728515625,0.728515625,0.072265625,0.046875,1.25,37,24,46.25,30,30,46.25,1387.5,1.54166666667
train,train/images/GF6_WFV_E131.8_N31.4_20200918_L1A1120036753-3_8704_5632.png,train/labels/GF6_WFV_E131.8_N31.4_20200918_L1A1120036753-3_8704_5632.txt,512,512,0,0,0.2939453125,0.4296875,0.052734375,0.0390625,1.25,27,20,33.75,25,25,33.75,843.75,1.35
train,train/images/GF6_WFV_E131.8_N38.0_20200910_L1A1120034675-1_0_16773.png,train/labels/GF6_WFV_E131.8_N38.0_20200910_L1A1120034675-1_0_16773.txt,512,512,0,0,0.6171875,0.89453125,0.03515625,0.03515625,1.25,18,18,22.5,22.5,22.5,22.5,506.25,1
train,train/images/GF6_WFV_E131.8_N38.0_20200910_L1A1120034675-1_0_17285.png,train/labels/GF6_WFV_E131.8_N38.0_20200910_L1A1120034675-1_0_17285.txt,512,512,0,0,0.6240234375,0.015625,0.044921875,0.03125,1.25,23,16,28.75,20,20,28.75,575,1.4375
train,train/images/GF6_WFV_E131.8_N38.0_20200910_L1A1120034675-1_0_17285.png,train/labels/GF6_WFV_E131.8_N38.0_20200910_L1A1120034675-1_0_17285.txt,512,512,0,1,0.552734375,0.9150390625,0.04296875,0.060546875,1.25,22,31,27.5,38.75,27.5,38.75,1065.625,1.40909090909
train,train/images/GF6_WFV_E131.8_N38.0_20200910_L1A1120034675-1_0_17285.png,train/labels/GF6_WFV_E131.8_N38.0_20200910_L1A1120034675-1_0_17285.txt,512,512,0,2,0.662969283276,0.737305699482,0.0221843003413,0.040414507772,1.25,11.3583617747,20.6922279793,14.1979522184,25.8652849741,14.1979522184,25.8652849741,367.234080178,1.82176165803
train,train/images/GF6_WFV_E131.8_N38.0_20200910_L1A1120034675-1_0_17285.png,train/labels/GF6_WFV_E131.8_N38.0_20200910_L1A1120034675-1_0_17285.txt,512,512,0,3,0.725255972696,0.387046632124,0.0204778156997,0.019689119171,1.25,10.4846416382,10.0808290155,13.1058020478,12.6010362694,12.6010362694,13.1058020478,165.146686944,1.04005748159
train,train/images/GF6_WFV_E131.8_N38.0_20200910_L1A1120034675-1_0_17285.png,train/labels/GF6_WFV_E131.8_N38.0_20200910_L1A1120034675-1_0_17285.txt,512,512,0,4,0.39633105802,0.517616580311,0.0213310580205,0.0176165803109,1.25,10.9215017065,9.01968911917,13.6518771331,11.274611399,11.274611399,13.6518771331,153.919609542,1.21085123469
train,train/images/GF6_WFV_E131.8_N38.0_20200910_L1A1120034675-1_0_17285.png,train/labels/GF6_WFV_E131.8_N38.0_20200910_L1A1120034675-1_0_17285.txt,512,512,0,5,0.488907849829,0.507772020725,0.0238907849829,0.0186528497409,1.25,12.2320819113,9.55025906736,15.2901023891,11.9378238342,11.9378238342,15.2901023891,182.530548728,1.28081152825
train,train/images/GF6_WFV_E131.8_N38.0_20200910_L1A1120034675-1_10240_11776.png,train/labels/GF6_WFV_E131.8_N38.0_20200910_L1A1120034675-1_10240_11776.txt,512,512,0,0,0.482081911263,0.675647668394,0.0204778156997,0.0227979274611,1.25,10.4846416382,11.6725388601,13.1058020478,14.5906735751,13.1058020478,14.5906735751,191.222479619,1.11329879102
train,train/images/GF6_WFV_E131.8_N38.0_20200910_L1A1120034675-1_10240_11776.png,train/labels/GF6_WFV_E131.8_N38.0_20200910_L1A1120034675-1_10240_11776.txt,512,512,0,1,0.461604095563,0.585492227979,0.0153583617747,0.0248704663212,1.25,7.86348122867,12.7336787565,9.82935153584,15.9170984456,9.82935153584,15.9170984456,156.454756052,1.61934369603
train,train/images/GF6_WFV_E131.8_N38.0_20200910_L1A1120034675-1_11776_7168.png,train/labels/GF6_WFV_E131.8_N38.0_20200910_L1A1120034675-1_11776_7168.txt,512,512,0,0,0.8466796875,0.4150390625,0.041015625,0.037109375,1.25,21,19,26.25,23.75,23.75,26.25,623.4375,1.10526315789
train,train/images/GF6_WFV_E131.8_N38.0_20200910_L1A1120034675-1_11904_13824.png,train/labels/GF6_WFV_E131.8_N38.0_20200910_L1A1120034675-1_11904_13824.txt,512,512,0,0,0.8173828125,0.701171875,0.021484375,0.0234375,1.25,11,12,13.75,15,13.75,15,206.25,1.09090909091
train,train/images/GF6_WFV_E131.8_N38.0_20200910_L1A1120034675-1_12416_13824.png,train/labels/GF6_WFV_E131.8_N38.0_20200910_L1A1120034675-1_12416_13824.txt,512,512,0,0,0.94921875,0.9697265625,0.02734375,0.021484375,1.25,14,11,17.5,13.75,13.75,17.5,240.625,1.27272727273
train,train/images/GF6_WFV_E131.8_N38.0_20200910_L1A1120034675-1_12416_13824.png,train/labels/GF6_WFV_E131.8_N38.0_20200910_L1A1120034675-1_12416_13824.txt,512,512,0,1,0.0380859375,0.47265625,0.037109375,0.0234375,1.25,19,12,23.75,15,15,23.75,356.25,1.58333333333
train,train/images/GF6_WFV_E131.8_N38.0_20200910_L1A1120034675-1_12416_13824.png,train/labels/GF6_WFV_E131.8_N38.0_20200910_L1A1120034675-1_12416_13824.txt,512,512,0,2,0.033203125,0.4072265625,0.02734375,0.025390625,1.25,14,13,17.5,16.25,16.25,17.5,284.375,1.07692307692
train,train/images/GF6_WFV_E131.8_N38.0_20200910_L1A1120034675-1_12416_14336.png,train/labels/GF6_WFV_E131.8_N38.0_20200910_L1A1120034675-1_12416_14336.txt,512,512,0,0,0.7109375,0.859375,0.02734375,0.0234375,1.25,14,12,17.5,15,15,17.5,262.5,1.16666666667
train,train/images/GF6_WFV_E131.8_N38.0_20200910_L1A1120034675-1_12416_14336.png,train/labels/GF6_WFV_E131.8_N38.0_20200910_L1A1120034675-1_12416_14336.txt,512,512,0,1,0.796875,0.6640625,0.0390625,0.02734375,1.25,20,14,25,17.5,17.5,25,437.5,1.42857142857
train,train/images/GF6_WFV_E131.8_N38.0_20200910_L1A1120034675-1_12416_14336.png,train/labels/GF6_WFV_E131.8_N38.0_20200910_L1A1120034675-1_12416_14336.txt,512,512,0,2,0.6630859375,0.5185546875,0.033203125,0.021484375,1.25,17,11,21.25,13.75,13.75,21.25,292.1875,1.54545454545
train,train/images/GF6_WFV_E131.8_N38.0_20200910_L1A1120034675-1_12416_14336.png,train/labels/GF6_WFV_E131.8_N38.0_20200910_L1A1120034675-1_12416_14336.txt,512,512,0,3,0.466796875,0.62890625,0.03515625,0.0234375,1.25,18,12,22.5,15,15,22.5,337.5,1.5
train,train/images/GF6_WFV_E131.8_N38.0_20200910_L1A1120034675-1_12416_14336.png,train/labels/GF6_WFV_E131.8_N38.0_20200910_L1A1120034675-1_12416_14336.txt,512,512,0,4,0.0888671875,0.5029296875,0.029296875,0.033203125,1.25,15,17,18.75,21.25,18.75,21.25,398.4375,1.13333333333
train,train/images/GF6_WFV_E131.8_N38.0_20200910_L1A1120034675-1_12416_14336.png,train/labels/GF6_WFV_E131.8_N38.0_20200910_L1A1120034675-1_12416_14336.txt,512,512,0,5,0.14453125,0.4951171875,0.03125,0.021484375,1.25,16,11,20,13.75,13.75,20,275,1.45454545455
train,train/images/GF6_WFV_E131.8_N38.0_20200910_L1A1120034675-1_12416_14336.png,train/labels/GF6_WFV_E131.8_N38.0_20200910_L1A1120034675-1_12416_14336.txt,512,512,0,6,0.1865234375,0.4814453125,0.041015625,0.025390625,1.25,21,13,26.25,16.25,16.25,26.25,426.5625,1.61538461538
train,train/images/GF6_WFV_E131.8_N38.0_20200910_L1A1120034675-1_12416_14336.png,train/labels/GF6_WFV_E131.8_N38.0_20200910_L1A1120034675-1_12416_14336.txt,512,512,0,7,0.2666015625,0.392578125,0.037109375,0.0390625,1.25,19,20,23.75,25,23.75,25,593.75,1.05263157895
train,train/images/GF6_WFV_E131.8_N38.0_20200910_L1A1120034675-1_12416_14336.png,train/labels/GF6_WFV_E131.8_N38.0_20200910_L1A1120034675-1_12416_14336.txt,512,512,0,8,0.298828125,0.353515625,0.03125,0.0234375,1.25,16,12,20,15,15,20,300,1.33333333333
train,train/images/GF6_WFV_E131.8_N38.0_20200910_L1A1120034675-1_12928_13824.png,train/labels/GF6_WFV_E131.8_N38.0_20200910_L1A1120034675-1_12928_13824.txt,512,512,0,0,0.1630859375,0.890625,0.033203125,0.03125,1.25,17,16,21.25,20,20,21.25,425,1.0625
train,train/images/GF6_WFV_E131.8_N38.0_20200910_L1A1120034675-1_12928_14336.png,train/labels/GF6_WFV_E131.8_N38.0_20200910_L1A1120034675-1_12928_14336.txt,512,512,0,0,0.26953125,0.9619140625,0.03515625,0.029296875,1.25,18,15,22.5,18.75,18.75,22.5,421.875,1.2
train,train/images/GF6_WFV_E131.8_N38.0_20200910_L1A1120034675-1_12928_14336.png,train/labels/GF6_WFV_E131.8_N38.0_20200910_L1A1120034675-1_12928_14336.txt,512,512,0,1,0.561433447099,0.523316062176,0.0204778156997,0.020725388601,1.25,10.4846416382,10.6113989637,13.1058020478,13.2642487047,13.1058020478,13.2642487047,173.838617836,1.01208981002
train,train/images/GF6_WFV_E131.8_N38.0_20200910_L1A1120034675-1_13440_15872.png,train/labels/GF6_WFV_E131.8_N38.0_20200910_L1A1120034675-1_13440_15872.txt,512,512,0,0,0.59765625,0.376953125,0.03125,0.0234375,1.25,16,12,20,15,15,20,300,1.33333333333
train,train/images/GF6_WFV_E131.8_N38.0_20200910_L1A1120034675-1_13440_15872.png,train/labels/GF6_WFV_E131.8_N38.0_20200910_L1A1120034675-1_13440_15872.txt,512,512,0,1,0.7900390625,0.3515625,0.029296875,0.0234375,1.25,15,12,18.75,15,15,18.75,281.25,1.25
train,train/images/GF6_WFV_E131.8_N38.0_20200910_L1A1120034675-1_13440_15872.png,train/labels/GF6_WFV_E131.8_N38.0_20200910_L1A1120034675-1_13440_15872.txt,512,512,0,2,0.3203125,0.392578125,0.03515625,0.0234375,1.25,18,12,22.5,15,15,22.5,337.5,1.5
train,train/images/GF6_WFV_E131.8_N38.0_20200910_L1A1120034675-1_8704_9216.png,train/labels/GF6_WFV_E131.8_N38.0_20200910_L1A1120034675-1_8704_9216.txt,512,512,0,0,0.208984375,0.048828125,0.0234375,0.02734375,1.25,12,14,15,17.5,15,17.5,262.5,1.16666666667
train,train/images/GF6_WFV_E131.8_N38.0_20200910_L1A1120034675-1_8704_9216.png,train/labels/GF6_WFV_E131.8_N38.0_20200910_L1A1120034675-1_8704_9216.txt,512,512,0,1,0.4990234375,0.8974609375,0.025390625,0.033203125,1.25,13,17,16.25,21.25,16.25,21.25,345.3125,1.30769230769
train,train/images/GF6_WFV_E131.8_N38.0_20200910_L1A1120034675-1_8704_9216.png,train/labels/GF6_WFV_E131.8_N38.0_20200910_L1A1120034675-1_8704_9216.txt,512,512,0,2,0.3310546875,0.732421875,0.025390625,0.0234375,1.25,13,12,16.25,15,15,16.25,243.75,1.08333333333
train,train/images/GF6_WFV_E131.8_N38.0_20200910_L1A1120034675-1_8704_9216.png,train/labels/GF6_WFV_E131.8_N38.0_20200910_L1A1120034675-1_8704_9216.txt,512,512,0,3,0.3447265625,0.7451171875,0.021484375,0.021484375,1.25,11,11,13.75,13.75,13.75,13.75,189.0625,1
train,train/images/GF6_WFV_E131.8_N38.0_20200910_L1A1120034675-1_8704_9216.png,train/labels/GF6_WFV_E131.8_N38.0_20200910_L1A1120034675-1_8704_9216.txt,512,512,0,4,0.1298828125,0.310546875,0.021484375,0.01953125,1.25,11,10,13.75,12.5,12.5,13.75,171.875,1.1
train,train/images/GF6_WFV_E131.8_N38.0_20200910_L1A1120034675-1_8704_9216.png,train/labels/GF6_WFV_E131.8_N38.0_20200910_L1A1120034675-1_8704_9216.txt,512,512,0,5,0.0673828125,0.3173828125,0.021484375,0.021484375,1.25,11,11,13.75,13.75,13.75,13.75,189.0625,1
train,train/images/GF6_WFV_E131.8_N38.0_20200910_L1A1120034675-1_8704_9216.png,train/labels/GF6_WFV_E131.8_N38.0_20200910_L1A1120034675-1_8704_9216.txt,512,512,0,6,0.05859375,0.2998046875,0.01953125,0.021484375,1.25,10,11,12.5,13.75,12.5,13.75,171.875,1.1
train,train/images/GF6_WFV_E131.8_N38.0_20200910_L1A1120034675-1_9728_10752.png,train/labels/GF6_WFV_E131.8_N38.0_20200910_L1A1120034675-1_9728_10752.txt,512,512,0,0,0.3525390625,0.0947265625,0.025390625,0.029296875,1.25,13,15,16.25,18.75,16.25,18.75,304.6875,1.15384615385
train,train/images/GF6_WFV_E131.8_N38.0_20200910_L1A1120034675-1_9728_10752.png,train/labels/GF6_WFV_E131.8_N38.0_20200910_L1A1120034675-1_9728_10752.txt,512,512,0,1,0.41796875,0.5771484375,0.0234375,0.025390625,1.25,12,13,15,16.25,15,16.25,243.75,1.08333333333
train,train/images/GF6_WFV_E131.8_N38.0_20200910_L1A1120034675-1_9728_11264.png,train/labels/GF6_WFV_E131.8_N38.0_20200910_L1A1120034675-1_9728_11264.txt,512,512,0,0,0.5810546875,0.236328125,0.029296875,0.03125,1.25,15,16,18.75,20,18.75,20,375,1.06666666667
train,train/images/GF6_WFV_E131.8_N38.0_20200910_L1A1120034675-1_9728_11264.png,train/labels/GF6_WFV_E131.8_N38.0_20200910_L1A1120034675-1_9728_11264.txt,512,512,0,1,0.6591796875,0.373046875,0.033203125,0.02734375,1.25,17,14,21.25,17.5,17.5,21.25,371.875,1.21428571429
train,train/images/GF6_WFV_E131.8_N38.0_20200910_L1A1120034675-2_0_15360.png,train/labels/GF6_WFV_E131.8_N38.0_20200910_L1A1120034675-2_0_15360.txt,512,512,0,0,0.0322265625,0.83203125,0.033203125,0.02734375,1.25,17,14,21.25,17.5,17.5,21.25,371.875,1.21428571429
train,train/images/GF6_WFV_E131.8_N38.0_20200910_L1A1120034675-2_0_15360.png,train/labels/GF6_WFV_E131.8_N38.0_20200910_L1A1120034675-2_0_15360.txt,512,512,0,1,0.897184300341,0.663730569948,0.0196245733788,0.0259067357513,1.25,10.04778157,13.2642487047,12.5597269625,16.5803108808,12.5597269625,16.5803108808,208.244177616,1.3201171435
train,train/images/GF6_WFV_E131.8_N38.0_20200910_L1A1120034675-2_0_16773.png,train/labels/GF6_WFV_E131.8_N38.0_20200910_L1A1120034675-2_0_16773.txt,512,512,0,0,0.6630859375,0.9765625,0.029296875,0.03125,1.25,15,16,18.75,20,18.75,20,375,1.06666666667
train,train/images/GF6_WFV_E131.8_N38.0_20200910_L1A1120034675-2_0_16773.png,train/labels/GF6_WFV_E131.8_N38.0_20200910_L1A1120034675-2_0_16773.txt,512,512,0,1,0.877133105802,0.469430051813,0.018771331058,0.020725388601,1.25,9.61092150171,10.6113989637,12.0136518771,13.2642487047,12.0136518771,13.2642487047,159.35206635,1.10409797456
train,train/images/GF6_WFV_E131.8_N38.0_20200910_L1A1120034675-2_0_16896.png,train/labels/GF6_WFV_E131.8_N38.0_20200910_L1A1120034675-2_0_16896.txt,512,512,0,0,0.66015625,0.7392578125,0.01953125,0.021484375,1.25,10,11,12.5,13.75,12.5,13.75,171.875,1.1
train,train/images/GF6_WFV_E131.8_N38.0_20200910_L1A1120034675-2_0_16896.png,train/labels/GF6_WFV_E131.8_N38.0_20200910_L1A1120034675-2_0_16896.txt,512,512,0,1,0.876706484642,0.228497409326,0.0179180887372,0.0259067357513,1.25,9.17406143345,13.2642487047,11.4675767918,16.5803108808,11.4675767918,16.5803108808,190.135988258,1.44584258574
train,train/images/GF6_WFV_E131.8_N38.0_20200910_L1A1120034675-2_0_17285.png,train/labels/GF6_WFV_E131.8_N38.0_20200910_L1A1120034675-2_0_17285.txt,512,512,0,0,0.8427734375,0.8974609375,0.029296875,0.025390625,1.25,15,13,18.75,16.25,16.25,18.75,304.6875,1.15384615385
train,train/images/GF6_WFV_E131.8_N38.0_20200910_L1A1120034675-2_0_17285.png,train/labels/GF6_WFV_E131.8_N38.0_20200910_L1A1120034675-2_0_17285.txt,512,512,0,1,0.9248046875,0.888671875,0.029296875,0.015625,1.25,15,8,18.75,10,10,18.75,187.5,1.875
train,train/images/GF6_WFV_E131.8_N38.0_20200910_L1A1120034675-2_0_17285.png,train/labels/GF6_WFV_E131.8_N38.0_20200910_L1A1120034675-2_0_17285.txt,512,512,0,2,0.9453125,0.908203125,0.03515625,0.01953125,1.25,18,10,22.5,12.5,12.5,22.5,281.25,1.8
train,train/images/GF6_WFV_E131.8_N38.0_20200910_L1A1120034675-2_0_8192.png,train/labels/GF6_WFV_E131.8_N38.0_20200910_L1A1120034675-2_0_8192.txt,512,512,0,0,0.1826171875,0.9296875,0.037109375,0.03125,1.25,19,16,23.75,20,20,23.75,475,1.1875
train,train/images/GF6_WFV_E131.8_N38.0_20200910_L1A1120034675-2_15360_13824.png,train/labels/GF6_WFV_E131.8_N38.0_20200910_L1A1120034675-2_15360_13824.txt,512,512,0,0,0.009765625,0.2421875,0.01953125,0.03125,1.25,10,16,12.5,20,12.5,20,250,1.6
train,train/images/GF6_WFV_E131.8_N38.0_20200910_L1A1120034675-2_1536_12800.png,train/labels/GF6_WFV_E131.8_N38.0_20200910_L1A1120034675-2_1536_12800.txt,512,512,0,0,0.3408203125,0.3603515625,0.044921875,0.025390625,1.25,23,13,28.75,16.25,16.25,28.75,467.1875,1.76923076923
train,train/images/GF6_WFV_E131.8_N38.0_20200910_L1A1120034675-2_17408_15360.png,train/labels/GF6_WFV_E131.8_N38.0_20200910_L1A1120034675-2_17408_15360.txt,512,512,0,0,0.87109375,0.4404296875,0.03515625,0.033203125,1.25,18,17,22.5,21.25,21.25,22.5,478.125,1.05882352941
train,train/images/GF6_WFV_E131.8_N38.0_20200910_L1A1120034675-2_18432_12288.png,train/labels/GF6_WFV_E131.8_N38.0_20200910_L1A1120034675-2_18432_12288.txt,512,512,0,0,0.904296875,0.8994140625,0.04296875,0.041015625,1.25,22,21,27.5,26.25,26.25,27.5,721.875,1.04761904762
train,train/images/GF6_WFV_E131.8_N38.0_20200910_L1A1120034675-2_18944_11264.png,train/labels/GF6_WFV_E131.8_N38.0_20200910_L1A1120034675-2_18944_11264.txt,512,512,0,0,0.505859375,0.986328125,0.02734375,0.02734375,1.25,14,14,17.5,17.5,17.5,17.5,306.25,1
train,train/images/GF6_WFV_E131.8_N38.0_20200910_L1A1120034675-2_19456_12288.png,train/labels/GF6_WFV_E131.8_N38.0_20200910_L1A1120034675-2_19456_12288.txt,512,512,0,0,0.986328125,0.814453125,0.02734375,0.03125,1.25,14,16,17.5,20,17.5,20,350,1.14285714286
train,train/images/GF6_WFV_E131.8_N38.0_20200910_L1A1120034675-2_19968_12800.png,train/labels/GF6_WFV_E131.8_N38.0_20200910_L1A1120034675-2_19968_12800.txt,512,512,0,0,0.39453125,0.435546875,0.03515625,0.02734375,1.25,18,14,22.5,17.5,17.5,22.5,393.75,1.28571428571
train,train/images/GF6_WFV_E131.8_N38.0_20200910_L1A1120034675-2_2048_2048.png,train/labels/GF6_WFV_E131.8_N38.0_20200910_L1A1120034675-2_2048_2048.txt,512,512,0,0,0.1748046875,0.1591796875,0.029296875,0.037109375,1.25,15,19,18.75,23.75,18.75,23.75,445.3125,1.26666666667
train,train/images/GF6_WFV_E131.8_N38.0_20200910_L1A1120034675-2_22928_9216.png,train/labels/GF6_WFV_E131.8_N38.0_20200910_L1A1120034675-2_22928_9216.txt,512,512,0,0,0.65234375,0.1982421875,0.05078125,0.048828125,1.25,26,25,32.5,31.25,31.25,32.5,1015.625,1.04
train,train/images/GF6_WFV_E131.8_N38.0_20200910_L1A1120034675-2_2560_10752.png,train/labels/GF6_WFV_E131.8_N38.0_20200910_L1A1120034675-2_2560_10752.txt,512,512,0,0,0.068359375,0.2119140625,0.03125,0.037109375,1.25,16,19,20,23.75,20,23.75,475,1.1875
train,train/images/GF6_WFV_E131.8_N38.0_20200910_L1A1120034675-2_2560_10752.png,train/labels/GF6_WFV_E131.8_N38.0_20200910_L1A1120034675-2_2560_10752.txt,512,512,0,1,0.3232421875,0.6953125,0.029296875,0.0390625,1.25,15,20,18.75,25,18.75,25,468.75,1.33333333333
train,train/images/GF6_WFV_E131.8_N38.0_20200910_L1A1120034675-2_2560_12800.png,train/labels/GF6_WFV_E131.8_N38.0_20200910_L1A1120034675-2_2560_12800.txt,512,512,0,0,0.5322265625,0.703125,0.068359375,0.03125,1.25,35,16,43.75,20,20,43.75,875,2.1875
train,train/images/GF6_WFV_E131.8_N38.0_20200910_L1A1120034675-2_3072_12288.png,train/labels/GF6_WFV_E131.8_N38.0_20200910_L1A1120034675-2_3072_12288.txt,512,512,0,0,0.7119140625,0.3271484375,0.033203125,0.025390625,1.25,17,13,21.25,16.25,16.25,21.25,345.3125,1.30769230769
train,train/images/GF6_WFV_E131.8_N38.0_20200910_L1A1120034675-2_3072_12800.png,train/labels/GF6_WFV_E131.8_N38.0_20200910_L1A1120034675-2_3072_12800.txt,512,512,0,0,0.59375,0.1796875,0.046875,0.03125,1.25,24,16,30,20,20,30,600,1.5
train,train/images/GF6_WFV_E131.8_N38.0_20200910_L1A1120034675-2_3072_14848.png,train/labels/GF6_WFV_E131.8_N38.0_20200910_L1A1120034675-2_3072_14848.txt,512,512,0,0,0.34765625,0.5263671875,0.03125,0.029296875,1.25,16,15,20,18.75,18.75,20,375,1.06666666667
train,train/images/GF6_WFV_E131.8_N38.0_20200910_L1A1120034675-2_4096_17285.png,train/labels/GF6_WFV_E131.8_N38.0_20200910_L1A1120034675-2_4096_17285.txt,512,512,0,0,0.08984375,0.56640625,0.02734375,0.04296875,1.25,14,22,17.5,27.5,17.5,27.5,481.25,1.57142857143
train,train/images/GF6_WFV_E131.8_N38.0_20200910_L1A1120034675-2_4608_16384.png,train/labels/GF6_WFV_E131.8_N38.0_20200910_L1A1120034675-2_4608_16384.txt,512,512,0,0,0.1806640625,0.2666015625,0.048828125,0.048828125,1.25,25,25,31.25,31.25,31.25,31.25,976.5625,1
train,train/images/GF6_WFV_E131.8_N38.0_20200910_L1A1120034675-2_4608_16384.png,train/labels/GF6_WFV_E131.8_N38.0_20200910_L1A1120034675-2_4608_16384.txt,512,512,0,1,0.06640625,0.4814453125,0.0234375,0.021484375,1.25,12,11,15,13.75,13.75,15,206.25,1.09090909091
train,train/images/GF6_WFV_E131.8_N38.0_20200910_L1A1120034675-2_4608_16384.png,train/labels/GF6_WFV_E131.8_N38.0_20200910_L1A1120034675-2_4608_16384.txt,512,512,0,2,0.12890625,0.46875,0.02734375,0.0234375,1.25,14,12,17.5,15,15,17.5,262.5,1.16666666667
train,train/images/GF6_WFV_E131.8_N38.0_20200910_L1A1120034675-2_4608_16896.png,train/labels/GF6_WFV_E131.8_N38.0_20200910_L1A1120034675-2_4608_16896.txt,512,512,0,0,0.921875,0.650390625,0.03515625,0.05078125,1.25,18,26,22.5,32.5,22.5,32.5,731.25,1.44444444444
train,train/images/GF6_WFV_E131.8_N38.0_20200910_L1A1120034675-2_4608_6144.png,train/labels/GF6_WFV_E131.8_N38.0_20200910_L1A1120034675-2_4608_6144.txt,512,512,0,0,0.878412969283,0.564248704663,0.0196245733788,0.0217616580311,1.25,10.04778157,11.1419689119,12.5597269625,13.9274611399,12.5597269625,13.9274611399,174.925109197,1.10889840054
train,train/images/GF6_WFV_E131.8_N38.0_20200910_L1A1120034675-2_4608_6656.png,train/labels/GF6_WFV_E131.8_N38.0_20200910_L1A1120034675-2_4608_6656.txt,512,512,0,0,0.7568359375,0.6015625,0.033203125,0.03515625,1.25,17,18,21.25,22.5,21.25,22.5,478.125,1.05882352941
train,train/images/GF6_WFV_E131.8_N38.0_20200910_L1A1120034675-2_5120_10240.png,train/labels/GF6_WFV_E131.8_N38.0_20200910_L1A1120034675-2_5120_10240.txt,512,512,0,0,0.634765625,0.265625,0.04296875,0.0546875,1.25,22,28,27.5,35,27.5,35,962.5,1.27272727273
train,train/images/GF6_WFV_E131.8_N38.0_20200910_L1A1120034675-2_5120_13312.png,train/labels/GF6_WFV_E131.8_N38.0_20200910_L1A1120034675-2_5120_13312.txt,512,512,0,0,0.560546875,0.9833984375,0.0390625,0.033203125,1.25,20,17,25,21.25,21.25,25,531.25,1.17647058824
train,train/images/GF6_WFV_E131.8_N38.0_20200910_L1A1120034675-2_5120_14336.png,train/labels/GF6_WFV_E131.8_N38.0_20200910_L1A1120034675-2_5120_14336.txt,512,512,0,0,0.330078125,0.529296875,0.02734375,0.0390625,1.25,14,20,17.5,25,17.5,25,437.5,1.42857142857
train,train/images/GF6_WFV_E131.8_N38.0_20200910_L1A1120034675-2_5632_16384.png,train/labels/GF6_WFV_E131.8_N38.0_20200910_L1A1120034675-2_5632_16384.txt,512,512,0,0,0.28515625,0.912109375,0.046875,0.05078125,1.25,24,26,30,32.5,30,32.5,975,1.08333333333
train,train/images/GF6_WFV_E131.8_N38.0_20200910_L1A1120034675-2_5632_16384.png,train/labels/GF6_WFV_E131.8_N38.0_20200910_L1A1120034675-2_5632_16384.txt,512,512,0,1,0.8359375,0.2822265625,0.05859375,0.052734375,1.25,30,27,37.5,33.75,33.75,37.5,1265.625,1.11111111111
train,train/images/GF6_WFV_E131.8_N38.0_20200910_L1A1120034675-2_5632_16773.png,train/labels/GF6_WFV_E131.8_N38.0_20200910_L1A1120034675-2_5632_16773.txt,512,512,0,0,0.291015625,0.1484375,0.03515625,0.05078125,1.25,18,26,22.5,32.5,22.5,32.5,731.25,1.44444444444
train,train/images/GF6_WFV_E131.8_N38.0_20200910_L1A1120034675-2_8192_7168.png,train/labels/GF6_WFV_E131.8_N38.0_20200910_L1A1120034675-2_8192_7168.txt,512,512,0,0,0.662109375,0.3291015625,0.0625,0.025390625,1.25,32,13,40,16.25,16.25,40,650,2.46153846154
train,train/images/GF6_WFV_E131.8_N38.0_20200910_L1A1120034675-2_8704_7168.png,train/labels/GF6_WFV_E131.8_N38.0_20200910_L1A1120034675-2_8704_7168.txt,512,512,0,0,0.7109375,0.921875,0.03515625,0.03515625,1.25,18,18,22.5,22.5,22.5,22.5,506.25,1
train,train/images/GF6_WFV_E131.8_N38.0_20200910_L1A1120034675-2_8704_7168.png,train/labels/GF6_WFV_E131.8_N38.0_20200910_L1A1120034675-2_8704_7168.txt,512,512,0,1,0.716796875,0.978515625,0.03125,0.03515625,1.25,16,18,20,22.5,20,22.5,450,1.125
train,train/images/GF6_WFV_E131.8_N38.0_20200910_L1A1120034675-3_11264_3072.png,train/labels/GF6_WFV_E131.8_N38.0_20200910_L1A1120034675-3_11264_3072.txt,512,512,0,0,0.74609375,0.91015625,0.03125,0.0390625,1.25,16,20,20,25,20,25,500,1.25
train,train/images/GF6_WFV_E131.8_N38.0_20200910_L1A1120034675-3_11281_3072.png,train/labels/GF6_WFV_E131.8_N38.0_20200910_L1A1120034675-3_11281_3072.txt,512,512,0,0,0.71484375,0.9091796875,0.0390625,0.037109375,1.25,20,19,25,23.75,23.75,25,593.75,1.05263157895
train,train/images/GF6_WFV_E131.8_N38.0_20200910_L1A1120034675-3_1536_5120.png,train/labels/GF6_WFV_E131.8_N38.0_20200910_L1A1120034675-3_1536_5120.txt,512,512,0,0,0.0126953125,0.3740234375,0.025390625,0.052734375,1.25,13,27,16.25,33.75,16.25,33.75,548.4375,2.07692307692
train,train/images/GF6_WFV_E131.8_N38.0_20200910_L1A1120034675-3_2560_9216.png,train/labels/GF6_WFV_E131.8_N38.0_20200910_L1A1120034675-3_2560_9216.txt,512,512,0,0,0.068359375,0.1953125,0.0390625,0.0390625,1.25,20,20,25,25,25,25,625,1
train,train/images/GF6_WFV_E131.8_N38.0_20200910_L1A1120034675-3_5120_0.png,train/labels/GF6_WFV_E131.8_N38.0_20200910_L1A1120034675-3_5120_0.txt,512,512,0,0,0.3740234375,0.212890625,0.056640625,0.046875,1.25,29,24,36.25,30,30,36.25,1087.5,1.20833333333
train,train/images/GF6_WFV_E131.8_N38.0_20200910_L1A1120034675-3_5632_2048.png,train/labels/GF6_WFV_E131.8_N38.0_20200910_L1A1120034675-3_5632_2048.txt,512,512,0,0,0.53515625,0.5986328125,0.0390625,0.048828125,1.25,20,25,25,31.25,25,31.25,781.25,1.25
train,train/images/GF6_WFV_E131.9_N22.4_20190604_L1A1119887740-1_5120_0.png,train/labels/GF6_WFV_E131.9_N22.4_20190604_L1A1119887740-1_5120_0.txt,512,512,0,0,0.1787109375,0.63671875,0.041015625,0.0390625,1.25,21,20,26.25,25,25,26.25,656.25,1.05
train,train/images/GF6_WFV_E131.9_N22.4_20190604_L1A1119887740-2_21904_3072.png,train/labels/GF6_WFV_E131.9_N22.4_20190604_L1A1119887740-2_21904_3072.txt,512,512,0,0,0.2255859375,0.5478515625,0.060546875,0.052734375,1.25,31,27,38.75,33.75,33.75,38.75,1307.8125,1.14814814815
train,train/images/GF6_WFV_E131.9_N22.4_20190604_L1A1119887740-2_22016_3072.png,train/labels/GF6_WFV_E131.9_N22.4_20190604_L1A1119887740-2_22016_3072.txt,512,512,0,0,0.0146484375,0.544921875,0.029296875,0.046875,1.25,15,24,18.75,30,18.75,30,562.5,1.6
train,train/images/GF6_WFV_E131.9_N22.4_20190604_L1A1119887740-2_3584_10240.png,train/labels/GF6_WFV_E131.9_N22.4_20190604_L1A1119887740-2_3584_10240.txt,512,512,0,0,0.1005859375,0.8837890625,0.044921875,0.033203125,1.25,23,17,28.75,21.25,21.25,28.75,610.9375,1.35294117647
train,train/images/GF6_WFV_E131.9_N22.4_20190604_L1A1119887740-2_9728_11264.png,train/labels/GF6_WFV_E131.9_N22.4_20190604_L1A1119887740-2_9728_11264.txt,512,512,0,0,0.0419921875,0.42578125,0.041015625,0.05859375,1.25,21,30,26.25,37.5,26.25,37.5,984.375,1.42857142857
train,train/images/GF6_WFV_E131.9_N26.9_20190523_L1A1119882283-1_0_14336.png,train/labels/GF6_WFV_E131.9_N26.9_20190523_L1A1119882283-1_0_14336.txt,512,512,0,0,0.8310546875,0.185546875,0.041015625,0.04296875,1.25,21,22,26.25,27.5,26.25,27.5,721.875,1.04761904762
train,train/images/GF6_WFV_E131.9_N26.9_20190523_L1A1119882283-1_0_16777.png,train/labels/GF6_WFV_E131.9_N26.9_20190523_L1A1119882283-1_0_16777.txt,512,512,0,0,0.25,0.6025390625,0.0390625,0.029296875,1.25,20,15,25,18.75,18.75,25,468.75,1.33333333333
train,train/images/GF6_WFV_E131.9_N26.9_20190523_L1A1119882283-1_0_16777.png,train/labels/GF6_WFV_E131.9_N26.9_20190523_L1A1119882283-1_0_16777.txt,512,512,0,1,0.982421875,0.6904296875,0.03515625,0.029296875,1.25,18,15,22.5,18.75,18.75,22.5,421.875,1.2
train,train/images/GF6_WFV_E131.9_N26.9_20190523_L1A1119882283-1_0_16896.png,train/labels/GF6_WFV_E131.9_N26.9_20190523_L1A1119882283-1_0_16896.txt,512,512,0,0,0.2509765625,0.3701171875,0.037109375,0.029296875,1.25,19,15,23.75,18.75,18.75,23.75,445.3125,1.26666666667
train,train/images/GF6_WFV_E131.9_N26.9_20190523_L1A1119882283-1_0_16896.png,train/labels/GF6_WFV_E131.9_N26.9_20190523_L1A1119882283-1_0_16896.txt,512,512,0,1,0.9814453125,0.458984375,0.037109375,0.02734375,1.25,19,14,23.75,17.5,17.5,23.75,415.625,1.35714285714
train,train/images/GF6_WFV_E131.9_N26.9_20190523_L1A1119882283-1_1024_13824.png,train/labels/GF6_WFV_E131.9_N26.9_20190523_L1A1119882283-1_1024_13824.txt,512,512,0,0,0.564846416382,0.0523316062176,0.0273037542662,0.0217616580311,1.25,13.9795221843,11.1419689119,17.4744027304,13.9274611399,13.9274611399,17.4744027304,243.37406497,1.25467251747
train,train/images/GF6_WFV_E131.9_N26.9_20190523_L1A1119882283-1_1536_13824.png,train/labels/GF6_WFV_E131.9_N26.9_20190523_L1A1119882283-1_1536_13824.txt,512,512,0,0,0.1328125,0.3115234375,0.03515625,0.033203125,1.25,18,17,22.5,21.25,21.25,22.5,478.125,1.05882352941
train,train/images/GF6_WFV_E131.9_N26.9_20190523_L1A1119882283-1_1536_13824.png,train/labels/GF6_WFV_E131.9_N26.9_20190523_L1A1119882283-1_1536_13824.txt,512,512,0,1,0.306313993174,0.520725388601,0.0221843003413,0.0217616580311,1.25,11.3583617747,11.1419689119,14.1979522184,13.9274611399,13.9274611399,14.1979522184,197.741427788,1.01942142045
train,train/images/GF6_WFV_E131.9_N26.9_20190523_L1A1119882283-1_2048_12288.png,train/labels/GF6_WFV_E131.9_N26.9_20190523_L1A1119882283-1_2048_12288.txt,512,512,0,0,0.0908203125,0.53125,0.041015625,0.05078125,1.25,21,26,26.25,32.5,26.25,32.5,853.125,1.2380952381
train,train/images/GF6_WFV_E131.9_N26.9_20190523_L1A1119882283-1_2048_17289.png,train/labels/GF6_WFV_E131.9_N26.9_20190523_L1A1119882283-1_2048_17289.txt,512,512,0,0,0.419921875,0.44140625,0.03125,0.03515625,1.25,16,18,20,22.5,20,22.5,450,1.125
train,train/images/GF6_WFV_E131.9_N26.9_20190523_L1A1119882283-1_2560_16384.png,train/labels/GF6_WFV_E131.9_N26.9_20190523_L1A1119882283-1_2560_16384.txt,512,512,0,0,0.947265625,0.53515625,0.03515625,0.0390625,1.25,18,20,22.5,25,22.5,25,562.5,1.11111111111
train,train/images/GF6_WFV_E131.9_N26.9_20190523_L1A1119882283-1_2560_16896.png,train/labels/GF6_WFV_E131.9_N26.9_20190523_L1A1119882283-1_2560_16896.txt,512,512,0,0,0.37109375,0.30859375,0.0546875,0.03515625,1.25,28,18,35,22.5,22.5,35,787.5,1.55555555556
train,train/images/GF6_WFV_E131.9_N26.9_20190523_L1A1119882283-1_3584_15872.png,train/labels/GF6_WFV_E131.9_N26.9_20190523_L1A1119882283-1_3584_15872.txt,512,512,0,0,0.5751953125,0.63671875,0.056640625,0.0546875,1.25,29,28,36.25,35,35,36.25,1268.75,1.03571428571
train,train/images/GF6_WFV_E131.9_N26.9_20190523_L1A1119882283-1_5120_7680.png,train/labels/GF6_WFV_E131.9_N26.9_20190523_L1A1119882283-1_5120_7680.txt,512,512,0,0,0.2587890625,0.2392578125,0.052734375,0.052734375,1.25,27,27,33.75,33.75,33.75,33.75,1139.0625,1
train,train/images/GF6_WFV_E131.9_N26.9_20190523_L1A1119882283-1_6144_7168.png,train/labels/GF6_WFV_E131.9_N26.9_20190523_L1A1119882283-1_6144_7168.txt,512,512,0,0,0.400390625,0.724609375,0.05078125,0.0546875,1.25,26,28,32.5,35,32.5,35,1137.5,1.07692307692
train,train/images/GF6_WFV_E131.9_N26.9_20190523_L1A1119882283-1_6656_5120.png,train/labels/GF6_WFV_E131.9_N26.9_20190523_L1A1119882283-1_6656_5120.txt,512,512,0,0,0.634765625,0.9404296875,0.0546875,0.056640625,1.25,28,29,35,36.25,35,36.25,1268.75,1.03571428571
train,train/images/GF6_WFV_E131.9_N26.9_20190523_L1A1119882283-1_6656_5120.png,train/labels/GF6_WFV_E131.9_N26.9_20190523_L1A1119882283-1_6656_5120.txt,512,512,0,1,0.9619140625,0.2041015625,0.025390625,0.025390625,1.25,13,13,16.25,16.25,16.25,16.25,264.0625,1
train,train/images/GF6_WFV_E131.9_N26.9_20190523_L1A1119882283-1_8704_1536.png,train/labels/GF6_WFV_E131.9_N26.9_20190523_L1A1119882283-1_8704_1536.txt,512,512,0,0,0.451171875,0.9443359375,0.03515625,0.037109375,1.25,18,19,22.5,23.75,22.5,23.75,534.375,1.05555555556
train,train/images/GF6_WFV_E131.9_N26.9_20190523_L1A1119882283-1_8704_7680.png,train/labels/GF6_WFV_E131.9_N26.9_20190523_L1A1119882283-1_8704_7680.txt,512,512,0,0,0.12890625,0.75390625,0.05078125,0.05859375,1.25,26,30,32.5,37.5,32.5,37.5,1218.75,1.15384615385
train,train/images/GF6_WFV_E131.9_N26.9_20190523_L1A1119882283-2_3584_7168.png,train/labels/GF6_WFV_E131.9_N26.9_20190523_L1A1119882283-2_3584_7168.txt,512,512,0,0,0.396484375,0.5732421875,0.0625,0.044921875,1.25,32,23,40,28.75,28.75,40,1150,1.39130434783
train,train/images/GF6_WFV_E132.0_N24.7_20200530_L1A1120002373-1_12928_8192.png,train/labels/GF6_WFV_E132.0_N24.7_20200530_L1A1120002373-1_12928_8192.txt,512,512,0,0,0.2685546875,0.9501953125,0.041015625,0.033203125,1.25,21,17,26.25,21.25,21.25,26.25,557.8125,1.23529411765
train,train/images/GF6_WFV_E132.0_N24.7_20200530_L1A1120002373-2_20480_7168.png,train/labels/GF6_WFV_E132.0_N24.7_20200530_L1A1120002373-2_20480_7168.txt,512,512,0,0,0.5703125,0.779296875,0.05078125,0.0546875,1.25,26,28,32.5,35,32.5,35,1137.5,1.07692307692
train,train/images/GF6_WFV_E132.0_N26.9_20190302_L1A1119852268-1_0_14848.png,train/labels/GF6_WFV_E132.0_N26.9_20190302_L1A1119852268-1_0_14848.txt,512,512,0,0,0.7578125,0.29296875,0.03125,0.03125,1.25,16,16,20,20,20,20,400,1
train,train/images/GF6_WFV_E132.0_N26.9_20190302_L1A1119852268-1_0_15872.png,train/labels/GF6_WFV_E132.0_N26.9_20190302_L1A1119852268-1_0_15872.txt,512,512,0,0,0.3349609375,0.27734375,0.037109375,0.03125,1.25,19,16,23.75,20,20,23.75,475,1.1875
train,train/images/GF6_WFV_E132.0_N26.9_20190302_L1A1119852268-1_0_15872.png,train/labels/GF6_WFV_E132.0_N26.9_20190302_L1A1119852268-1_0_15872.txt,512,512,0,1,0.4345703125,0.8671875,0.025390625,0.03125,1.25,13,16,16.25,20,16.25,20,325,1.23076923077
train,train/images/GF6_WFV_E132.0_N26.9_20190302_L1A1119852268-1_0_15872.png,train/labels/GF6_WFV_E132.0_N26.9_20190302_L1A1119852268-1_0_15872.txt,512,512,0,2,0.7998046875,0.9560546875,0.029296875,0.029296875,1.25,15,15,18.75,18.75,18.75,18.75,351.5625,1
train,train/images/GF6_WFV_E132.0_N26.9_20190302_L1A1119852268-1_2048_12288.png,train/labels/GF6_WFV_E132.0_N26.9_20190302_L1A1119852268-1_2048_12288.txt,512,512,0,0,0.7744140625,0.49609375,0.037109375,0.03515625,1.25,19,18,23.75,22.5,22.5,23.75,534.375,1.05555555556
train,train/images/GF6_WFV_E132.0_N26.9_20190302_L1A1119852268-1_2560_16777.png,train/labels/GF6_WFV_E132.0_N26.9_20190302_L1A1119852268-1_2560_16777.txt,512,512,0,0,0.7783203125,0.6953125,0.068359375,0.06640625,1.25,35,34,43.75,42.5,42.5,43.75,1859.375,1.02941176471
train,train/images/GF6_WFV_E132.0_N26.9_20190302_L1A1119852268-1_2560_16896.png,train/labels/GF6_WFV_E132.0_N26.9_20190302_L1A1119852268-1_2560_16896.txt,512,512,0,0,0.7802734375,0.470703125,0.052734375,0.05859375,1.25,27,30,33.75,37.5,33.75,37.5,1265.625,1.11111111111
train,train/images/GF6_WFV_E132.0_N26.9_20190302_L1A1119852268-1_512_14336.png,train/labels/GF6_WFV_E132.0_N26.9_20190302_L1A1119852268-1_512_14336.txt,512,512,0,0,0.0556640625,0.296875,0.025390625,0.02734375,1.25,13,14,16.25,17.5,16.25,17.5,284.375,1.07692307692
train,train/images/GF6_WFV_E132.0_N26.9_20190302_L1A1119852268-1_512_14336.png,train/labels/GF6_WFV_E132.0_N26.9_20190302_L1A1119852268-1_512_14336.txt,512,512,0,1,0.374146757679,0.381865284974,0.0179180887372,0.0259067357513,1.25,9.17406143345,13.2642487047,11.4675767918,16.5803108808,11.4675767918,16.5803108808,190.135988258,1.44584258574
train,train/images/GF6_WFV_E132.0_N26.9_20190302_L1A1119852268-2_13312_2048.png,train/labels/GF6_WFV_E132.0_N26.9_20190302_L1A1119852268-2_13312_2048.txt,512,512,0,0,0.84375,0.6669921875,0.046875,0.052734375,1.25,24,27,30,33.75,30,33.75,1012.5,1.125
train,train/images/GF6_WFV_E132.0_N26.9_20190703_L1A1119896315-1_11904_3072.png,train/labels/GF6_WFV_E132.0_N26.9_20190703_L1A1119896315-1_11904_3072.txt,512,512,0,0,0.4169921875,0.3662109375,0.044921875,0.033203125,1.25,23,17,28.75,21.25,21.25,28.75,610.9375,1.35294117647
train,train/images/GF6_WFV_E132.0_N26.9_20190703_L1A1119896315-1_2560_16384.png,train/labels/GF6_WFV_E132.0_N26.9_20190703_L1A1119896315-1_2560_16384.txt,512,512,0,0,0.3583984375,0.333984375,0.033203125,0.03515625,1.25,17,18,21.25,22.5,21.25,22.5,478.125,1.05882352941
train,train/images/GF6_WFV_E132.0_N26.9_20190703_L1A1119896315-1_2560_16384.png,train/labels/GF6_WFV_E132.0_N26.9_20190703_L1A1119896315-1_2560_16384.txt,512,512,0,1,0.4580078125,0.26953125,0.033203125,0.03515625,1.25,17,18,21.25,22.5,21.25,22.5,478.125,1.05882352941
train,train/images/GF6_WFV_E132.0_N26.9_20190703_L1A1119896315-1_8192_10240.png,train/labels/GF6_WFV_E132.0_N26.9_20190703_L1A1119896315-1_8192_10240.txt,512,512,0,0,0.3447265625,0.8583984375,0.044921875,0.044921875,1.25,23,23,28.75,28.75,28.75,28.75,826.5625,1
train,train/images/GF6_WFV_E132.0_N26.9_20190703_L1A1119896315-1_9216_7680.png,train/labels/GF6_WFV_E132.0_N26.9_20190703_L1A1119896315-1_9216_7680.txt,512,512,0,0,0.4453125,0.9560546875,0.0546875,0.048828125,1.25,28,25,35,31.25,31.25,35,1093.75,1.12
train,train/images/GF6_WFV_E132.0_N26.9_20190703_L1A1119896315-2_5632_18489.png,train/labels/GF6_WFV_E132.0_N26.9_20190703_L1A1119896315-2_5632_18489.txt,512,512,0,0,0.8125,0.4365234375,0.0390625,0.052734375,1.25,20,27,25,33.75,25,33.75,843.75,1.35
train,train/images/GF6_WFV_E132.0_N26.9_20190703_L1A1119896315-3_11264_17408.png,train/labels/GF6_WFV_E132.0_N26.9_20190703_L1A1119896315-3_11264_17408.txt,512,512,0,0,0.9453125,0.857421875,0.03515625,0.04296875,1.25,18,22,22.5,27.5,22.5,27.5,618.75,1.22222222222
train,train/images/GF6_WFV_E132.0_N26.9_20190703_L1A1119896315-3_11264_4096.png,train/labels/GF6_WFV_E132.0_N26.9_20190703_L1A1119896315-3_11264_4096.txt,512,512,0,0,0.5322265625,0.345703125,0.033203125,0.0546875,1.25,17,28,21.25,35,21.25,35,743.75,1.64705882353
train,train/images/GF6_WFV_E132.0_N26.9_20190703_L1A1119896315-3_1536_13312.png,train/labels/GF6_WFV_E132.0_N26.9_20190703_L1A1119896315-3_1536_13312.txt,512,512,0,0,0.225255972696,0.544559585492,0.0238907849829,0.0341968911917,1.25,12.2320819113,17.5088082902,15.2901023891,21.8860103627,15.2901023891,21.8860103627,334.639339334,1.43138415988
train,train/images/GF6_WFV_E132.0_N26.9_20190703_L1A1119896315-3_9216_11776.png,train/labels/GF6_WFV_E132.0_N26.9_20190703_L1A1119896315-3_9216_11776.txt,512,512,0,0,0.037109375,0.3056640625,0.02734375,0.044921875,1.25,14,23,17.5,28.75,17.5,28.75,503.125,1.64285714286
train,train/images/GF6_WFV_E132.4_N24.7_20190604_L1A1119887742-1_12928_4608.png,train/labels/GF6_WFV_E132.4_N24.7_20190604_L1A1119887742-1_12928_4608.txt,512,512,0,0,0.4345703125,0.6787109375,0.044921875,0.048828125,1.25,23,25,28.75,31.25,28.75,31.25,898.4375,1.08695652174
train,train/images/GF6_WFV_E132.4_N24.7_20190604_L1A1119887742-1_5120_16896.png,train/labels/GF6_WFV_E132.4_N24.7_20190604_L1A1119887742-1_5120_16896.txt,512,512,0,0,0.181640625,0.3876953125,0.0390625,0.037109375,1.25,20,19,25,23.75,23.75,25,593.75,1.05263157895
train,train/images/GF6_WFV_E132.4_N24.7_20190604_L1A1119887742-2_1024_1024.png,train/labels/GF6_WFV_E132.4_N24.7_20190604_L1A1119887742-2_1024_1024.txt,512,512,0,0,0.7158203125,0.5830078125,0.048828125,0.037109375,1.25,25,19,31.25,23.75,23.75,31.25,742.1875,1.31578947368
train,train/images/GF6_WFV_E132.4_N24.7_20190604_L1A1119887742-2_15360_9216.png,train/labels/GF6_WFV_E132.4_N24.7_20190604_L1A1119887742-2_15360_9216.txt,512,512,0,0,0.751953125,0.7802734375,0.046875,0.052734375,1.25,24,27,30,33.75,30,33.75,1012.5,1.125
train,train/images/GF6_WFV_E132.4_N24.7_20190604_L1A1119887742-2_20992_4096.png,train/labels/GF6_WFV_E132.4_N24.7_20190604_L1A1119887742-2_20992_4096.txt,512,512,0,0,0.3798828125,0.5234375,0.025390625,0.03515625,1.25,13,18,16.25,22.5,16.25,22.5,365.625,1.38461538462
train,train/images/GF6_WFV_E132.4_N24.7_20190604_L1A1119887742-3_5120_1536.png,train/labels/GF6_WFV_E132.4_N24.7_20190604_L1A1119887742-3_5120_1536.txt,512,512,0,0,0.4111328125,0.2041015625,0.052734375,0.033203125,1.25,27,17,33.75,21.25,21.25,33.75,717.1875,1.58823529412
train,train/images/GF6_WFV_E132.4_N35.8_20200914_L1A1120035552-1_10240_10752.png,train/labels/GF6_WFV_E132.4_N35.8_20200914_L1A1120035552-1_10240_10752.txt,512,512,0,0,0.7158203125,0.8251953125,0.025390625,0.029296875,1.25,13,15,16.25,18.75,16.25,18.75,304.6875,1.15384615385
train,train/images/GF6_WFV_E132.4_N35.8_20200914_L1A1120035552-1_10240_12288.png,train/labels/GF6_WFV_E132.4_N35.8_20200914_L1A1120035552-1_10240_12288.txt,512,512,0,0,0.6025390625,0.6201171875,0.041015625,0.052734375,1.25,21,27,26.25,33.75,26.25,33.75,885.9375,1.28571428571
train,train/images/GF6_WFV_E132.4_N35.8_20200914_L1A1120035552-1_10240_12800.png,train/labels/GF6_WFV_E132.4_N35.8_20200914_L1A1120035552-1_10240_12800.txt,512,512,0,0,0.5771484375,0.884765625,0.029296875,0.0390625,1.25,15,20,18.75,25,18.75,25,468.75,1.33333333333
train,train/images/GF6_WFV_E132.4_N35.8_20200914_L1A1120035552-1_10240_14336.png,train/labels/GF6_WFV_E132.4_N35.8_20200914_L1A1120035552-1_10240_14336.txt,512,512,0,0,0.9140625,0.7939453125,0.0390625,0.029296875,1.25,20,15,25,18.75,18.75,25,468.75,1.33333333333
train,train/images/GF6_WFV_E132.4_N35.8_20200914_L1A1120035552-1_10240_14336.png,train/labels/GF6_WFV_E132.4_N35.8_20200914_L1A1120035552-1_10240_14336.txt,512,512,0,1,0.0888671875,0.8203125,0.021484375,0.02734375,1.25,11,14,13.75,17.5,13.75,17.5,240.625,1.27272727273
train,train/images/GF6_WFV_E132.4_N35.8_20200914_L1A1120035552-1_10240_14336.png,train/labels/GF6_WFV_E132.4_N35.8_20200914_L1A1120035552-1_10240_14336.txt,512,512,0,2,0.09765625,0.759765625,0.02734375,0.02734375,1.25,14,14,17.5,17.5,17.5,17.5,306.25,1
train,train/images/GF6_WFV_E132.4_N35.8_20200914_L1A1120035552-1_10240_14336.png,train/labels/GF6_WFV_E132.4_N35.8_20200914_L1A1120035552-1_10240_14336.txt,512,512,0,3,0.1728515625,0.4619140625,0.037109375,0.041015625,1.25,19,21,23.75,26.25,23.75,26.25,623.4375,1.10526315789
train,train/images/GF6_WFV_E132.4_N35.8_20200914_L1A1120035552-1_10240_14336.png,train/labels/GF6_WFV_E132.4_N35.8_20200914_L1A1120035552-1_10240_14336.txt,512,512,0,4,0.6640625,0.27734375,0.02734375,0.02734375,1.25,14,14,17.5,17.5,17.5,17.5,306.25,1
train,train/images/GF6_WFV_E132.4_N35.8_20200914_L1A1120035552-1_10240_14336.png,train/labels/GF6_WFV_E132.4_N35.8_20200914_L1A1120035552-1_10240_14336.txt,512,512,0,5,0.2880859375,0.10546875,0.033203125,0.03125,1.25,17,16,21.25,20,20,21.25,425,1.0625
train,train/images/GF6_WFV_E132.4_N35.8_20200914_L1A1120035552-1_10240_15872.png,train/labels/GF6_WFV_E132.4_N35.8_20200914_L1A1120035552-1_10240_15872.txt,512,512,0,0,0.619140625,0.4541015625,0.04296875,0.029296875,1.25,22,15,27.5,18.75,18.75,27.5,515.625,1.46666666667
train,train/images/GF6_WFV_E132.4_N35.8_20200914_L1A1120035552-1_10240_16384.png,train/labels/GF6_WFV_E132.4_N35.8_20200914_L1A1120035552-1_10240_16384.txt,512,512,0,0,0.7109375,0.0498046875,0.03125,0.021484375,1.25,16,11,20,13.75,13.75,20,275,1.45454545455
train,train/images/GF6_WFV_E132.4_N35.8_20200914_L1A1120035552-1_10240_4608.png,train/labels/GF6_WFV_E132.4_N35.8_20200914_L1A1120035552-1_10240_4608.txt,512,512,0,0,0.095703125,0.748046875,0.03125,0.02734375,1.25,16,14,20,17.5,17.5,20,350,1.14285714286
train,train/images/GF6_WFV_E132.4_N35.8_20200914_L1A1120035552-1_10240_4608.png,train/labels/GF6_WFV_E132.4_N35.8_20200914_L1A1120035552-1_10240_4608.txt,512,512,0,1,0.4453125,0.984375,0.03515625,0.02734375,1.25,18,14,22.5,17.5,17.5,22.5,393.75,1.28571428571
train,train/images/GF6_WFV_E132.4_N35.8_20200914_L1A1120035552-1_10240_4608.png,train/labels/GF6_WFV_E132.4_N35.8_20200914_L1A1120035552-1_10240_4608.txt,512,512,0,2,0.8671875,0.8427734375,0.03515625,0.025390625,1.25,18,13,22.5,16.25,16.25,22.5,365.625,1.38461538462
train,train/images/GF6_WFV_E132.4_N35.8_20200914_L1A1120035552-1_10240_8192.png,train/labels/GF6_WFV_E132.4_N35.8_20200914_L1A1120035552-1_10240_8192.txt,512,512,0,0,0.7080078125,0.8203125,0.044921875,0.03515625,1.25,23,18,28.75,22.5,22.5,28.75,646.875,1.27777777778
train,train/images/GF6_WFV_E132.4_N35.8_20200914_L1A1120035552-1_10240_8192.png,train/labels/GF6_WFV_E132.4_N35.8_20200914_L1A1120035552-1_10240_8192.txt,512,512,0,1,0.693359375,0.7490234375,0.0234375,0.029296875,1.25,12,15,15,18.75,15,18.75,281.25,1.25
train,train/images/GF6_WFV_E132.4_N35.8_20200914_L1A1120035552-1_10240_8192.png,train/labels/GF6_WFV_E132.4_N35.8_20200914_L1A1120035552-1_10240_8192.txt,512,512,0,2,0.7822265625,0.7470703125,0.025390625,0.029296875,1.25,13,15,16.25,18.75,16.25,18.75,304.6875,1.15384615385
train,train/images/GF6_WFV_E132.4_N35.8_20200914_L1A1120035552-1_10240_8192.png,train/labels/GF6_WFV_E132.4_N35.8_20200914_L1A1120035552-1_10240_8192.txt,512,512,0,3,0.98046875,0.189453125,0.02734375,0.02734375,1.25,14,14,17.5,17.5,17.5,17.5,306.25,1
train,train/images/GF6_WFV_E132.4_N35.8_20200914_L1A1120035552-1_10240_9216.png,train/labels/GF6_WFV_E132.4_N35.8_20200914_L1A1120035552-1_10240_9216.txt,512,512,0,0,0.53125,0.640625,0.02734375,0.02734375,1.25,14,14,17.5,17.5,17.5,17.5,306.25,1
train,train/images/GF6_WFV_E132.4_N35.8_20200914_L1A1120035552-1_10240_9216.png,train/labels/GF6_WFV_E132.4_N35.8_20200914_L1A1120035552-1_10240_9216.txt,512,512,0,1,0.0361328125,0.7900390625,0.033203125,0.025390625,1.25,17,13,21.25,16.25,16.25,21.25,345.3125,1.30769230769
train,train/images/GF6_WFV_E132.4_N35.8_20200914_L1A1120035552-1_10240_9216.png,train/labels/GF6_WFV_E132.4_N35.8_20200914_L1A1120035552-1_10240_9216.txt,512,512,0,2,0.173828125,0.7373046875,0.02734375,0.025390625,1.25,14,13,17.5,16.25,16.25,17.5,284.375,1.07692307692
train,train/images/GF6_WFV_E132.4_N35.8_20200914_L1A1120035552-1_10240_9216.png,train/labels/GF6_WFV_E132.4_N35.8_20200914_L1A1120035552-1_10240_9216.txt,512,512,0,3,0.3232421875,0.470703125,0.037109375,0.03125,1.25,19,16,23.75,20,20,23.75,475,1.1875
train,train/images/GF6_WFV_E132.4_N35.8_20200914_L1A1120035552-1_10240_9216.png,train/labels/GF6_WFV_E132.4_N35.8_20200914_L1A1120035552-1_10240_9216.txt,512,512,0,4,0.595703125,0.3310546875,0.03125,0.029296875,1.25,16,15,20,18.75,18.75,20,375,1.06666666667
train,train/images/GF6_WFV_E132.4_N35.8_20200914_L1A1120035552-1_10240_9216.png,train/labels/GF6_WFV_E132.4_N35.8_20200914_L1A1120035552-1_10240_9216.txt,512,512,0,5,0.9736328125,0.1572265625,0.029296875,0.033203125,1.25,15,17,18.75,21.25,18.75,21.25,398.4375,1.13333333333
train,train/images/GF6_WFV_E132.4_N35.8_20200914_L1A1120035552-1_10240_9216.png,train/labels/GF6_WFV_E132.4_N35.8_20200914_L1A1120035552-1_10240_9216.txt,512,512,0,6,0.1708984375,0.115234375,0.029296875,0.0234375,1.25,15,12,18.75,15,15,18.75,281.25,1.25
train,train/images/GF6_WFV_E132.4_N35.8_20200914_L1A1120035552-1_10240_9216.png,train/labels/GF6_WFV_E132.4_N35.8_20200914_L1A1120035552-1_10240_9216.txt,512,512,0,7,0.236328125,0.0947265625,0.03125,0.029296875,1.25,16,15,20,18.75,18.75,20,375,1.06666666667
train,train/images/GF6_WFV_E132.4_N35.8_20200914_L1A1120035552-1_10240_9216.png,train/labels/GF6_WFV_E132.4_N35.8_20200914_L1A1120035552-1_10240_9216.txt,512,512,0,8,0.25,0.1572265625,0.03125,0.033203125,1.25,16,17,20,21.25,20,21.25,425,1.0625
train,train/images/GF6_WFV_E132.4_N35.8_20200914_L1A1120035552-1_10752_10752.png,train/labels/GF6_WFV_E132.4_N35.8_20200914_L1A1120035552-1_10752_10752.txt,512,512,0,0,0.814453125,0.306640625,0.02734375,0.02734375,1.25,14,14,17.5,17.5,17.5,17.5,306.25,1
train,train/images/GF6_WFV_E132.4_N35.8_20200914_L1A1120035552-1_10752_10752.png,train/labels/GF6_WFV_E132.4_N35.8_20200914_L1A1120035552-1_10752_10752.txt,512,512,0,1,0.6669921875,0.234375,0.025390625,0.03125,1.25,13,16,16.25,20,16.25,20,325,1.23076923077
train,train/images/GF6_WFV_E132.4_N35.8_20200914_L1A1120035552-1_10752_10752.png,train/labels/GF6_WFV_E132.4_N35.8_20200914_L1A1120035552-1_10752_10752.txt,512,512,0,2,0.4619140625,0.103515625,0.017578125,0.02734375,1.25,9,14,11.25,17.5,11.25,17.5,196.875,1.55555555556
train,train/images/GF6_WFV_E132.4_N35.8_20200914_L1A1120035552-1_10752_12800.png,train/labels/GF6_WFV_E132.4_N35.8_20200914_L1A1120035552-1_10752_12800.txt,512,512,0,0,0.125,0.7021484375,0.03125,0.033203125,1.25,16,17,20,21.25,20,21.25,425,1.0625
train,train/images/GF6_WFV_E132.4_N35.8_20200914_L1A1120035552-1_10752_13312.png,train/labels/GF6_WFV_E132.4_N35.8_20200914_L1A1120035552-1_10752_13312.txt,512,512,0,0,0.01953125,0.8857421875,0.0390625,0.037109375,1.25,20,19,25,23.75,23.75,25,593.75,1.05263157895
train,train/images/GF6_WFV_E132.4_N35.8_20200914_L1A1120035552-1_10752_13824.png,train/labels/GF6_WFV_E132.4_N35.8_20200914_L1A1120035552-1_10752_13824.txt,512,512,0,0,0.677734375,0.4365234375,0.0390625,0.037109375,1.25,20,19,25,23.75,23.75,25,593.75,1.05263157895
train,train/images/GF6_WFV_E132.4_N35.8_20200914_L1A1120035552-1_10752_13824.png,train/labels/GF6_WFV_E132.4_N35.8_20200914_L1A1120035552-1_10752_13824.txt,512,512,0,1,0.2900390625,0.2412109375,0.029296875,0.044921875,1.25,15,23,18.75,28.75,18.75,28.75,539.0625,1.53333333333
train,train/images/GF6_WFV_E132.4_N35.8_20200914_L1A1120035552-1_10752_14848.png,train/labels/GF6_WFV_E132.4_N35.8_20200914_L1A1120035552-1_10752_14848.txt,512,512,0,0,0.6640625,0.7998046875,0.05859375,0.037109375,1.25,30,19,37.5,23.75,23.75,37.5,890.625,1.57894736842
train,train/images/GF6_WFV_E132.4_N35.8_20200914_L1A1120035552-1_10752_15360.png,train/labels/GF6_WFV_E132.4_N35.8_20200914_L1A1120035552-1_10752_15360.txt,512,512,0,0,0.279296875,0.3623046875,0.04296875,0.029296875,1.25,22,15,27.5,18.75,18.75,27.5,515.625,1.46666666667
train,train/images/GF6_WFV_E132.4_N35.8_20200914_L1A1120035552-1_10752_15360.png,train/labels/GF6_WFV_E132.4_N35.8_20200914_L1A1120035552-1_10752_15360.txt,512,512,0,1,0.841796875,0.310546875,0.03515625,0.0390625,1.25,18,20,22.5,25,22.5,25,562.5,1.11111111111
train,train/images/GF6_WFV_E132.4_N35.8_20200914_L1A1120035552-1_10752_15360.png,train/labels/GF6_WFV_E132.4_N35.8_20200914_L1A1120035552-1_10752_15360.txt,512,512,0,2,0.67578125,0.9130859375,0.04296875,0.029296875,1.25,22,15,27.5,18.75,18.75,27.5,515.625,1.46666666667
train,train/images/GF6_WFV_E132.4_N35.8_20200914_L1A1120035552-1_10752_16384.png,train/labels/GF6_WFV_E132.4_N35.8_20200914_L1A1120035552-1_10752_16384.txt,512,512,0,0,0.4970703125,0.4306640625,0.044921875,0.041015625,1.25,23,21,28.75,26.25,26.25,28.75,754.6875,1.09523809524
train,train/images/GF6_WFV_E132.4_N35.8_20200914_L1A1120035552-1_10752_8192.png,train/labels/GF6_WFV_E132.4_N35.8_20200914_L1A1120035552-1_10752_8192.txt,512,512,0,0,0.869140625,0.64453125,0.02734375,0.03515625,1.25,14,18,17.5,22.5,17.5,22.5,393.75,1.28571428571
train,train/images/GF6_WFV_E132.4_N35.8_20200914_L1A1120035552-1_11264_12288.png,train/labels/GF6_WFV_E132.4_N35.8_20200914_L1A1120035552-1_11264_12288.txt,512,512,0,0,0.1025390625,0.408203125,0.029296875,0.0390625,1.25,15,20,18.75,25,18.75,25,468.75,1.33333333333
train,train/images/GF6_WFV_E132.4_N35.8_20200914_L1A1120035552-1_11264_13312.png,train/labels/GF6_WFV_E132.4_N35.8_20200914_L1A1120035552-1_11264_13312.txt,512,512,0,0,0.75390625,0.93359375,0.03515625,0.04296875,1.25,18,22,22.5,27.5,22.5,27.5,618.75,1.22222222222
train,train/images/GF6_WFV_E132.4_N35.8_20200914_L1A1120035552-1_11264_13312.png,train/labels/GF6_WFV_E132.4_N35.8_20200914_L1A1120035552-1_11264_13312.txt,512,512,0,1,0.2373046875,0.716796875,0.033203125,0.02734375,1.25,17,14,21.25,17.5,17.5,21.25,371.875,1.21428571429
train,train/images/GF6_WFV_E132.4_N35.8_20200914_L1A1120035552-1_11264_14848.png,train/labels/GF6_WFV_E132.4_N35.8_20200914_L1A1120035552-1_11264_14848.txt,512,512,0,0,0.892578125,0.8681640625,0.03515625,0.033203125,1.25,18,17,22.5,21.25,21.25,22.5,478.125,1.05882352941
train,train/images/GF6_WFV_E132.4_N35.8_20200914_L1A1120035552-1_11264_2560.png,train/labels/GF6_WFV_E132.4_N35.8_20200914_L1A1120035552-1_11264_2560.txt,512,512,0,0,0.4482421875,0.8662109375,0.033203125,0.044921875,1.25,17,23,21.25,28.75,21.25,28.75,610.9375,1.35294117647
train,train/images/GF6_WFV_E132.4_N35.8_20200914_L1A1120035552-1_11264_9216.png,train/labels/GF6_WFV_E132.4_N35.8_20200914_L1A1120035552-1_11264_9216.txt,512,512,0,0,0.626953125,0.619140625,0.0390625,0.03125,1.25,20,16,25,20,20,25,500,1.25
train,train/images/GF6_WFV_E132.4_N35.8_20200914_L1A1120035552-1_11264_9216.png,train/labels/GF6_WFV_E132.4_N35.8_20200914_L1A1120035552-1_11264_9216.txt,512,512,0,1,0.361328125,0.43359375,0.02734375,0.03125,1.25,14,16,17.5,20,17.5,20,350,1.14285714286
train,train/images/GF6_WFV_E132.4_N35.8_20200914_L1A1120035552-1_11776_10752.png,train/labels/GF6_WFV_E132.4_N35.8_20200914_L1A1120035552-1_11776_10752.txt,512,512,0,0,0.728515625,0.9560546875,0.03125,0.044921875,1.25,16,23,20,28.75,20,28.75,575,1.4375
train,train/images/GF6_WFV_E132.4_N35.8_20200914_L1A1120035552-1_11776_12288.png,train/labels/GF6_WFV_E132.4_N35.8_20200914_L1A1120035552-1_11776_12288.txt,512,512,0,0,0.9462890625,0.0234375,0.025390625,0.0390625,1.25,13,20,16.25,25,16.25,25,406.25,1.53846153846
train,train/images/GF6_WFV_E132.4_N35.8_20200914_L1A1120035552-1_11776_15872.png,train/labels/GF6_WFV_E132.4_N35.8_20200914_L1A1120035552-1_11776_15872.txt,512,512,0,0,0.2021484375,0.2353515625,0.041015625,0.037109375,1.25,21,19,26.25,23.75,23.75,26.25,623.4375,1.10526315789
train,train/images/GF6_WFV_E132.4_N35.8_20200914_L1A1120035552-1_11776_15872.png,train/labels/GF6_WFV_E132.4_N35.8_20200914_L1A1120035552-1_11776_15872.txt,512,512,0,1,0.5625,0.28515625,0.03515625,0.02734375,1.25,18,14,22.5,17.5,17.5,22.5,393.75,1.28571428571
train,train/images/GF6_WFV_E132.4_N35.8_20200914_L1A1120035552-1_11776_9728.png,train/labels/GF6_WFV_E132.4_N35.8_20200914_L1A1120035552-1_11776_9728.txt,512,512,0,0,0.671875,0.3525390625,0.03515625,0.033203125,1.25,18,17,22.5,21.25,21.25,22.5,478.125,1.05882352941
train,train/images/GF6_WFV_E132.4_N35.8_20200914_L1A1120035552-1_11904_10752.png,train/labels/GF6_WFV_E132.4_N35.8_20200914_L1A1120035552-1_11904_10752.txt,512,512,0,0,0.4765625,0.953125,0.0390625,0.05078125,1.25,20,26,25,32.5,25,32.5,812.5,1.3
train,train/images/GF6_WFV_E132.4_N35.8_20200914_L1A1120035552-1_11904_12288.png,train/labels/GF6_WFV_E132.4_N35.8_20200914_L1A1120035552-1_11904_12288.txt,512,512,0,0,0.6953125,0.017578125,0.02734375,0.03125,1.25,14,16,17.5,20,17.5,20,350,1.14285714286
train,train/images/GF6_WFV_E132.4_N35.8_20200914_L1A1120035552-1_11904_14848.png,train/labels/GF6_WFV_E132.4_N35.8_20200914_L1A1120035552-1_11904_14848.txt,512,512,0,0,0.8994140625,0.7177734375,0.041015625,0.041015625,1.25,21,21,26.25,26.25,26.25,26.25,689.0625,1
train,train/images/GF6_WFV_E132.4_N35.8_20200914_L1A1120035552-1_12416_10240.png,train/labels/GF6_WFV_E132.4_N35.8_20200914_L1A1120035552-1_12416_10240.txt,512,512,0,0,0.8388671875,0.439453125,0.076171875,0.05078125,1.25,39,26,48.75,32.5,32.5,48.75,1584.375,1.5
train,train/images/GF6_WFV_E132.4_N35.8_20200914_L1A1120035552-1_12416_10752.png,train/labels/GF6_WFV_E132.4_N35.8_20200914_L1A1120035552-1_12416_10752.txt,512,512,0,0,0.751953125,0.62109375,0.046875,0.05078125,1.25,24,26,30,32.5,30,32.5,975,1.08333333333
train,train/images/GF6_WFV_E132.4_N35.8_20200914_L1A1120035552-1_12416_12288.png,train/labels/GF6_WFV_E132.4_N35.8_20200914_L1A1120035552-1_12416_12288.txt,512,512,0,0,0.5322265625,0.44921875,0.029296875,0.03515625,1.25,15,18,18.75,22.5,18.75,22.5,421.875,1.2
train,train/images/GF6_WFV_E132.4_N35.8_20200914_L1A1120035552-1_12416_12800.png,train/labels/GF6_WFV_E132.4_N35.8_20200914_L1A1120035552-1_12416_12800.txt,512,512,0,0,0.7197265625,0.2353515625,0.033203125,0.033203125,1.25,17,17,21.25,21.25,21.25,21.25,451.5625,1
train,train/images/GF6_WFV_E132.4_N35.8_20200914_L1A1120035552-1_12928_7168.png,train/labels/GF6_WFV_E132.4_N35.8_20200914_L1A1120035552-1_12928_7168.txt,512,512,0,0,0.67578125,0.896484375,0.04296875,0.0625,1.25,22,32,27.5,40,27.5,40,1100,1.45454545455
train,train/images/GF6_WFV_E132.4_N35.8_20200914_L1A1120035552-1_13440_5120.png,train/labels/GF6_WFV_E132.4_N35.8_20200914_L1A1120035552-1_13440_5120.txt,512,512,0,0,0.2392578125,0.0595703125,0.029296875,0.025390625,1.25,15,13,18.75,16.25,16.25,18.75,304.6875,1.15384615385
train,train/images/GF6_WFV_E132.4_N35.8_20200914_L1A1120035552-1_6144_0.png,train/labels/GF6_WFV_E132.4_N35.8_20200914_L1A1120035552-1_6144_0.txt,512,512,0,0,0.5556640625,0.720703125,0.033203125,0.02734375,1.25,17,14,21.25,17.5,17.5,21.25,371.875,1.21428571429
train,train/images/GF6_WFV_E132.4_N35.8_20200914_L1A1120035552-1_6144_17285.png,train/labels/GF6_WFV_E132.4_N35.8_20200914_L1A1120035552-1_6144_17285.txt,512,512,0,0,0.2939453125,0.30078125,0.041015625,0.02734375,1.25,21,14,26.25,17.5,17.5,26.25,459.375,1.5
train,train/images/GF6_WFV_E132.4_N35.8_20200914_L1A1120035552-1_6144_17285.png,train/labels/GF6_WFV_E132.4_N35.8_20200914_L1A1120035552-1_6144_17285.txt,512,512,0,1,0.5166015625,0.375,0.041015625,0.03125,1.25,21,16,26.25,20,20,26.25,525,1.3125
train,train/images/GF6_WFV_E132.4_N35.8_20200914_L1A1120035552-1_6144_17285.png,train/labels/GF6_WFV_E132.4_N35.8_20200914_L1A1120035552-1_6144_17285.txt,512,512,0,2,0.6796875,0.4140625,0.0234375,0.0234375,1.25,12,12,15,15,15,15,225,1
train,train/images/GF6_WFV_E132.4_N35.8_20200914_L1A1120035552-1_6144_17285.png,train/labels/GF6_WFV_E132.4_N35.8_20200914_L1A1120035552-1_6144_17285.txt,512,512,0,3,0.7099609375,0.275390625,0.041015625,0.0625,1.25,21,32,26.25,40,26.25,40,1050,1.52380952381
train,train/images/GF6_WFV_E132.4_N35.8_20200914_L1A1120035552-1_6144_17285.png,train/labels/GF6_WFV_E132.4_N35.8_20200914_L1A1120035552-1_6144_17285.txt,512,512,0,4,0.1435546875,0.83984375,0.029296875,0.02734375,1.25,15,14,18.75,17.5,17.5,18.75,328.125,1.07142857143
train,train/images/GF6_WFV_E132.4_N35.8_20200914_L1A1120035552-1_6144_17285.png,train/labels/GF6_WFV_E132.4_N35.8_20200914_L1A1120035552-1_6144_17285.txt,512,512,0,5,0.8896484375,0.83203125,0.025390625,0.03515625,1.25,13,18,16.25,22.5,16.25,22.5,365.625,1.38461538462
train,train/images/GF6_WFV_E132.4_N35.8_20200914_L1A1120035552-1_6144_17285.png,train/labels/GF6_WFV_E132.4_N35.8_20200914_L1A1120035552-1_6144_17285.txt,512,512,0,6,0.9248046875,0.58984375,0.025390625,0.03515625,1.25,13,18,16.25,22.5,16.25,22.5,365.625,1.38461538462
train,train/images/GF6_WFV_E132.4_N35.8_20200914_L1A1120035552-1_6144_17285.png,train/labels/GF6_WFV_E132.4_N35.8_20200914_L1A1120035552-1_6144_17285.txt,512,512,0,7,0.8798828125,0.5107421875,0.025390625,0.029296875,1.25,13,15,16.25,18.75,16.25,18.75,304.6875,1.15384615385
train,train/images/GF6_WFV_E132.4_N35.8_20200914_L1A1120035552-1_6656_512.png,train/labels/GF6_WFV_E132.4_N35.8_20200914_L1A1120035552-1_6656_512.txt,512,512,0,0,0.3193359375,0.94140625,0.033203125,0.03125,1.25,17,16,21.25,20,20,21.25,425,1.0625
train,train/images/GF6_WFV_E132.4_N35.8_20200914_L1A1120035552-1_7168_1536.png,train/labels/GF6_WFV_E132.4_N35.8_20200914_L1A1120035552-1_7168_1536.txt,512,512,0,0,0.5654296875,0.310546875,0.033203125,0.0390625,1.25,17,20,21.25,25,21.25,25,531.25,1.17647058824
train,train/images/GF6_WFV_E132.4_N35.8_20200914_L1A1120035552-1_7168_1536.png,train/labels/GF6_WFV_E132.4_N35.8_20200914_L1A1120035552-1_7168_1536.txt,512,512,0,1,0.66015625,0.203125,0.0234375,0.02734375,1.25,12,14,15,17.5,15,17.5,262.5,1.16666666667
train,train/images/GF6_WFV_E132.4_N35.8_20200914_L1A1120035552-1_7168_17285.png,train/labels/GF6_WFV_E132.4_N35.8_20200914_L1A1120035552-1_7168_17285.txt,512,512,0,0,0.0361328125,0.8115234375,0.029296875,0.021484375,1.25,15,11,18.75,13.75,13.75,18.75,257.8125,1.36363636364
train,train/images/GF6_WFV_E132.4_N35.8_20200914_L1A1120035552-1_7168_17285.png,train/labels/GF6_WFV_E132.4_N35.8_20200914_L1A1120035552-1_7168_17285.txt,512,512,0,1,0.236328125,0.67578125,0.03125,0.0234375,1.25,16,12,20,15,15,20,300,1.33333333333
train,train/images/GF6_WFV_E132.4_N35.8_20200914_L1A1120035552-1_7168_17285.png,train/labels/GF6_WFV_E132.4_N35.8_20200914_L1A1120035552-1_7168_17285.txt,512,512,0,2,0.41015625,0.7529296875,0.03515625,0.033203125,1.25,18,17,22.5,21.25,21.25,22.5,478.125,1.05882352941
train,train/images/GF6_WFV_E132.4_N35.8_20200914_L1A1120035552-1_7168_17285.png,train/labels/GF6_WFV_E132.4_N35.8_20200914_L1A1120035552-1_7168_17285.txt,512,512,0,3,0.61328125,0.763671875,0.0234375,0.0234375,1.25,12,12,15,15,15,15,225,1
train,train/images/GF6_WFV_E132.4_N35.8_20200914_L1A1120035552-1_7168_17285.png,train/labels/GF6_WFV_E132.4_N35.8_20200914_L1A1120035552-1_7168_17285.txt,512,512,0,4,0.8046875,0.8828125,0.02734375,0.03515625,1.25,14,18,17.5,22.5,17.5,22.5,393.75,1.28571428571
train,train/images/GF6_WFV_E132.4_N35.8_20200914_L1A1120035552-1_7168_17285.png,train/labels/GF6_WFV_E132.4_N35.8_20200914_L1A1120035552-1_7168_17285.txt,512,512,0,5,0.6435546875,0.3505859375,0.033203125,0.029296875,1.25,17,15,21.25,18.75,18.75,21.25,398.4375,1.13333333333
train,train/images/GF6_WFV_E132.4_N35.8_20200914_L1A1120035552-1_7168_17285.png,train/labels/GF6_WFV_E132.4_N35.8_20200914_L1A1120035552-1_7168_17285.txt,512,512,0,6,0.947265625,0.2783203125,0.0234375,0.029296875,1.25,12,15,15,18.75,15,18.75,281.25,1.25
train,train/images/GF6_WFV_E132.4_N35.8_20200914_L1A1120035552-1_7168_512.png,train/labels/GF6_WFV_E132.4_N35.8_20200914_L1A1120035552-1_7168_512.txt,512,512,0,0,0.984375,0.611328125,0.03125,0.02734375,1.25,16,14,20,17.5,17.5,20,350,1.14285714286
train,train/images/GF6_WFV_E132.4_N35.8_20200914_L1A1120035552-1_7680_16773.png,train/labels/GF6_WFV_E132.4_N35.8_20200914_L1A1120035552-1_7680_16773.txt,512,512,0,0,0.4560546875,0.9443359375,0.025390625,0.025390625,1.25,13,13,16.25,16.25,16.25,16.25,264.0625,1
train,train/images/GF6_WFV_E132.4_N35.8_20200914_L1A1120035552-1_7680_16773.png,train/labels/GF6_WFV_E132.4_N35.8_20200914_L1A1120035552-1_7680_16773.txt,512,512,0,1,0.6767578125,0.9697265625,0.025390625,0.033203125,1.25,13,17,16.25,21.25,16.25,21.25,345.3125,1.30769230769
train,train/images/GF6_WFV_E132.4_N35.8_20200914_L1A1120035552-1_7680_16773.png,train/labels/GF6_WFV_E132.4_N35.8_20200914_L1A1120035552-1_7680_16773.txt,512,512,0,2,0.5146484375,0.8828125,0.029296875,0.02734375,1.25,15,14,18.75,17.5,17.5,18.75,328.125,1.07142857143
train,train/images/GF6_WFV_E132.4_N35.8_20200914_L1A1120035552-1_7680_16773.png,train/labels/GF6_WFV_E132.4_N35.8_20200914_L1A1120035552-1_7680_16773.txt,512,512,0,3,0.62109375,0.8720703125,0.03125,0.025390625,1.25,16,13,20,16.25,16.25,20,325,1.23076923077
train,train/images/GF6_WFV_E132.4_N35.8_20200914_L1A1120035552-1_7680_16773.png,train/labels/GF6_WFV_E132.4_N35.8_20200914_L1A1120035552-1_7680_16773.txt,512,512,0,4,0.748046875,0.923828125,0.02734375,0.0390625,1.25,14,20,17.5,25,17.5,25,437.5,1.42857142857
train,train/images/GF6_WFV_E132.4_N35.8_20200914_L1A1120035552-1_7680_16773.png,train/labels/GF6_WFV_E132.4_N35.8_20200914_L1A1120035552-1_7680_16773.txt,512,512,0,5,0.875,0.833984375,0.0234375,0.0234375,1.25,12,12,15,15,15,15,225,1
train,train/images/GF6_WFV_E132.4_N35.8_20200914_L1A1120035552-1_7680_16773.png,train/labels/GF6_WFV_E132.4_N35.8_20200914_L1A1120035552-1_7680_16773.txt,512,512,0,6,0.72265625,0.8291015625,0.03515625,0.037109375,1.25,18,19,22.5,23.75,22.5,23.75,534.375,1.05555555556
train,train/images/GF6_WFV_E132.4_N35.8_20200914_L1A1120035552-1_7680_16773.png,train/labels/GF6_WFV_E132.4_N35.8_20200914_L1A1120035552-1_7680_16773.txt,512,512,0,7,0.662109375,0.7373046875,0.02734375,0.033203125,1.25,14,17,17.5,21.25,17.5,21.25,371.875,1.21428571429
train,train/images/GF6_WFV_E132.4_N35.8_20200914_L1A1120035552-1_7680_16773.png,train/labels/GF6_WFV_E132.4_N35.8_20200914_L1A1120035552-1_7680_16773.txt,512,512,0,8,0.5390625,0.7919921875,0.0234375,0.025390625,1.25,12,13,15,16.25,15,16.25,243.75,1.08333333333
train,train/images/GF6_WFV_E132.4_N35.8_20200914_L1A1120035552-1_7680_16773.png,train/labels/GF6_WFV_E132.4_N35.8_20200914_L1A1120035552-1_7680_16773.txt,512,512,0,9,0.60546875,0.7763671875,0.02734375,0.029296875,1.25,14,15,17.5,18.75,17.5,18.75,328.125,1.07142857143
train,train/images/GF6_WFV_E132.4_N35.8_20200914_L1A1120035552-1_7680_16773.png,train/labels/GF6_WFV_E132.4_N35.8_20200914_L1A1120035552-1_7680_16773.txt,512,512,0,10,0.5263671875,0.7021484375,0.017578125,0.029296875,1.25,9,15,11.25,18.75,11.25,18.75,210.9375,1.66666666667
train,train/images/GF6_WFV_E132.4_N35.8_20200914_L1A1120035552-1_7680_17285.png,train/labels/GF6_WFV_E132.4_N35.8_20200914_L1A1120035552-1_7680_17285.txt,512,512,0,0,0.0908203125,0.7490234375,0.025390625,0.029296875,1.25,13,15,16.25,18.75,16.25,18.75,304.6875,1.15384615385
train,train/images/GF6_WFV_E132.4_N35.8_20200914_L1A1120035552-1_7680_17285.png,train/labels/GF6_WFV_E132.4_N35.8_20200914_L1A1120035552-1_7680_17285.txt,512,512,0,1,0.3623046875,0.7216796875,0.029296875,0.029296875,1.25,15,15,18.75,18.75,18.75,18.75,351.5625,1
train,train/images/GF6_WFV_E132.4_N35.8_20200914_L1A1120035552-1_7680_17285.png,train/labels/GF6_WFV_E132.4_N35.8_20200914_L1A1120035552-1_7680_17285.txt,512,512,0,2,0.552734375,0.3232421875,0.0234375,0.037109375,1.25,12,19,15,23.75,15,23.75,356.25,1.58333333333
train,train/images/GF6_WFV_E132.4_N35.8_20200914_L1A1120035552-1_7680_17285.png,train/labels/GF6_WFV_E132.4_N35.8_20200914_L1A1120035552-1_7680_17285.txt,512,512,0,3,0.8154296875,0.34375,0.025390625,0.04296875,1.25,13,22,16.25,27.5,16.25,27.5,446.875,1.69230769231
train,train/images/GF6_WFV_E132.4_N35.8_20200914_L1A1120035552-1_7680_17285.png,train/labels/GF6_WFV_E132.4_N35.8_20200914_L1A1120035552-1_7680_17285.txt,512,512,0,4,0.84375,0.095703125,0.04296875,0.046875,1.25,22,24,27.5,30,27.5,30,825,1.09090909091
train,train/images/GF6_WFV_E132.4_N35.8_20200914_L1A1120035552-1_7680_17285.png,train/labels/GF6_WFV_E132.4_N35.8_20200914_L1A1120035552-1_7680_17285.txt,512,512,0,5,0.7529296875,0.1904296875,0.029296875,0.041015625,1.25,15,21,18.75,26.25,18.75,26.25,492.1875,1.4
train,train/images/GF6_WFV_E132.4_N35.8_20200914_L1A1120035552-1_7680_17285.png,train/labels/GF6_WFV_E132.4_N35.8_20200914_L1A1120035552-1_7680_17285.txt,512,512,0,6,0.634765625,0.1142578125,0.03125,0.041015625,1.25,16,21,20,26.25,20,26.25,525,1.3125
train,train/images/GF6_WFV_E132.4_N35.8_20200914_L1A1120035552-1_7680_17285.png,train/labels/GF6_WFV_E132.4_N35.8_20200914_L1A1120035552-1_7680_17285.txt,512,512,0,7,0.5048828125,0.177734375,0.029296875,0.0390625,1.25,15,20,18.75,25,18.75,25,468.75,1.33333333333
train,train/images/GF6_WFV_E132.4_N35.8_20200914_L1A1120035552-1_7680_17285.png,train/labels/GF6_WFV_E132.4_N35.8_20200914_L1A1120035552-1_7680_17285.txt,512,512,0,8,0.196245733788,0.863730569948,0.0238907849829,0.0238341968912,1.25,12.2320819113,12.2031088083,15.2901023891,15.2538860104,15.2538860104,15.2901023891,233.23347893,1.0023742395
train,train/images/GF6_WFV_E132.4_N35.8_20200914_L1A1120035552-1_7680_17285.png,train/labels/GF6_WFV_E132.4_N35.8_20200914_L1A1120035552-1_7680_17285.txt,512,512,0,9,0.889078498294,0.824352331606,0.0238907849829,0.0259067357513,1.25,12.2320819113,13.2642487047,15.2901023891,16.5803108808,15.2901023891,16.5803108808,253.514651011,1.0843819393
train,train/images/GF6_WFV_E132.4_N35.8_20200914_L1A1120035552-1_7680_5120.png,train/labels/GF6_WFV_E132.4_N35.8_20200914_L1A1120035552-1_7680_5120.txt,512,512,0,0,0.7099609375,0.5517578125,0.029296875,0.029296875,1.25,15,15,18.75,18.75,18.75,18.75,351.5625,1
train,train/images/GF6_WFV_E132.4_N35.8_20200914_L1A1120035552-1_7680_5120.png,train/labels/GF6_WFV_E132.4_N35.8_20200914_L1A1120035552-1_7680_5120.txt,512,512,0,1,0.7607421875,0.7724609375,0.029296875,0.037109375,1.25,15,19,18.75,23.75,18.75,23.75,445.3125,1.26666666667
train,train/images/GF6_WFV_E132.4_N35.8_20200914_L1A1120035552-1_7680_5120.png,train/labels/GF6_WFV_E132.4_N35.8_20200914_L1A1120035552-1_7680_5120.txt,512,512,0,2,0.798828125,0.7099609375,0.01953125,0.025390625,1.25,10,13,12.5,16.25,12.5,16.25,203.125,1.3
train,train/images/GF6_WFV_E132.4_N35.8_20200914_L1A1120035552-1_7680_5120.png,train/labels/GF6_WFV_E132.4_N35.8_20200914_L1A1120035552-1_7680_5120.txt,512,512,0,3,0.9150390625,0.84765625,0.025390625,0.02734375,1.25,13,14,16.25,17.5,16.25,17.5,284.375,1.07692307692
train,train/images/GF6_WFV_E132.4_N35.8_20200914_L1A1120035552-1_7680_5120.png,train/labels/GF6_WFV_E132.4_N35.8_20200914_L1A1120035552-1_7680_5120.txt,512,512,0,4,0.5673828125,0.4189453125,0.025390625,0.025390625,1.25,13,13,16.25,16.25,16.25,16.25,264.0625,1
train,train/images/GF6_WFV_E132.4_N35.8_20200914_L1A1120035552-1_7680_5632.png,train/labels/GF6_WFV_E132.4_N35.8_20200914_L1A1120035552-1_7680_5632.txt,512,512,0,0,0.556640625,0.1123046875,0.01953125,0.029296875,1.25,10,15,12.5,18.75,12.5,18.75,234.375,1.5
train,train/images/GF6_WFV_E132.4_N35.8_20200914_L1A1120035552-1_8192_16384.png,train/labels/GF6_WFV_E132.4_N35.8_20200914_L1A1120035552-1_8192_16384.txt,512,512,0,0,0.8427734375,0.1611328125,0.029296875,0.033203125,1.25,15,17,18.75,21.25,18.75,21.25,398.4375,1.13333333333
train,train/images/GF6_WFV_E132.4_N35.8_20200914_L1A1120035552-1_8192_16384.png,train/labels/GF6_WFV_E132.4_N35.8_20200914_L1A1120035552-1_8192_16384.txt,512,512,0,1,0.640625,0.509765625,0.03125,0.02734375,1.25,16,14,20,17.5,17.5,20,350,1.14285714286
train,train/images/GF6_WFV_E132.4_N35.8_20200914_L1A1120035552-1_8192_16384.png,train/labels/GF6_WFV_E132.4_N35.8_20200914_L1A1120035552-1_8192_16384.txt,512,512,0,2,0.01171875,0.9013671875,0.01953125,0.033203125,1.25,10,17,12.5,21.25,12.5,21.25,265.625,1.7
train,train/images/GF6_WFV_E132.4_N35.8_20200914_L1A1120035552-1_8192_16773.png,train/labels/GF6_WFV_E132.4_N35.8_20200914_L1A1120035552-1_8192_16773.txt,512,512,0,0,0.91796875,0.6669921875,0.03515625,0.033203125,1.25,18,17,22.5,21.25,21.25,22.5,478.125,1.05882352941
train,train/images/GF6_WFV_E132.4_N35.8_20200914_L1A1120035552-1_8192_16773.png,train/labels/GF6_WFV_E132.4_N35.8_20200914_L1A1120035552-1_8192_16773.txt,512,512,0,1,0.8603515625,0.5322265625,0.037109375,0.033203125,1.25,19,17,23.75,21.25,21.25,23.75,504.6875,1.11764705882
train,train/images/GF6_WFV_E132.4_N35.8_20200914_L1A1120035552-1_8192_16773.png,train/labels/GF6_WFV_E132.4_N35.8_20200914_L1A1120035552-1_8192_16773.txt,512,512,0,2,0.1162109375,0.5576171875,0.025390625,0.029296875,1.25,13,15,16.25,18.75,16.25,18.75,304.6875,1.15384615385
train,train/images/GF6_WFV_E132.4_N35.8_20200914_L1A1120035552-1_8192_16773.png,train/labels/GF6_WFV_E132.4_N35.8_20200914_L1A1120035552-1_8192_16773.txt,512,512,0,3,0.255859375,0.517578125,0.02734375,0.0234375,1.25,14,12,17.5,15,15,17.5,262.5,1.16666666667
train,train/images/GF6_WFV_E132.4_N35.8_20200914_L1A1120035552-1_8192_16773.png,train/labels/GF6_WFV_E132.4_N35.8_20200914_L1A1120035552-1_8192_16773.txt,512,512,0,4,0.009765625,0.1376953125,0.015625,0.041015625,1.25,8,21,10,26.25,10,26.25,262.5,2.625
train,train/images/GF6_WFV_E132.4_N35.8_20200914_L1A1120035552-1_8192_17285.png,train/labels/GF6_WFV_E132.4_N35.8_20200914_L1A1120035552-1_8192_17285.txt,512,512,0,0,0.1884765625,0.2998046875,0.029296875,0.037109375,1.25,15,19,18.75,23.75,18.75,23.75,445.3125,1.26666666667
train,train/images/GF6_WFV_E132.4_N35.8_20200914_L1A1120035552-1_8192_17285.png,train/labels/GF6_WFV_E132.4_N35.8_20200914_L1A1120035552-1_8192_17285.txt,512,512,0,1,0.162109375,0.6630859375,0.03515625,0.029296875,1.25,18,15,22.5,18.75,18.75,22.5,421.875,1.2
train,train/images/GF6_WFV_E132.4_N35.8_20200914_L1A1120035552-1_8192_17285.png,train/labels/GF6_WFV_E132.4_N35.8_20200914_L1A1120035552-1_8192_17285.txt,512,512,0,2,0.29296875,0.7822265625,0.03125,0.029296875,1.25,16,15,20,18.75,18.75,20,375,1.06666666667
train,train/images/GF6_WFV_E132.4_N35.8_20200914_L1A1120035552-1_8192_17285.png,train/labels/GF6_WFV_E132.4_N35.8_20200914_L1A1120035552-1_8192_17285.txt,512,512,0,3,0.4814453125,0.4267578125,0.029296875,0.033203125,1.25,15,17,18.75,21.25,18.75,21.25,398.4375,1.13333333333
train,train/images/GF6_WFV_E132.4_N35.8_20200914_L1A1120035552-1_8192_5120.png,train/labels/GF6_WFV_E132.4_N35.8_20200914_L1A1120035552-1_8192_5120.txt,512,512,0,0,0.28515625,0.4384765625,0.03515625,0.025390625,1.25,18,13,22.5,16.25,16.25,22.5,365.625,1.38461538462
train,train/images/GF6_WFV_E132.4_N35.8_20200914_L1A1120035552-1_8192_5120.png,train/labels/GF6_WFV_E132.4_N35.8_20200914_L1A1120035552-1_8192_5120.txt,512,512,0,1,0.6220703125,0.6376953125,0.021484375,0.025390625,1.25,11,13,13.75,16.25,13.75,16.25,223.4375,1.18181818182
train,train/images/GF6_WFV_E132.4_N35.8_20200914_L1A1120035552-1_8192_5120.png,train/labels/GF6_WFV_E132.4_N35.8_20200914_L1A1120035552-1_8192_5120.txt,512,512,0,2,0.86328125,0.4892578125,0.02734375,0.025390625,1.25,14,13,17.5,16.25,16.25,17.5,284.375,1.07692307692
train,train/images/GF6_WFV_E132.4_N35.8_20200914_L1A1120035552-1_8704_14848.png,train/labels/GF6_WFV_E132.4_N35.8_20200914_L1A1120035552-1_8704_14848.txt,512,512,0,0,0.69921875,0.927734375,0.0234375,0.03125,1.25,12,16,15,20,15,20,300,1.33333333333
train,train/images/GF6_WFV_E132.4_N35.8_20200914_L1A1120035552-1_8704_14848.png,train/labels/GF6_WFV_E132.4_N35.8_20200914_L1A1120035552-1_8704_14848.txt,512,512,0,1,0.80078125,0.8125,0.01953125,0.01953125,1.25,10,10,12.5,12.5,12.5,12.5,156.25,1
train,train/images/GF6_WFV_E132.4_N35.8_20200914_L1A1120035552-1_8704_14848.png,train/labels/GF6_WFV_E132.4_N35.8_20200914_L1A1120035552-1_8704_14848.txt,512,512,0,2,0.8095703125,0.7861328125,0.021484375,0.029296875,1.25,11,15,13.75,18.75,13.75,18.75,257.8125,1.36363636364
train,train/images/GF6_WFV_E132.4_N35.8_20200914_L1A1120035552-1_8704_14848.png,train/labels/GF6_WFV_E132.4_N35.8_20200914_L1A1120035552-1_8704_14848.txt,512,512,0,3,0.8916015625,0.6650390625,0.021484375,0.025390625,1.25,11,13,13.75,16.25,13.75,16.25,223.4375,1.18181818182
train,train/images/GF6_WFV_E132.4_N35.8_20200914_L1A1120035552-1_8704_14848.png,train/labels/GF6_WFV_E132.4_N35.8_20200914_L1A1120035552-1_8704_14848.txt,512,512,0,4,0.900390625,0.6376953125,0.01953125,0.025390625,1.25,10,13,12.5,16.25,12.5,16.25,203.125,1.3
train,train/images/GF6_WFV_E132.4_N35.8_20200914_L1A1120035552-1_8704_15360.png,train/labels/GF6_WFV_E132.4_N35.8_20200914_L1A1120035552-1_8704_15360.txt,512,512,0,0,0.5,0.1865234375,0.02734375,0.029296875,1.25,14,15,17.5,18.75,17.5,18.75,328.125,1.07142857143
train,train/images/GF6_WFV_E132.4_N35.8_20200914_L1A1120035552-1_8704_15360.png,train/labels/GF6_WFV_E132.4_N35.8_20200914_L1A1120035552-1_8704_15360.txt,512,512,0,1,0.345703125,0.4169921875,0.02734375,0.025390625,1.25,14,13,17.5,16.25,16.25,17.5,284.375,1.07692307692
train,train/images/GF6_WFV_E132.4_N35.8_20200914_L1A1120035552-1_8704_15360.png,train/labels/GF6_WFV_E132.4_N35.8_20200914_L1A1120035552-1_8704_15360.txt,512,512,0,2,0.3583984375,0.564453125,0.021484375,0.0234375,1.25,11,12,13.75,15,13.75,15,206.25,1.09090909091
train,train/images/GF6_WFV_E132.4_N35.8_20200914_L1A1120035552-1_8704_15360.png,train/labels/GF6_WFV_E132.4_N35.8_20200914_L1A1120035552-1_8704_15360.txt,512,512,0,3,0.34375,0.599609375,0.015625,0.015625,1.25,8,8,10,10,10,10,100,1
train,train/images/GF6_WFV_E132.4_N35.8_20200914_L1A1120035552-1_8704_15360.png,train/labels/GF6_WFV_E132.4_N35.8_20200914_L1A1120035552-1_8704_15360.txt,512,512,0,4,0.55078125,0.587890625,0.01953125,0.03125,1.25,10,16,12.5,20,12.5,20,250,1.6
train,train/images/GF6_WFV_E132.4_N35.8_20200914_L1A1120035552-1_8704_15360.png,train/labels/GF6_WFV_E132.4_N35.8_20200914_L1A1120035552-1_8704_15360.txt,512,512,0,5,0.6142578125,0.5595703125,0.025390625,0.029296875,1.25,13,15,16.25,18.75,16.25,18.75,304.6875,1.15384615385
train,train/images/GF6_WFV_E132.4_N35.8_20200914_L1A1120035552-1_8704_15360.png,train/labels/GF6_WFV_E132.4_N35.8_20200914_L1A1120035552-1_8704_15360.txt,512,512,0,6,0.625,0.5283203125,0.02734375,0.029296875,1.25,14,15,17.5,18.75,17.5,18.75,328.125,1.07142857143
train,train/images/GF6_WFV_E132.4_N35.8_20200914_L1A1120035552-1_8704_15872.png,train/labels/GF6_WFV_E132.4_N35.8_20200914_L1A1120035552-1_8704_15872.txt,512,512,0,0,0.34765625,0.7978515625,0.02734375,0.025390625,1.25,14,13,17.5,16.25,16.25,17.5,284.375,1.07692307692
train,train/images/GF6_WFV_E132.4_N35.8_20200914_L1A1120035552-1_8704_15872.png,train/labels/GF6_WFV_E132.4_N35.8_20200914_L1A1120035552-1_8704_15872.txt,512,512,0,1,0.064453125,0.9384765625,0.01953125,0.017578125,1.25,10,9,12.5,11.25,11.25,12.5,140.625,1.11111111111
train,train/images/GF6_WFV_E132.4_N35.8_20200914_L1A1120035552-1_8704_16896.png,train/labels/GF6_WFV_E132.4_N35.8_20200914_L1A1120035552-1_8704_16896.txt,512,512,0,0,0.7939453125,0.8603515625,0.044921875,0.029296875,1.25,23,15,28.75,18.75,18.75,28.75,539.0625,1.53333333333
train,train/images/GF6_WFV_E132.4_N35.8_20200914_L1A1120035552-1_8704_17285.png,train/labels/GF6_WFV_E132.4_N35.8_20200914_L1A1120035552-1_8704_17285.txt,512,512,0,0,0.7373046875,0.7939453125,0.025390625,0.033203125,1.25,13,17,16.25,21.25,16.25,21.25,345.3125,1.30769230769
train,train/images/GF6_WFV_E132.4_N35.8_20200914_L1A1120035552-1_8704_17285.png,train/labels/GF6_WFV_E132.4_N35.8_20200914_L1A1120035552-1_8704_17285.txt,512,512,0,1,0.1611328125,0.8818359375,0.033203125,0.029296875,1.25,17,15,21.25,18.75,18.75,21.25,398.4375,1.13333333333
train,train/images/GF6_WFV_E132.4_N35.8_20200914_L1A1120035552-1_8704_17285.png,train/labels/GF6_WFV_E132.4_N35.8_20200914_L1A1120035552-1_8704_17285.txt,512,512,0,2,0.162109375,0.3330078125,0.03125,0.029296875,1.25,16,15,20,18.75,18.75,20,375,1.06666666667
train,train/images/GF6_WFV_E132.4_N35.8_20200914_L1A1120035552-1_8704_17285.png,train/labels/GF6_WFV_E132.4_N35.8_20200914_L1A1120035552-1_8704_17285.txt,512,512,0,3,0.791015625,0.0966796875,0.03515625,0.033203125,1.25,18,17,22.5,21.25,21.25,22.5,478.125,1.05882352941
train,train/images/GF6_WFV_E132.4_N35.8_20200914_L1A1120035552-1_8704_4096.png,train/labels/GF6_WFV_E132.4_N35.8_20200914_L1A1120035552-1_8704_4096.txt,512,512,0,0,0.4423828125,0.7607421875,0.025390625,0.033203125,1.25,13,17,16.25,21.25,16.25,21.25,345.3125,1.30769230769
train,train/images/GF6_WFV_E132.4_N35.8_20200914_L1A1120035552-1_8704_6144.png,train/labels/GF6_WFV_E132.4_N35.8_20200914_L1A1120035552-1_8704_6144.txt,512,512,0,0,0.2109375,0.529296875,0.046875,0.03125,1.25,24,16,30,20,20,30,600,1.5
train,train/images/GF6_WFV_E132.4_N35.8_20200914_L1A1120035552-1_8704_6144.png,train/labels/GF6_WFV_E132.4_N35.8_20200914_L1A1120035552-1_8704_6144.txt,512,512,0,1,0.2646484375,0.5849609375,0.029296875,0.021484375,1.25,15,11,18.75,13.75,13.75,18.75,257.8125,1.36363636364
train,train/images/GF6_WFV_E132.4_N35.8_20200914_L1A1120035552-1_8704_6144.png,train/labels/GF6_WFV_E132.4_N35.8_20200914_L1A1120035552-1_8704_6144.txt,512,512,0,2,0.2255859375,0.6455078125,0.029296875,0.021484375,1.25,15,11,18.75,13.75,13.75,18.75,257.8125,1.36363636364
train,train/images/GF6_WFV_E132.4_N35.8_20200914_L1A1120035552-1_8704_6144.png,train/labels/GF6_WFV_E132.4_N35.8_20200914_L1A1120035552-1_8704_6144.txt,512,512,0,3,0.974609375,0.421875,0.02734375,0.02734375,1.25,14,14,17.5,17.5,17.5,17.5,306.25,1
train,train/images/GF6_WFV_E132.4_N35.8_20200914_L1A1120035552-1_8704_6656.png,train/labels/GF6_WFV_E132.4_N35.8_20200914_L1A1120035552-1_8704_6656.txt,512,512,0,0,0.767578125,0.328125,0.03515625,0.03125,1.25,18,16,22.5,20,20,22.5,450,1.125
train,train/images/GF6_WFV_E132.4_N35.8_20200914_L1A1120035552-1_8704_8192.png,train/labels/GF6_WFV_E132.4_N35.8_20200914_L1A1120035552-1_8704_8192.txt,512,512,0,0,0.7099609375,0.62890625,0.029296875,0.03515625,1.25,15,18,18.75,22.5,18.75,22.5,421.875,1.2
train,train/images/GF6_WFV_E132.4_N35.8_20200914_L1A1120035552-1_8704_8192.png,train/labels/GF6_WFV_E132.4_N35.8_20200914_L1A1120035552-1_8704_8192.txt,512,512,0,1,0.8671875,0.28515625,0.03515625,0.0390625,1.25,18,20,22.5,25,22.5,25,562.5,1.11111111111
train,train/images/GF6_WFV_E132.4_N35.8_20200914_L1A1120035552-1_8704_8192.png,train/labels/GF6_WFV_E132.4_N35.8_20200914_L1A1120035552-1_8704_8192.txt,512,512,0,2,0.1064453125,0.2177734375,0.025390625,0.029296875,1.25,13,15,16.25,18.75,16.25,18.75,304.6875,1.15384615385
train,train/images/GF6_WFV_E132.4_N35.8_20200914_L1A1120035552-1_8704_8192.png,train/labels/GF6_WFV_E132.4_N35.8_20200914_L1A1120035552-1_8704_8192.txt,512,512,0,3,0.41015625,0.2724609375,0.0234375,0.021484375,1.25,12,11,15,13.75,13.75,15,206.25,1.09090909091
train,train/images/GF6_WFV_E132.4_N35.8_20200914_L1A1120035552-1_8704_8192.png,train/labels/GF6_WFV_E132.4_N35.8_20200914_L1A1120035552-1_8704_8192.txt,512,512,0,4,0.6923828125,0.3515625,0.029296875,0.0234375,1.25,15,12,18.75,15,15,18.75,281.25,1.25
train,train/images/GF6_WFV_E132.4_N35.8_20200914_L1A1120035552-1_9216_10752.png,train/labels/GF6_WFV_E132.4_N35.8_20200914_L1A1120035552-1_9216_10752.txt,512,512,0,0,0.8515625,0.724609375,0.03125,0.0390625,1.25,16,20,20,25,20,25,500,1.25
train,train/images/GF6_WFV_E132.4_N35.8_20200914_L1A1120035552-1_9216_12288.png,train/labels/GF6_WFV_E132.4_N35.8_20200914_L1A1120035552-1_9216_12288.txt,512,512,0,0,0.69140625,0.9765625,0.02734375,0.03125,1.25,14,16,17.5,20,17.5,20,350,1.14285714286
train,train/images/GF6_WFV_E132.4_N35.8_20200914_L1A1120035552-1_9216_12288.png,train/labels/GF6_WFV_E132.4_N35.8_20200914_L1A1120035552-1_9216_12288.txt,512,512,0,1,0.677734375,0.1279296875,0.03515625,0.025390625,1.25,18,13,22.5,16.25,16.25,22.5,365.625,1.38461538462
train,train/images/GF6_WFV_E132.4_N35.8_20200914_L1A1120035552-1_9216_13312.png,train/labels/GF6_WFV_E132.4_N35.8_20200914_L1A1120035552-1_9216_13312.txt,512,512,0,0,0.671875,0.2568359375,0.03515625,0.052734375,1.25,18,27,22.5,33.75,22.5,33.75,759.375,1.5
train,train/images/GF6_WFV_E132.4_N35.8_20200914_L1A1120035552-1_9216_13312.png,train/labels/GF6_WFV_E132.4_N35.8_20200914_L1A1120035552-1_9216_13312.txt,512,512,0,1,0.6162109375,0.2763671875,0.029296875,0.033203125,1.25,15,17,18.75,21.25,18.75,21.25,398.4375,1.13333333333
train,train/images/GF6_WFV_E132.4_N35.8_20200914_L1A1120035552-1_9216_13312.png,train/labels/GF6_WFV_E132.4_N35.8_20200914_L1A1120035552-1_9216_13312.txt,512,512,0,2,0.951171875,0.505859375,0.02734375,0.0390625,1.25,14,20,17.5,25,17.5,25,437.5,1.42857142857
train,train/images/GF6_WFV_E132.4_N35.8_20200914_L1A1120035552-1_9216_13312.png,train/labels/GF6_WFV_E132.4_N35.8_20200914_L1A1120035552-1_9216_13312.txt,512,512,0,3,0.0234375,0.8447265625,0.01953125,0.017578125,1.25,10,9,12.5,11.25,11.25,12.5,140.625,1.11111111111
train,train/images/GF6_WFV_E132.4_N35.8_20200914_L1A1120035552-1_9216_13312.png,train/labels/GF6_WFV_E132.4_N35.8_20200914_L1A1120035552-1_9216_13312.txt,512,512,0,4,0.0390625,0.87890625,0.0234375,0.0234375,1.25,12,12,15,15,15,15,225,1
train,train/images/GF6_WFV_E132.4_N35.8_20200914_L1A1120035552-1_9216_13312.png,train/labels/GF6_WFV_E132.4_N35.8_20200914_L1A1120035552-1_9216_13312.txt,512,512,0,5,0.0263671875,0.98046875,0.021484375,0.01953125,1.25,11,10,13.75,12.5,12.5,13.75,171.875,1.1
train,train/images/GF6_WFV_E132.4_N35.8_20200914_L1A1120035552-1_9216_13312.png,train/labels/GF6_WFV_E132.4_N35.8_20200914_L1A1120035552-1_9216_13312.txt,512,512,0,6,0.03515625,0.9296875,0.0234375,0.0234375,1.25,12,12,15,15,15,15,225,1
train,train/images/GF6_WFV_E132.4_N35.8_20200914_L1A1120035552-1_9216_13824.png,train/labels/GF6_WFV_E132.4_N35.8_20200914_L1A1120035552-1_9216_13824.txt,512,512,0,0,0.8544921875,0.974609375,0.025390625,0.04296875,1.25,13,22,16.25,27.5,16.25,27.5,446.875,1.69230769231
train,train/images/GF6_WFV_E132.4_N35.8_20200914_L1A1120035552-1_9216_13824.png,train/labels/GF6_WFV_E132.4_N35.8_20200914_L1A1120035552-1_9216_13824.txt,512,512,0,1,0.8427734375,0.5068359375,0.044921875,0.029296875,1.25,23,15,28.75,18.75,18.75,28.75,539.0625,1.53333333333
train,train/images/GF6_WFV_E132.4_N35.8_20200914_L1A1120035552-1_9216_13824.png,train/labels/GF6_WFV_E132.4_N35.8_20200914_L1A1120035552-1_9216_13824.txt,512,512,0,2,0.9775390625,0.59765625,0.029296875,0.0234375,1.25,15,12,18.75,15,15,18.75,281.25,1.25
train,train/images/GF6_WFV_E132.4_N35.8_20200914_L1A1120035552-1_9216_13824.png,train/labels/GF6_WFV_E132.4_N35.8_20200914_L1A1120035552-1_9216_13824.txt,512,512,0,3,0.7822265625,0.701171875,0.041015625,0.02734375,1.25,21,14,26.25,17.5,17.5,26.25,459.375,1.5
train,train/images/GF6_WFV_E132.4_N35.8_20200914_L1A1120035552-1_9216_13824.png,train/labels/GF6_WFV_E132.4_N35.8_20200914_L1A1120035552-1_9216_13824.txt,512,512,0,4,0.6640625,0.8388671875,0.04296875,0.037109375,1.25,22,19,27.5,23.75,23.75,27.5,653.125,1.15789473684
train,train/images/GF6_WFV_E132.4_N35.8_20200914_L1A1120035552-1_9216_13824.png,train/labels/GF6_WFV_E132.4_N35.8_20200914_L1A1120035552-1_9216_13824.txt,512,512,0,5,0.587890625,0.7509765625,0.046875,0.029296875,1.25,24,15,30,18.75,18.75,30,562.5,1.6
train,train/images/GF6_WFV_E132.4_N35.8_20200914_L1A1120035552-1_9216_13824.png,train/labels/GF6_WFV_E132.4_N35.8_20200914_L1A1120035552-1_9216_13824.txt,512,512,0,6,0.646484375,0.6669921875,0.03125,0.041015625,1.25,16,21,20,26.25,20,26.25,525,1.3125
train,train/images/GF6_WFV_E132.4_N35.8_20200914_L1A1120035552-1_9216_13824.png,train/labels/GF6_WFV_E132.4_N35.8_20200914_L1A1120035552-1_9216_13824.txt,512,512,0,7,0.4599609375,0.7412109375,0.037109375,0.029296875,1.25,19,15,23.75,18.75,18.75,23.75,445.3125,1.26666666667
train,train/images/GF6_WFV_E132.4_N35.8_20200914_L1A1120035552-1_9216_13824.png,train/labels/GF6_WFV_E132.4_N35.8_20200914_L1A1120035552-1_9216_13824.txt,512,512,0,8,0.2998046875,0.76171875,0.037109375,0.0390625,1.25,19,20,23.75,25,23.75,25,593.75,1.05263157895
train,train/images/GF6_WFV_E132.4_N35.8_20200914_L1A1120035552-1_9216_13824.png,train/labels/GF6_WFV_E132.4_N35.8_20200914_L1A1120035552-1_9216_13824.txt,512,512,0,9,0.087890625,0.80078125,0.046875,0.046875,1.25,24,24,30,30,30,30,900,1
train,train/images/GF6_WFV_E132.4_N35.8_20200914_L1A1120035552-1_9216_13824.png,train/labels/GF6_WFV_E132.4_N35.8_20200914_L1A1120035552-1_9216_13824.txt,512,512,0,10,0.2841796875,0.62890625,0.048828125,0.03125,1.25,25,16,31.25,20,20,31.25,625,1.5625
train,train/images/GF6_WFV_E132.4_N35.8_20200914_L1A1120035552-1_9216_13824.png,train/labels/GF6_WFV_E132.4_N35.8_20200914_L1A1120035552-1_9216_13824.txt,512,512,0,11,0.4609375,0.6474609375,0.0390625,0.025390625,1.25,20,13,25,16.25,16.25,25,406.25,1.53846153846
train,train/images/GF6_WFV_E132.4_N35.8_20200914_L1A1120035552-1_9216_13824.png,train/labels/GF6_WFV_E132.4_N35.8_20200914_L1A1120035552-1_9216_13824.txt,512,512,0,12,0.54296875,0.6416015625,0.03515625,0.029296875,1.25,18,15,22.5,18.75,18.75,22.5,421.875,1.2
train,train/images/GF6_WFV_E132.4_N35.8_20200914_L1A1120035552-1_9216_13824.png,train/labels/GF6_WFV_E132.4_N35.8_20200914_L1A1120035552-1_9216_13824.txt,512,512,0,13,0.7080078125,0.53515625,0.041015625,0.03515625,1.25,21,18,26.25,22.5,22.5,26.25,590.625,1.16666666667
train,train/images/GF6_WFV_E132.4_N35.8_20200914_L1A1120035552-1_9216_13824.png,train/labels/GF6_WFV_E132.4_N35.8_20200914_L1A1120035552-1_9216_13824.txt,512,512,0,14,0.6005859375,0.5107421875,0.044921875,0.029296875,1.25,23,15,28.75,18.75,18.75,28.75,539.0625,1.53333333333
train,train/images/GF6_WFV_E132.4_N35.8_20200914_L1A1120035552-1_9216_13824.png,train/labels/GF6_WFV_E132.4_N35.8_20200914_L1A1120035552-1_9216_13824.txt,512,512,0,15,0.6943359375,0.435546875,0.033203125,0.02734375,1.25,17,14,21.25,17.5,17.5,21.25,371.875,1.21428571429
train,train/images/GF6_WFV_E132.4_N35.8_20200914_L1A1120035552-1_9216_13824.png,train/labels/GF6_WFV_E132.4_N35.8_20200914_L1A1120035552-1_9216_13824.txt,512,512,0,16,0.548828125,0.3818359375,0.03515625,0.029296875,1.25,18,15,22.5,18.75,18.75,22.5,421.875,1.2
train,train/images/GF6_WFV_E132.4_N35.8_20200914_L1A1120035552-1_9216_13824.png,train/labels/GF6_WFV_E132.4_N35.8_20200914_L1A1120035552-1_9216_13824.txt,512,512,0,17,0.5400390625,0.298828125,0.033203125,0.03515625,1.25,17,18,21.25,22.5,21.25,22.5,478.125,1.05882352941
train,train/images/GF6_WFV_E132.4_N35.8_20200914_L1A1120035552-1_9216_13824.png,train/labels/GF6_WFV_E132.4_N35.8_20200914_L1A1120035552-1_9216_13824.txt,512,512,0,18,0.4609375,0.283203125,0.03515625,0.03125,1.25,18,16,22.5,20,20,22.5,450,1.125
train,train/images/GF6_WFV_E132.4_N35.8_20200914_L1A1120035552-1_9216_13824.png,train/labels/GF6_WFV_E132.4_N35.8_20200914_L1A1120035552-1_9216_13824.txt,512,512,0,19,0.46484375,0.3603515625,0.02734375,0.033203125,1.25,14,17,17.5,21.25,17.5,21.25,371.875,1.21428571429
train,train/images/GF6_WFV_E132.4_N35.8_20200914_L1A1120035552-1_9216_13824.png,train/labels/GF6_WFV_E132.4_N35.8_20200914_L1A1120035552-1_9216_13824.txt,512,512,0,20,0.4638671875,0.4638671875,0.029296875,0.033203125,1.25,15,17,18.75,21.25,18.75,21.25,398.4375,1.13333333333
train,train/images/GF6_WFV_E132.4_N35.8_20200914_L1A1120035552-1_9216_13824.png,train/labels/GF6_WFV_E132.4_N35.8_20200914_L1A1120035552-1_9216_13824.txt,512,512,0,21,0.39453125,0.47265625,0.03125,0.03125,1.25,16,16,20,20,20,20,400,1
train,train/images/GF6_WFV_E132.4_N35.8_20200914_L1A1120035552-1_9216_13824.png,train/labels/GF6_WFV_E132.4_N35.8_20200914_L1A1120035552-1_9216_13824.txt,512,512,0,22,0.2998046875,0.4814453125,0.033203125,0.037109375,1.25,17,19,21.25,23.75,21.25,23.75,504.6875,1.11764705882
train,train/images/GF6_WFV_E132.4_N35.8_20200914_L1A1120035552-1_9216_13824.png,train/labels/GF6_WFV_E132.4_N35.8_20200914_L1A1120035552-1_9216_13824.txt,512,512,0,23,0.3837890625,0.3798828125,0.025390625,0.029296875,1.25,13,15,16.25,18.75,16.25,18.75,304.6875,1.15384615385
train,train/images/GF6_WFV_E132.4_N35.8_20200914_L1A1120035552-1_9216_13824.png,train/labels/GF6_WFV_E132.4_N35.8_20200914_L1A1120035552-1_9216_13824.txt,512,512,0,24,0.3505859375,0.2978515625,0.033203125,0.033203125,1.25,17,17,21.25,21.25,21.25,21.25,451.5625,1
train,train/images/GF6_WFV_E132.4_N35.8_20200914_L1A1120035552-1_9216_13824.png,train/labels/GF6_WFV_E132.4_N35.8_20200914_L1A1120035552-1_9216_13824.txt,512,512,0,25,0.3837890625,0.248046875,0.025390625,0.03515625,1.25,13,18,16.25,22.5,16.25,22.5,365.625,1.38461538462
train,train/images/GF6_WFV_E132.4_N35.8_20200914_L1A1120035552-1_9216_13824.png,train/labels/GF6_WFV_E132.4_N35.8_20200914_L1A1120035552-1_9216_13824.txt,512,512,0,26,0.5146484375,0.0126953125,0.029296875,0.025390625,1.25,15,13,18.75,16.25,16.25,18.75,304.6875,1.15384615385
train,train/images/GF6_WFV_E132.4_N35.8_20200914_L1A1120035552-1_9216_13824.png,train/labels/GF6_WFV_E132.4_N35.8_20200914_L1A1120035552-1_9216_13824.txt,512,512,0,27,0.0625,0.6357421875,0.0390625,0.041015625,1.25,20,21,25,26.25,25,26.25,656.25,1.05
train,train/images/GF6_WFV_E132.4_N35.8_20200914_L1A1120035552-1_9216_13824.png,train/labels/GF6_WFV_E132.4_N35.8_20200914_L1A1120035552-1_9216_13824.txt,512,512,0,28,0.390625,0.5771484375,0.0234375,0.029296875,1.25,12,15,15,18.75,15,18.75,281.25,1.25
train,train/images/GF6_WFV_E132.4_N35.8_20200914_L1A1120035552-1_9216_13824.png,train/labels/GF6_WFV_E132.4_N35.8_20200914_L1A1120035552-1_9216_13824.txt,512,512,0,29,0.3046875,0.310546875,0.01953125,0.02734375,1.25,10,14,12.5,17.5,12.5,17.5,218.75,1.4
train,train/images/GF6_WFV_E132.4_N35.8_20200914_L1A1120035552-1_9216_13824.png,train/labels/GF6_WFV_E132.4_N35.8_20200914_L1A1120035552-1_9216_13824.txt,512,512,0,30,0.177734375,0.2470703125,0.02734375,0.025390625,1.25,14,13,17.5,16.25,16.25,17.5,284.375,1.07692307692
train,train/images/GF6_WFV_E132.4_N35.8_20200914_L1A1120035552-1_9216_13824.png,train/labels/GF6_WFV_E132.4_N35.8_20200914_L1A1120035552-1_9216_13824.txt,512,512,0,31,0.2138671875,0.259765625,0.021484375,0.03125,1.25,11,16,13.75,20,13.75,20,275,1.45454545455
train,train/images/GF6_WFV_E132.4_N35.8_20200914_L1A1120035552-1_9216_13824.png,train/labels/GF6_WFV_E132.4_N35.8_20200914_L1A1120035552-1_9216_13824.txt,512,512,0,32,0.25,0.25,0.0234375,0.02734375,1.25,12,14,15,17.5,15,17.5,262.5,1.16666666667
train,train/images/GF6_WFV_E132.4_N35.8_20200914_L1A1120035552-1_9216_13824.png,train/labels/GF6_WFV_E132.4_N35.8_20200914_L1A1120035552-1_9216_13824.txt,512,512,0,33,0.22265625,0.2255859375,0.02734375,0.025390625,1.25,14,13,17.5,16.25,16.25,17.5,284.375,1.07692307692
train,train/images/GF6_WFV_E132.4_N35.8_20200914_L1A1120035552-1_9216_13824.png,train/labels/GF6_WFV_E132.4_N35.8_20200914_L1A1120035552-1_9216_13824.txt,512,512,0,34,0.267578125,0.2216796875,0.0234375,0.025390625,1.25,12,13,15,16.25,15,16.25,243.75,1.08333333333
train,train/images/GF6_WFV_E132.4_N35.8_20200914_L1A1120035552-1_9216_13824.png,train/labels/GF6_WFV_E132.4_N35.8_20200914_L1A1120035552-1_9216_13824.txt,512,512,0,35,0.2939453125,0.22265625,0.017578125,0.02734375,1.25,9,14,11.25,17.5,11.25,17.5,196.875,1.55555555556
train,train/images/GF6_WFV_E132.4_N35.8_20200914_L1A1120035552-1_9216_13824.png,train/labels/GF6_WFV_E132.4_N35.8_20200914_L1A1120035552-1_9216_13824.txt,512,512,0,36,0.25390625,0.271484375,0.01953125,0.0234375,1.25,10,12,12.5,15,12.5,15,187.5,1.2
train,train/images/GF6_WFV_E132.4_N35.8_20200914_L1A1120035552-1_9216_13824.png,train/labels/GF6_WFV_E132.4_N35.8_20200914_L1A1120035552-1_9216_13824.txt,512,512,0,37,0.0185546875,0.1796875,0.025390625,0.0234375,1.25,13,12,16.25,15,15,16.25,243.75,1.08333333333
train,train/images/GF6_WFV_E132.4_N35.8_20200914_L1A1120035552-1_9216_13824.png,train/labels/GF6_WFV_E132.4_N35.8_20200914_L1A1120035552-1_9216_13824.txt,512,512,0,38,0.048828125,0.0244140625,0.01953125,0.025390625,1.25,10,13,12.5,16.25,12.5,16.25,203.125,1.3
train,train/images/GF6_WFV_E132.4_N35.8_20200914_L1A1120035552-1_9216_13824.png,train/labels/GF6_WFV_E132.4_N35.8_20200914_L1A1120035552-1_9216_13824.txt,512,512,0,39,0.0400390625,0.064453125,0.025390625,0.0234375,1.25,13,12,16.25,15,15,16.25,243.75,1.08333333333
train,train/images/GF6_WFV_E132.4_N35.8_20200914_L1A1120035552-1_9216_13824.png,train/labels/GF6_WFV_E132.4_N35.8_20200914_L1A1120035552-1_9216_13824.txt,512,512,0,40,0.306740614334,0.39689119171,0.0196245733788,0.0227979274611,1.25,10.04778157,11.6725388601,12.5597269625,14.5906735751,12.5597269625,14.5906735751,183.254876302,1.16170308628
train,train/images/GF6_WFV_E132.4_N35.8_20200914_L1A1120035552-1_9216_13824.png,train/labels/GF6_WFV_E132.4_N35.8_20200914_L1A1120035552-1_9216_13824.txt,512,512,0,41,0.236348122867,0.387046632124,0.018771331058,0.0238341968912,1.25,9.61092150171,12.2031088083,12.0136518771,15.2538860104,12.0136518771,15.2538860104,183.254876302,1.26971267075
train,train/images/GF6_WFV_E132.4_N35.8_20200914_L1A1120035552-1_9216_13824.png,train/labels/GF6_WFV_E132.4_N35.8_20200914_L1A1120035552-1_9216_13824.txt,512,512,0,42,0.0170648464164,0.453886010363,0.0170648464164,0.020725388601,1.25,8.73720136519,10.6113989637,10.9215017065,13.2642487047,10.9215017065,13.2642487047,144.865514863,1.21450777202
train,train/images/GF6_WFV_E132.4_N35.8_20200914_L1A1120035552-1_9216_14336.png,train/labels/GF6_WFV_E132.4_N35.8_20200914_L1A1120035552-1_9216_14336.txt,512,512,0,0,0.88671875,0.9541015625,0.03125,0.037109375,1.25,16,19,20,23.75,20,23.75,475,1.1875
train,train/images/GF6_WFV_E132.4_N35.8_20200914_L1A1120035552-1_9216_14336.png,train/labels/GF6_WFV_E132.4_N35.8_20200914_L1A1120035552-1_9216_14336.txt,512,512,0,1,0.07421875,0.947265625,0.0234375,0.02734375,1.25,12,14,15,17.5,15,17.5,262.5,1.16666666667
train,train/images/GF6_WFV_E132.4_N35.8_20200914_L1A1120035552-1_9216_14336.png,train/labels/GF6_WFV_E132.4_N35.8_20200914_L1A1120035552-1_9216_14336.txt,512,512,0,2,0.08984375,0.9228515625,0.0234375,0.029296875,1.25,12,15,15,18.75,15,18.75,281.25,1.25
train,train/images/GF6_WFV_E132.4_N35.8_20200914_L1A1120035552-1_9216_14336.png,train/labels/GF6_WFV_E132.4_N35.8_20200914_L1A1120035552-1_9216_14336.txt,512,512,0,3,0.140625,0.9033203125,0.02734375,0.029296875,1.25,14,15,17.5,18.75,17.5,18.75,328.125,1.07142857143
train,train/images/GF6_WFV_E132.4_N35.8_20200914_L1A1120035552-1_9216_14336.png,train/labels/GF6_WFV_E132.4_N35.8_20200914_L1A1120035552-1_9216_14336.txt,512,512,0,4,0.4833984375,0.703125,0.029296875,0.03125,1.25,15,16,18.75,20,18.75,20,375,1.06666666667
train,train/images/GF6_WFV_E132.4_N35.8_20200914_L1A1120035552-1_9216_14336.png,train/labels/GF6_WFV_E132.4_N35.8_20200914_L1A1120035552-1_9216_14336.txt,512,512,0,5,0.4423828125,0.2197265625,0.021484375,0.029296875,1.25,11,15,13.75,18.75,13.75,18.75,257.8125,1.36363636364
train,train/images/GF6_WFV_E132.4_N35.8_20200914_L1A1120035552-1_9216_14336.png,train/labels/GF6_WFV_E132.4_N35.8_20200914_L1A1120035552-1_9216_14336.txt,512,512,0,6,0.5888671875,0.09375,0.044921875,0.0390625,1.25,23,20,28.75,25,25,28.75,718.75,1.15
train,train/images/GF6_WFV_E132.4_N35.8_20200914_L1A1120035552-1_9216_14336.png,train/labels/GF6_WFV_E132.4_N35.8_20200914_L1A1120035552-1_9216_14336.txt,512,512,0,7,0.7275390625,0.0654296875,0.029296875,0.029296875,1.25,15,15,18.75,18.75,18.75,18.75,351.5625,1
train,train/images/GF6_WFV_E132.4_N35.8_20200914_L1A1120035552-1_9216_14336.png,train/labels/GF6_WFV_E132.4_N35.8_20200914_L1A1120035552-1_9216_14336.txt,512,512,0,8,0.275597269625,0.699481865285,0.0204778156997,0.0227979274611,1.25,10.4846416382,11.6725388601,13.1058020478,14.5906735751,13.1058020478,14.5906735751,191.222479619,1.11329879102
train,train/images/GF6_WFV_E132.4_N35.8_20200914_L1A1120035552-1_9216_14848.png,train/labels/GF6_WFV_E132.4_N35.8_20200914_L1A1120035552-1_9216_14848.txt,512,512,0,0,0.7744140625,0.9228515625,0.037109375,0.029296875,1.25,19,15,23.75,18.75,18.75,23.75,445.3125,1.26666666667
train,train/images/GF6_WFV_E132.4_N35.8_20200914_L1A1120035552-1_9216_14848.png,train/labels/GF6_WFV_E132.4_N35.8_20200914_L1A1120035552-1_9216_14848.txt,512,512,0,1,0.068359375,0.7958984375,0.03515625,0.041015625,1.25,18,21,22.5,26.25,22.5,26.25,590.625,1.16666666667
train,train/images/GF6_WFV_E132.4_N35.8_20200914_L1A1120035552-1_9216_14848.png,train/labels/GF6_WFV_E132.4_N35.8_20200914_L1A1120035552-1_9216_14848.txt,512,512,0,2,0.0380859375,0.548828125,0.029296875,0.03125,1.25,15,16,18.75,20,18.75,20,375,1.06666666667
train,train/images/GF6_WFV_E132.4_N35.8_20200914_L1A1120035552-1_9216_15872.png,train/labels/GF6_WFV_E132.4_N35.8_20200914_L1A1120035552-1_9216_15872.txt,512,512,0,0,0.634765625,0.0166015625,0.02734375,0.033203125,1.25,14,17,17.5,21.25,17.5,21.25,371.875,1.21428571429
train,train/images/GF6_WFV_E132.4_N35.8_20200914_L1A1120035552-1_9216_16384.png,train/labels/GF6_WFV_E132.4_N35.8_20200914_L1A1120035552-1_9216_16384.txt,512,512,0,0,0.8349609375,0.6572265625,0.029296875,0.033203125,1.25,15,17,18.75,21.25,18.75,21.25,398.4375,1.13333333333
train,train/images/GF6_WFV_E132.4_N35.8_20200914_L1A1120035552-1_9216_16384.png,train/labels/GF6_WFV_E132.4_N35.8_20200914_L1A1120035552-1_9216_16384.txt,512,512,0,1,0.9228515625,0.8603515625,0.041015625,0.037109375,1.25,21,19,26.25,23.75,23.75,26.25,623.4375,1.10526315789
train,train/images/GF6_WFV_E132.4_N35.8_20200914_L1A1120035552-1_9216_16773.png,train/labels/GF6_WFV_E132.4_N35.8_20200914_L1A1120035552-1_9216_16773.txt,512,512,0,0,0.921875,0.09765625,0.03515625,0.03515625,1.25,18,18,22.5,22.5,22.5,22.5,506.25,1
train,train/images/GF6_WFV_E132.4_N35.8_20200914_L1A1120035552-1_9216_8192.png,train/labels/GF6_WFV_E132.4_N35.8_20200914_L1A1120035552-1_9216_8192.txt,512,512,0,0,0.556640625,0.6953125,0.03515625,0.03125,1.25,18,16,22.5,20,20,22.5,450,1.125
train,train/images/GF6_WFV_E132.4_N35.8_20200914_L1A1120035552-1_9216_8704.png,train/labels/GF6_WFV_E132.4_N35.8_20200914_L1A1120035552-1_9216_8704.txt,512,512,0,0,0.9892578125,0.45703125,0.021484375,0.02734375,1.25,11,14,13.75,17.5,13.75,17.5,240.625,1.27272727273
train,train/images/GF6_WFV_E132.4_N35.8_20200914_L1A1120035552-1_9216_8704.png,train/labels/GF6_WFV_E132.4_N35.8_20200914_L1A1120035552-1_9216_8704.txt,512,512,0,1,0.5166015625,0.439453125,0.029296875,0.03125,1.25,15,16,18.75,20,18.75,20,375,1.06666666667
train,train/images/GF6_WFV_E132.4_N35.8_20200914_L1A1120035552-1_9216_8704.png,train/labels/GF6_WFV_E132.4_N35.8_20200914_L1A1120035552-1_9216_8704.txt,512,512,0,2,0.2626953125,0.5537109375,0.029296875,0.025390625,1.25,15,13,18.75,16.25,16.25,18.75,304.6875,1.15384615385
train,train/images/GF6_WFV_E132.4_N35.8_20200914_L1A1120035552-1_9728_10240.png,train/labels/GF6_WFV_E132.4_N35.8_20200914_L1A1120035552-1_9728_10240.txt,512,512,0,0,0.7421875,0.216796875,0.03125,0.03125,1.25,16,16,20,20,20,20,400,1
train,train/images/GF6_WFV_E132.4_N35.8_20200914_L1A1120035552-1_9728_10752.png,train/labels/GF6_WFV_E132.4_N35.8_20200914_L1A1120035552-1_9728_10752.txt,512,512,0,0,0.0859375,0.7431640625,0.03125,0.033203125,1.25,16,17,20,21.25,20,21.25,425,1.0625
train,train/images/GF6_WFV_E132.4_N35.8_20200914_L1A1120035552-1_9728_10752.png,train/labels/GF6_WFV_E132.4_N35.8_20200914_L1A1120035552-1_9728_10752.txt,512,512,0,1,0.94140625,0.21484375,0.02734375,0.03515625,1.25,14,18,17.5,22.5,17.5,22.5,393.75,1.28571428571
train,train/images/GF6_WFV_E132.4_N35.8_20200914_L1A1120035552-1_9728_11264.png,train/labels/GF6_WFV_E132.4_N35.8_20200914_L1A1120035552-1_9728_11264.txt,512,512,0,0,0.3642578125,0.8984375,0.029296875,0.0390625,1.25,15,20,18.75,25,18.75,25,468.75,1.33333333333
train,train/images/GF6_WFV_E132.4_N35.8_20200914_L1A1120035552-1_9728_11776.png,train/labels/GF6_WFV_E132.4_N35.8_20200914_L1A1120035552-1_9728_11776.txt,512,512,0,0,0.1044921875,0.15625,0.025390625,0.03125,1.25,13,16,16.25,20,16.25,20,325,1.23076923077
train,train/images/GF6_WFV_E132.4_N35.8_20200914_L1A1120035552-1_9728_11776.png,train/labels/GF6_WFV_E132.4_N35.8_20200914_L1A1120035552-1_9728_11776.txt,512,512,0,1,0.1787109375,0.072265625,0.029296875,0.03125,1.25,15,16,18.75,20,18.75,20,375,1.06666666667
train,train/images/GF6_WFV_E132.4_N35.8_20200914_L1A1120035552-1_9728_12800.png,train/labels/GF6_WFV_E132.4_N35.8_20200914_L1A1120035552-1_9728_12800.txt,512,512,0,0,0.666015625,0.2861328125,0.02734375,0.025390625,1.25,14,13,17.5,16.25,16.25,17.5,284.375,1.07692307692
train,train/images/GF6_WFV_E132.4_N35.8_20200914_L1A1120035552-1_9728_12800.png,train/labels/GF6_WFV_E132.4_N35.8_20200914_L1A1120035552-1_9728_12800.txt,512,512,0,1,0.6865234375,0.2109375,0.021484375,0.0234375,1.25,11,12,13.75,15,13.75,15,206.25,1.09090909091
train,train/images/GF6_WFV_E132.4_N35.8_20200914_L1A1120035552-1_9728_12800.png,train/labels/GF6_WFV_E132.4_N35.8_20200914_L1A1120035552-1_9728_12800.txt,512,512,0,2,0.306640625,0.373046875,0.03515625,0.02734375,1.25,18,14,22.5,17.5,17.5,22.5,393.75,1.28571428571
train,train/images/GF6_WFV_E132.4_N35.8_20200914_L1A1120035552-1_9728_13824.png,train/labels/GF6_WFV_E132.4_N35.8_20200914_L1A1120035552-1_9728_13824.txt,512,512,0,0,0.705078125,0.025390625,0.0390625,0.05078125,1.25,20,26,25,32.5,25,32.5,812.5,1.3
train,train/images/GF6_WFV_E132.4_N35.8_20200914_L1A1120035552-1_9728_13824.png,train/labels/GF6_WFV_E132.4_N35.8_20200914_L1A1120035552-1_9728_13824.txt,512,512,0,1,0.0810546875,0.544921875,0.033203125,0.046875,1.25,17,24,21.25,30,21.25,30,637.5,1.41176470588
train,train/images/GF6_WFV_E132.4_N35.8_20200914_L1A1120035552-1_9728_14336.png,train/labels/GF6_WFV_E132.4_N35.8_20200914_L1A1120035552-1_9728_14336.txt,512,512,0,0,0.384765625,0.6123046875,0.04296875,0.048828125,1.25,22,25,27.5,31.25,27.5,31.25,859.375,1.13636363636
train,train/images/GF6_WFV_E132.4_N35.8_20200914_L1A1120035552-1_9728_14336.png,train/labels/GF6_WFV_E132.4_N35.8_20200914_L1A1120035552-1_9728_14336.txt,512,512,0,1,0.166015625,0.2412109375,0.0390625,0.033203125,1.25,20,17,25,21.25,21.25,25,531.25,1.17647058824
train,train/images/GF6_WFV_E132.4_N35.8_20200914_L1A1120035552-1_9728_14848.png,train/labels/GF6_WFV_E132.4_N35.8_20200914_L1A1120035552-1_9728_14848.txt,512,512,0,0,0.63671875,0.255859375,0.03125,0.0390625,1.25,16,20,20,25,20,25,500,1.25
train,train/images/GF6_WFV_E132.4_N35.8_20200914_L1A1120035552-1_9728_14848.png,train/labels/GF6_WFV_E132.4_N35.8_20200914_L1A1120035552-1_9728_14848.txt,512,512,0,1,0.0234375,0.9892578125,0.03515625,0.017578125,1.25,18,9,22.5,11.25,11.25,22.5,253.125,2
train,train/images/GF6_WFV_E132.4_N35.8_20200914_L1A1120035552-1_9728_14848.png,train/labels/GF6_WFV_E132.4_N35.8_20200914_L1A1120035552-1_9728_14848.txt,512,512,0,2,0.1103515625,0.94140625,0.029296875,0.0234375,1.25,15,12,18.75,15,15,18.75,281.25,1.25
train,train/images/GF6_WFV_E132.4_N35.8_20200914_L1A1120035552-1_9728_15360.png,train/labels/GF6_WFV_E132.4_N35.8_20200914_L1A1120035552-1_9728_15360.txt,512,512,0,0,0.6689453125,0.89453125,0.033203125,0.02734375,1.25,17,14,21.25,17.5,17.5,21.25,371.875,1.21428571429
train,train/images/GF6_WFV_E132.4_N35.8_20200914_L1A1120035552-1_9728_15360.png,train/labels/GF6_WFV_E132.4_N35.8_20200914_L1A1120035552-1_9728_15360.txt,512,512,0,1,0.55859375,0.2666015625,0.03515625,0.048828125,1.25,18,25,22.5,31.25,22.5,31.25,703.125,1.38888888889
train,train/images/GF6_WFV_E132.4_N35.8_20200914_L1A1120035552-1_9728_15360.png,train/labels/GF6_WFV_E132.4_N35.8_20200914_L1A1120035552-1_9728_15360.txt,512,512,0,2,0.1953125,0.6298828125,0.03125,0.029296875,1.25,16,15,20,18.75,18.75,20,375,1.06666666667
train,train/images/GF6_WFV_E132.4_N35.8_20200914_L1A1120035552-1_9728_15360.png,train/labels/GF6_WFV_E132.4_N35.8_20200914_L1A1120035552-1_9728_15360.txt,512,512,0,3,0.3603515625,0.3466796875,0.033203125,0.033203125,1.25,17,17,21.25,21.25,21.25,21.25,451.5625,1
train,train/images/GF6_WFV_E132.4_N35.8_20200914_L1A1120035552-1_9728_15360.png,train/labels/GF6_WFV_E132.4_N35.8_20200914_L1A1120035552-1_9728_15360.txt,512,512,0,4,0.220703125,0.1103515625,0.02734375,0.025390625,1.25,14,13,17.5,16.25,16.25,17.5,284.375,1.07692307692
train,train/images/GF6_WFV_E132.4_N35.8_20200914_L1A1120035552-1_9728_16384.png,train/labels/GF6_WFV_E132.4_N35.8_20200914_L1A1120035552-1_9728_16384.txt,512,512,0,0,0.1748046875,0.8369140625,0.037109375,0.033203125,1.25,19,17,23.75,21.25,21.25,23.75,504.6875,1.11764705882
train,train/images/GF6_WFV_E132.4_N35.8_20200914_L1A1120035552-1_9728_16384.png,train/labels/GF6_WFV_E132.4_N35.8_20200914_L1A1120035552-1_9728_16384.txt,512,512,0,1,0.6689453125,0.4970703125,0.041015625,0.025390625,1.25,21,13,26.25,16.25,16.25,26.25,426.5625,1.61538461538
train,train/images/GF6_WFV_E132.4_N35.8_20200914_L1A1120035552-1_9728_16384.png,train/labels/GF6_WFV_E132.4_N35.8_20200914_L1A1120035552-1_9728_16384.txt,512,512,0,2,0.8828125,0.7431640625,0.02734375,0.033203125,1.25,14,17,17.5,21.25,17.5,21.25,371.875,1.21428571429
train,train/images/GF6_WFV_E132.4_N35.8_20200914_L1A1120035552-1_9728_16384.png,train/labels/GF6_WFV_E132.4_N35.8_20200914_L1A1120035552-1_9728_16384.txt,512,512,0,3,0.859375,0.79296875,0.03515625,0.03125,1.25,18,16,22.5,20,20,22.5,450,1.125
train,train/images/GF6_WFV_E132.4_N35.8_20200914_L1A1120035552-1_9728_16384.png,train/labels/GF6_WFV_E132.4_N35.8_20200914_L1A1120035552-1_9728_16384.txt,512,512,0,4,0.81640625,0.9501953125,0.03515625,0.021484375,1.25,18,11,22.5,13.75,13.75,22.5,309.375,1.63636363636
train,train/images/GF6_WFV_E132.4_N35.8_20200914_L1A1120035552-1_9728_4608.png,train/labels/GF6_WFV_E132.4_N35.8_20200914_L1A1120035552-1_9728_4608.txt,512,512,0,0,0.896484375,0.919921875,0.03515625,0.0546875,1.25,18,28,22.5,35,22.5,35,787.5,1.55555555556
train,train/images/GF6_WFV_E132.4_N35.8_20200914_L1A1120035552-1_9728_5120.png,train/labels/GF6_WFV_E132.4_N35.8_20200914_L1A1120035552-1_9728_5120.txt,512,512,0,0,0.267578125,0.3115234375,0.02734375,0.025390625,1.25,14,13,17.5,16.25,16.25,17.5,284.375,1.07692307692
train,train/images/GF6_WFV_E132.4_N35.8_20200914_L1A1120035552-1_9728_5120.png,train/labels/GF6_WFV_E132.4_N35.8_20200914_L1A1120035552-1_9728_5120.txt,512,512,0,1,0.5048828125,0.2880859375,0.033203125,0.029296875,1.25,17,15,21.25,18.75,18.75,21.25,398.4375,1.13333333333
train,train/images/GF6_WFV_E132.4_N35.8_20200914_L1A1120035552-1_9728_5120.png,train/labels/GF6_WFV_E132.4_N35.8_20200914_L1A1120035552-1_9728_5120.txt,512,512,0,2,0.5791015625,0.3955078125,0.029296875,0.025390625,1.25,15,13,18.75,16.25,16.25,18.75,304.6875,1.15384615385
train,train/images/GF6_WFV_E132.4_N35.8_20200914_L1A1120035552-1_9728_5632.png,train/labels/GF6_WFV_E132.4_N35.8_20200914_L1A1120035552-1_9728_5632.txt,512,512,0,0,0.55078125,0.8857421875,0.03125,0.037109375,1.25,16,19,20,23.75,20,23.75,475,1.1875
train,train/images/GF6_WFV_E132.4_N35.8_20200914_L1A1120035552-1_9728_6656.png,train/labels/GF6_WFV_E132.4_N35.8_20200914_L1A1120035552-1_9728_6656.txt,512,512,0,0,0.6494140625,0.4130859375,0.037109375,0.037109375,1.25,19,19,23.75,23.75,23.75,23.75,564.0625,1
train,train/images/GF6_WFV_E132.4_N35.8_20200914_L1A1120035552-1_9728_6656.png,train/labels/GF6_WFV_E132.4_N35.8_20200914_L1A1120035552-1_9728_6656.txt,512,512,0,1,0.9130859375,0.2685546875,0.033203125,0.037109375,1.25,17,19,21.25,23.75,21.25,23.75,504.6875,1.11764705882
train,train/images/GF6_WFV_E132.4_N35.8_20200914_L1A1120035552-1_9728_8192.png,train/labels/GF6_WFV_E132.4_N35.8_20200914_L1A1120035552-1_9728_8192.txt,512,512,0,0,0.8671875,0.474609375,0.03125,0.04296875,1.25,16,22,20,27.5,20,27.5,550,1.375
train,train/images/GF6_WFV_E132.4_N35.8_20200914_L1A1120035552-1_9728_8192.png,train/labels/GF6_WFV_E132.4_N35.8_20200914_L1A1120035552-1_9728_8192.txt,512,512,0,1,0.4912109375,0.6845703125,0.033203125,0.041015625,1.25,17,21,21.25,26.25,21.25,26.25,557.8125,1.23529411765
train,train/images/GF6_WFV_E132.4_N35.8_20200914_L1A1120035552-1_9728_8704.png,train/labels/GF6_WFV_E132.4_N35.8_20200914_L1A1120035552-1_9728_8704.txt,512,512,0,0,0.4677734375,0.1005859375,0.025390625,0.029296875,1.25,13,15,16.25,18.75,16.25,18.75,304.6875,1.15384615385
train,train/images/GF6_WFV_E132.4_N35.8_20200914_L1A1120035552-1_9728_8704.png,train/labels/GF6_WFV_E132.4_N35.8_20200914_L1A1120035552-1_9728_8704.txt,512,512,0,1,0.7919921875,0.5634765625,0.056640625,0.044921875,1.25,29,23,36.25,28.75,28.75,36.25,1042.1875,1.26086956522
train,train/images/GF6_WFV_E132.4_N35.8_20200914_L1A1120035552-1_9728_8704.png,train/labels/GF6_WFV_E132.4_N35.8_20200914_L1A1120035552-1_9728_8704.txt,512,512,0,2,0.447265625,0.8330078125,0.01953125,0.029296875,1.25,10,15,12.5,18.75,12.5,18.75,234.375,1.5
train,train/images/GF6_WFV_E132.4_N35.8_20200914_L1A1120035552-2_0_10752.png,train/labels/GF6_WFV_E132.4_N35.8_20200914_L1A1120035552-2_0_10752.txt,512,512,0,0,0.71484375,0.431640625,0.0390625,0.02734375,1.25,20,14,25,17.5,17.5,25,437.5,1.42857142857
train,train/images/GF6_WFV_E132.4_N35.8_20200914_L1A1120035552-2_1024_13824.png,train/labels/GF6_WFV_E132.4_N35.8_20200914_L1A1120035552-2_1024_13824.txt,512,512,0,0,0.6806640625,0.326171875,0.076171875,0.0546875,1.25,39,28,48.75,35,35,48.75,1706.25,1.39285714286
train,train/images/GF6_WFV_E132.4_N35.8_20200914_L1A1120035552-2_11776_11776.png,train/labels/GF6_WFV_E132.4_N35.8_20200914_L1A1120035552-2_11776_11776.txt,512,512,0,0,0.6015625,0.17578125,0.03515625,0.0390625,1.25,18,20,22.5,25,22.5,25,562.5,1.11111111111
train,train/images/GF6_WFV_E132.4_N35.8_20200914_L1A1120035552-2_11776_11776.png,train/labels/GF6_WFV_E132.4_N35.8_20200914_L1A1120035552-2_11776_11776.txt,512,512,0,1,0.9140625,0.193359375,0.02734375,0.03125,1.25,14,16,17.5,20,17.5,20,350,1.14285714286
train,train/images/GF6_WFV_E132.4_N35.8_20200914_L1A1120035552-2_12288_5120.png,train/labels/GF6_WFV_E132.4_N35.8_20200914_L1A1120035552-2_12288_5120.txt,512,512,0,0,0.6787109375,0.271484375,0.052734375,0.0625,1.25,27,32,33.75,40,33.75,40,1350,1.18518518519
train,train/images/GF6_WFV_E132.4_N35.8_20200914_L1A1120035552-2_14848_6656.png,train/labels/GF6_WFV_E132.4_N35.8_20200914_L1A1120035552-2_14848_6656.txt,512,512,0,0,0.9736328125,0.0244140625,0.041015625,0.044921875,1.25,21,23,26.25,28.75,26.25,28.75,754.6875,1.09523809524
train,train/images/GF6_WFV_E132.4_N35.8_20200914_L1A1120035552-2_16896_8192.png,train/labels/GF6_WFV_E132.4_N35.8_20200914_L1A1120035552-2_16896_8192.txt,512,512,0,0,0.083984375,0.015625,0.02734375,0.02734375,1.25,14,14,17.5,17.5,17.5,17.5,306.25,1
train,train/images/GF6_WFV_E132.4_N35.8_20200914_L1A1120035552-2_17408_6656.png,train/labels/GF6_WFV_E132.4_N35.8_20200914_L1A1120035552-2_17408_6656.txt,512,512,0,0,0.15625,0.0869140625,0.0390625,0.044921875,1.25,20,23,25,28.75,25,28.75,718.75,1.15
train,train/images/GF6_WFV_E132.4_N35.8_20200914_L1A1120035552-2_3072_11264.png,train/labels/GF6_WFV_E132.4_N35.8_20200914_L1A1120035552-2_3072_11264.txt,512,512,0,0,0.5224609375,0.615234375,0.091796875,0.07421875,1.25,47,38,58.75,47.5,47.5,58.75,2790.625,1.23684210526
train,train/images/GF6_WFV_E132.4_N35.8_20200914_L1A1120035552-2_6144_8192.png,train/labels/GF6_WFV_E132.4_N35.8_20200914_L1A1120035552-2_6144_8192.txt,512,512,0,0,0.5380859375,0.671875,0.052734375,0.03515625,1.25,27,18,33.75,22.5,22.5,33.75,759.375,1.5
train,train/images/GF6_WFV_E132.4_N35.8_20200914_L1A1120035552-3_10752_14848.png,train/labels/GF6_WFV_E132.4_N35.8_20200914_L1A1120035552-3_10752_14848.txt,512,512,0,0,0.6650390625,0.740234375,0.025390625,0.03125,1.25,13,16,16.25,20,16.25,20,325,1.23076923077
train,train/images/GF6_WFV_E132.4_N35.8_20200914_L1A1120035552-3_10769_12800.png,train/labels/GF6_WFV_E132.4_N35.8_20200914_L1A1120035552-3_10769_12800.txt,512,512,0,0,0.1220703125,0.1416015625,0.029296875,0.029296875,1.25,15,15,18.75,18.75,18.75,18.75,351.5625,1
train,train/images/GF6_WFV_E132.4_N35.8_20200914_L1A1120035552-3_10769_14336.png,train/labels/GF6_WFV_E132.4_N35.8_20200914_L1A1120035552-3_10769_14336.txt,512,512,0,0,0.091796875,0.2197265625,0.02734375,0.025390625,1.25,14,13,17.5,16.25,16.25,17.5,284.375,1.07692307692
train,train/images/GF6_WFV_E132.4_N35.8_20200914_L1A1120035552-3_10769_14848.png,train/labels/GF6_WFV_E132.4_N35.8_20200914_L1A1120035552-3_10769_14848.txt,512,512,0,0,0.62890625,0.7431640625,0.0234375,0.033203125,1.25,12,17,15,21.25,15,21.25,318.75,1.41666666667
train,train/images/GF6_WFV_E132.4_N35.8_20200914_L1A1120035552-3_10769_7168.png,train/labels/GF6_WFV_E132.4_N35.8_20200914_L1A1120035552-3_10769_7168.txt,512,512,0,0,0.6884765625,0.7333984375,0.033203125,0.037109375,1.25,17,19,21.25,23.75,21.25,23.75,504.6875,1.11764705882
train,train/images/GF6_WFV_E132.4_N35.8_20200914_L1A1120035552-3_10769_7168.png,train/labels/GF6_WFV_E132.4_N35.8_20200914_L1A1120035552-3_10769_7168.txt,512,512,0,1,0.9580078125,0.6337890625,0.037109375,0.060546875,1.25,19,31,23.75,38.75,23.75,38.75,920.3125,1.63157894737
train,train/images/GF6_WFV_E132.4_N35.8_20200914_L1A1120035552-3_10769_8704.png,train/labels/GF6_WFV_E132.4_N35.8_20200914_L1A1120035552-3_10769_8704.txt,512,512,0,0,0.1318359375,0.943359375,0.052734375,0.03515625,1.25,27,18,33.75,22.5,22.5,33.75,759.375,1.5
train,train/images/GF6_WFV_E132.4_N35.8_20200914_L1A1120035552-3_11264_14848.png,train/labels/GF6_WFV_E132.4_N35.8_20200914_L1A1120035552-3_11264_14848.txt,512,512,0,0,0.1923828125,0.5322265625,0.033203125,0.041015625,1.25,17,21,21.25,26.25,21.25,26.25,557.8125,1.23529411765
train,train/images/GF6_WFV_E132.4_N35.8_20200914_L1A1120035552-3_11264_7168.png,train/labels/GF6_WFV_E132.4_N35.8_20200914_L1A1120035552-3_11264_7168.txt,512,512,0,0,0.2939453125,0.12109375,0.021484375,0.02734375,1.25,11,14,13.75,17.5,13.75,17.5,240.625,1.27272727273
train,train/images/GF6_WFV_E132.4_N35.8_20200914_L1A1120035552-3_11281_14848.png,train/labels/GF6_WFV_E132.4_N35.8_20200914_L1A1120035552-3_11281_14848.txt,512,512,0,0,0.1591796875,0.53515625,0.041015625,0.03515625,1.25,21,18,26.25,22.5,22.5,26.25,590.625,1.16666666667
train,train/images/GF6_WFV_E132.4_N35.8_20200914_L1A1120035552-3_11281_7680.png,train/labels/GF6_WFV_E132.4_N35.8_20200914_L1A1120035552-3_11281_7680.txt,512,512,0,0,0.744140625,0.0087890625,0.03125,0.017578125,1.25,16,9,20,11.25,11.25,20,225,1.77777777778
train,train/images/GF6_WFV_E132.4_N35.8_20200914_L1A1120035552-3_11281_7680.png,train/labels/GF6_WFV_E132.4_N35.8_20200914_L1A1120035552-3_11281_7680.txt,512,512,0,1,0.908203125,0.068359375,0.0234375,0.0390625,1.25,12,20,15,25,15,25,375,1.66666666667
train,train/images/GF6_WFV_E132.4_N35.8_20200914_L1A1120035552-3_11281_7680.png,train/labels/GF6_WFV_E132.4_N35.8_20200914_L1A1120035552-3_11281_7680.txt,512,512,0,2,0.6240234375,0.115234375,0.029296875,0.03125,1.25,15,16,18.75,20,18.75,20,375,1.06666666667
train,train/images/GF6_WFV_E132.4_N35.8_20200914_L1A1120035552-3_11281_7680.png,train/labels/GF6_WFV_E132.4_N35.8_20200914_L1A1120035552-3_11281_7680.txt,512,512,0,3,0.7060546875,0.4296875,0.025390625,0.03515625,1.25,13,18,16.25,22.5,16.25,22.5,365.625,1.38461538462
train,train/images/GF6_WFV_E132.4_N35.8_20200914_L1A1120035552-3_11281_7680.png,train/labels/GF6_WFV_E132.4_N35.8_20200914_L1A1120035552-3_11281_7680.txt,512,512,0,4,0.93359375,0.7734375,0.03125,0.02734375,1.25,16,14,20,17.5,17.5,20,350,1.14285714286
train,train/images/GF6_WFV_E132.4_N35.8_20200914_L1A1120035552-3_11281_7680.png,train/labels/GF6_WFV_E132.4_N35.8_20200914_L1A1120035552-3_11281_7680.txt,512,512,0,5,0.6064453125,0.3056640625,0.029296875,0.025390625,1.25,15,13,18.75,16.25,16.25,18.75,304.6875,1.15384615385
train,train/images/GF6_WFV_E132.4_N35.8_20200914_L1A1120035552-3_11281_7680.png,train/labels/GF6_WFV_E132.4_N35.8_20200914_L1A1120035552-3_11281_7680.txt,512,512,0,6,0.82295221843,0.668393782383,0.0230375426621,0.0248704663212,1.25,11.795221843,12.7336787565,14.7440273038,15.9170984456,14.7440273038,15.9170984456,234.682134078,1.07956246402
train,train/images/GF6_WFV_E132.4_N35.8_20200914_L1A1120035552-3_11281_7680.png,train/labels/GF6_WFV_E132.4_N35.8_20200914_L1A1120035552-3_11281_7680.txt,512,512,0,7,0.451365187713,0.949740932642,0.018771331058,0.0238341968912,1.25,9.61092150171,12.2031088083,12.0136518771,15.2538860104,12.0136518771,15.2538860104,183.254876302,1.26971267075
train,train/images/GF6_WFV_E132.4_N35.8_20200914_L1A1120035552-3_11281_7680.png,train/labels/GF6_WFV_E132.4_N35.8_20200914_L1A1120035552-3_11281_7680.txt,512,512,0,8,0.497866894198,0.766839378238,0.0127986348123,0.020725388601,1.25,6.55290102389,10.6113989637,8.19112627986,13.2642487047,8.19112627986,13.2642487047,108.649136147,1.61934369603
train,train/images/GF6_WFV_E132.4_N35.8_20200914_L1A1120035552-3_11281_7680.png,train/labels/GF6_WFV_E132.4_N35.8_20200914_L1A1120035552-3_11281_7680.txt,512,512,0,9,0.514931740614,0.70103626943,0.0230375426621,0.019689119171,1.25,11.795221843,10.0808290155,14.7440273038,12.6010362694,12.6010362694,14.7440273038,185.790022812,1.17006466679
train,train/images/GF6_WFV_E132.4_N35.8_20200914_L1A1120035552-3_11281_7680.png,train/labels/GF6_WFV_E132.4_N35.8_20200914_L1A1120035552-3_11281_7680.txt,512,512,0,10,0.613481228669,0.525388601036,0.0153583617747,0.020725388601,1.25,7.86348122867,10.6113989637,9.82935153584,13.2642487047,9.82935153584,13.2642487047,130.378963377,1.34945308002
train,train/images/GF6_WFV_E132.4_N35.8_20200914_L1A1120035552-3_11281_7680.png,train/labels/GF6_WFV_E132.4_N35.8_20200914_L1A1120035552-3_11281_7680.txt,512,512,0,11,0.587883959044,0.503626943005,0.0153583617747,0.0227979274611,1.25,7.86348122867,11.6725388601,9.82935153584,14.5906735751,9.82935153584,14.5906735751,143.416859715,1.48439838803
train,train/images/GF6_WFV_E132.4_N35.8_20200914_L1A1120035552-3_11281_7680.png,train/labels/GF6_WFV_E132.4_N35.8_20200914_L1A1120035552-3_11281_7680.txt,512,512,0,12,0.564846416382,0.5,0.0170648464164,0.0217616580311,1.25,8.73720136519,11.1419689119,10.9215017065,13.9274611399,10.9215017065,13.9274611399,152.108790606,1.27523316062
train,train/images/GF6_WFV_E132.4_N35.8_20200914_L1A1120035552-3_11281_7680.png,train/labels/GF6_WFV_E132.4_N35.8_20200914_L1A1120035552-3_11281_7680.txt,512,512,0,13,0.540529010239,0.459585492228,0.0127986348123,0.019689119171,1.25,6.55290102389,10.0808290155,8.19112627986,12.6010362694,8.19112627986,12.6010362694,103.21667934,1.53837651123
train,train/images/GF6_WFV_E132.4_N35.8_20200914_L1A1120035552-3_11281_7680.png,train/labels/GF6_WFV_E132.4_N35.8_20200914_L1A1120035552-3_11281_7680.txt,512,512,0,14,0.57295221843,0.449222797927,0.0213310580205,0.0238341968912,1.25,10.9215017065,12.2031088083,13.6518771331,15.2538860104,13.6518771331,15.2538860104,208.244177616,1.11734715026
train,train/images/GF6_WFV_E132.4_N35.8_20200914_L1A1120035552-3_11281_7680.png,train/labels/GF6_WFV_E132.4_N35.8_20200914_L1A1120035552-3_11281_7680.txt,512,512,0,15,0.569965870307,0.426424870466,0.018771331058,0.0217616580311,1.25,9.61092150171,11.1419689119,12.0136518771,13.9274611399,12.0136518771,13.9274611399,167.319669667,1.15930287329
train,train/images/GF6_WFV_E132.4_N35.8_20200914_L1A1120035552-3_11281_8192.png,train/labels/GF6_WFV_E132.4_N35.8_20200914_L1A1120035552-3_11281_8192.txt,512,512,0,0,0.904296875,0.0771484375,0.0234375,0.029296875,1.25,12,15,15,18.75,15,18.75,281.25,1.25
train,train/images/GF6_WFV_E132.4_N35.8_20200914_L1A1120035552-3_11281_8192.png,train/labels/GF6_WFV_E132.4_N35.8_20200914_L1A1120035552-3_11281_8192.txt,512,512,0,1,0.7890625,0.392578125,0.01953125,0.03125,1.25,10,16,12.5,20,12.5,20,250,1.6
train,train/images/GF6_WFV_E132.4_N35.8_20200914_L1A1120035552-3_11281_8192.png,train/labels/GF6_WFV_E132.4_N35.8_20200914_L1A1120035552-3_11281_8192.txt,512,512,0,2,0.966796875,0.4736328125,0.02734375,0.033203125,1.25,14,17,17.5,21.25,17.5,21.25,371.875,1.21428571429
train,train/images/GF6_WFV_E132.4_N35.8_20200914_L1A1120035552-3_11281_8192.png,train/labels/GF6_WFV_E132.4_N35.8_20200914_L1A1120035552-3_11281_8192.txt,512,512,0,3,0.9521484375,0.7607421875,0.021484375,0.029296875,1.25,11,15,13.75,18.75,13.75,18.75,257.8125,1.36363636364
train,train/images/GF6_WFV_E132.4_N35.8_20200914_L1A1120035552-3_11281_8192.png,train/labels/GF6_WFV_E132.4_N35.8_20200914_L1A1120035552-3_11281_8192.txt,512,512,0,4,0.0107421875,0.8271484375,0.021484375,0.021484375,1.25,11,11,13.75,13.75,13.75,13.75,189.0625,1
train,train/images/GF6_WFV_E132.4_N35.8_20200914_L1A1120035552-3_11281_8704.png,train/labels/GF6_WFV_E132.4_N35.8_20200914_L1A1120035552-3_11281_8704.txt,512,512,0,0,0.8642578125,0.0498046875,0.025390625,0.025390625,1.25,13,13,16.25,16.25,16.25,16.25,264.0625,1
train,train/images/GF6_WFV_E132.4_N35.8_20200914_L1A1120035552-3_11776_14336.png,train/labels/GF6_WFV_E132.4_N35.8_20200914_L1A1120035552-3_11776_14336.txt,512,512,0,0,0.0146484375,0.51171875,0.029296875,0.04296875,1.25,15,22,18.75,27.5,18.75,27.5,515.625,1.46666666667
train,train/images/GF6_WFV_E132.4_N35.8_20200914_L1A1120035552-3_11776_14848.png,train/labels/GF6_WFV_E132.4_N35.8_20200914_L1A1120035552-3_11776_14848.txt,512,512,0,0,0.40625,0.2705078125,0.02734375,0.041015625,1.25,14,21,17.5,26.25,17.5,26.25,459.375,1.5
train,train/images/GF6_WFV_E132.4_N35.8_20200914_L1A1120035552-3_11776_17285.png,train/labels/GF6_WFV_E132.4_N35.8_20200914_L1A1120035552-3_11776_17285.txt,512,512,0,0,0.694539249147,0.417616580311,0.0324232081911,0.0435233160622,1.25,16.6006825939,22.2839378238,20.7508532423,27.8549222798,20.7508532423,27.8549222798,578.013404304,1.34235069539
train,train/images/GF6_WFV_E132.4_N35.8_20200914_L1A1120035552-3_11776_7168.png,train/labels/GF6_WFV_E132.4_N35.8_20200914_L1A1120035552-3_11776_7168.txt,512,512,0,0,0.941552901024,0.0176165803109,0.0213310580205,0.0269430051813,1.25,10.9215017065,13.7948186528,13.6518771331,17.2435233161,13.6518771331,17.2435233161,235.406461653,1.2630880829
train,train/images/GF6_WFV_E132.4_N35.8_20200914_L1A1120035552-3_11776_7168.png,train/labels/GF6_WFV_E132.4_N35.8_20200914_L1A1120035552-3_11776_7168.txt,512,512,0,1,0.863481228669,0.463212435233,0.0221843003413,0.0331606217617,1.25,11.3583617747,16.978238342,14.1979522184,21.2227979275,14.1979522184,21.2227979275,301.320270915,1.49477879633
train,train/images/GF6_WFV_E132.4_N35.8_20200914_L1A1120035552-3_11776_7168.png,train/labels/GF6_WFV_E132.4_N35.8_20200914_L1A1120035552-3_11776_7168.txt,512,512,0,2,0.883532423208,0.543005181347,0.0230375426621,0.0435233160622,1.25,11.795221843,22.2839378238,14.7440273038,27.8549222798,14.7440273038,27.8549222798,410.693734637,1.88923431203
train,train/images/GF6_WFV_E132.4_N35.8_20200914_L1A1120035552-3_11793_14848.png,train/labels/GF6_WFV_E132.4_N35.8_20200914_L1A1120035552-3_11793_14848.txt,512,512,0,0,0.37109375,0.271484375,0.03515625,0.04296875,1.25,18,22,22.5,27.5,22.5,27.5,618.75,1.22222222222
train,train/images/GF6_WFV_E132.4_N35.8_20200914_L1A1120035552-3_11793_17285.png,train/labels/GF6_WFV_E132.4_N35.8_20200914_L1A1120035552-3_11793_17285.txt,512,512,0,0,0.6552734375,0.4140625,0.044921875,0.04296875,1.25,23,22,28.75,27.5,27.5,28.75,790.625,1.04545454545
train,train/images/GF6_WFV_E132.4_N35.8_20200914_L1A1120035552-3_11793_7168.png,train/labels/GF6_WFV_E132.4_N35.8_20200914_L1A1120035552-3_11793_7168.txt,512,512,0,0,0.8447265625,0.5419921875,0.021484375,0.025390625,1.25,11,13,13.75,16.25,13.75,16.25,223.4375,1.18181818182
train,train/images/GF6_WFV_E132.4_N35.8_20200914_L1A1120035552-3_11793_7168.png,train/labels/GF6_WFV_E132.4_N35.8_20200914_L1A1120035552-3_11793_7168.txt,512,512,0,1,0.8310546875,0.458984375,0.025390625,0.0234375,1.25,13,12,16.25,15,15,16.25,243.75,1.08333333333
train,train/images/GF6_WFV_E132.4_N35.8_20200914_L1A1120035552-3_11793_7168.png,train/labels/GF6_WFV_E132.4_N35.8_20200914_L1A1120035552-3_11793_7168.txt,512,512,0,2,0.90625,0.0185546875,0.0234375,0.029296875,1.25,12,15,15,18.75,15,18.75,281.25,1.25
train,train/images/GF6_WFV_E132.4_N35.8_20200914_L1A1120035552-3_11793_8192.png,train/labels/GF6_WFV_E132.4_N35.8_20200914_L1A1120035552-3_11793_8192.txt,512,512,0,0,0.173828125,0.0107421875,0.02734375,0.017578125,1.25,14,9,17.5,11.25,11.25,17.5,196.875,1.55555555556
train,train/images/GF6_WFV_E132.4_N35.8_20200914_L1A1120035552-3_11793_8192.png,train/labels/GF6_WFV_E132.4_N35.8_20200914_L1A1120035552-3_11793_8192.txt,512,512,0,1,0.505859375,0.2919921875,0.03515625,0.029296875,1.25,18,15,22.5,18.75,18.75,22.5,421.875,1.2
train,train/images/GF6_WFV_E132.4_N35.8_20200914_L1A1120035552-3_11793_8192.png,train/labels/GF6_WFV_E132.4_N35.8_20200914_L1A1120035552-3_11793_8192.txt,512,512,0,2,0.7314453125,0.341796875,0.025390625,0.03125,1.25,13,16,16.25,20,16.25,20,325,1.23076923077
train,train/images/GF6_WFV_E132.4_N35.8_20200914_L1A1120035552-3_11793_8192.png,train/labels/GF6_WFV_E132.4_N35.8_20200914_L1A1120035552-3_11793_8192.txt,512,512,0,3,0.7509765625,0.451171875,0.029296875,0.03125,1.25,15,16,18.75,20,18.75,20,375,1.06666666667
train,train/images/GF6_WFV_E132.4_N35.8_20200914_L1A1120035552-3_11793_8192.png,train/labels/GF6_WFV_E132.4_N35.8_20200914_L1A1120035552-3_11793_8192.txt,512,512,0,4,0.958984375,0.3642578125,0.0234375,0.021484375,1.25,12,11,15,13.75,13.75,15,206.25,1.09090909091
train,train/images/GF6_WFV_E132.4_N35.8_20200914_L1A1120035552-3_11793_8192.png,train/labels/GF6_WFV_E132.4_N35.8_20200914_L1A1120035552-3_11793_8192.txt,512,512,0,5,0.9541015625,0.3837890625,0.033203125,0.017578125,1.25,17,9,21.25,11.25,11.25,21.25,239.0625,1.88888888889
train,train/images/GF6_WFV_E132.4_N35.8_20200914_L1A1120035552-3_11793_8192.png,train/labels/GF6_WFV_E132.4_N35.8_20200914_L1A1120035552-3_11793_8192.txt,512,512,0,6,0.013671875,0.13671875,0.01953125,0.02734375,1.25,10,14,12.5,17.5,12.5,17.5,218.75,1.4
train,train/images/GF6_WFV_E132.4_N35.8_20200914_L1A1120035552-3_11793_8192.png,train/labels/GF6_WFV_E132.4_N35.8_20200914_L1A1120035552-3_11793_8192.txt,512,512,0,7,0.142578125,0.2978515625,0.02734375,0.029296875,1.25,14,15,17.5,18.75,17.5,18.75,328.125,1.07142857143
train,train/images/GF6_WFV_E132.4_N35.8_20200914_L1A1120035552-3_11793_8192.png,train/labels/GF6_WFV_E132.4_N35.8_20200914_L1A1120035552-3_11793_8192.txt,512,512,0,8,0.2509765625,0.4638671875,0.021484375,0.021484375,1.25,11,11,13.75,13.75,13.75,13.75,189.0625,1
train,train/images/GF6_WFV_E132.4_N35.8_20200914_L1A1120035552-3_11793_8192.png,train/labels/GF6_WFV_E132.4_N35.8_20200914_L1A1120035552-3_11793_8192.txt,512,512,0,9,0.1650390625,0.685546875,0.017578125,0.02734375,1.25,9,14,11.25,17.5,11.25,17.5,196.875,1.55555555556
train,train/images/GF6_WFV_E132.4_N35.8_20200914_L1A1120035552-3_11793_8192.png,train/labels/GF6_WFV_E132.4_N35.8_20200914_L1A1120035552-3_11793_8192.txt,512,512,0,10,0.3095703125,0.7763671875,0.021484375,0.021484375,1.25,11,11,13.75,13.75,13.75,13.75,189.0625,1
train,train/images/GF6_WFV_E132.4_N35.8_20200914_L1A1120035552-3_11793_8704.png,train/labels/GF6_WFV_E132.4_N35.8_20200914_L1A1120035552-3_11793_8704.txt,512,512,0,0,0.9736328125,0.822265625,0.033203125,0.04296875,1.25,17,22,21.25,27.5,21.25,27.5,584.375,1.29411764706
train,train/images/GF6_WFV_E132.4_N35.8_20200914_L1A1120035552-3_11793_8704.png,train/labels/GF6_WFV_E132.4_N35.8_20200914_L1A1120035552-3_11793_8704.txt,512,512,0,1,0.8701171875,0.6982421875,0.025390625,0.021484375,1.25,13,11,16.25,13.75,13.75,16.25,223.4375,1.18181818182
train,train/images/GF6_WFV_E132.4_N35.8_20200914_L1A1120035552-3_11793_8704.png,train/labels/GF6_WFV_E132.4_N35.8_20200914_L1A1120035552-3_11793_8704.txt,512,512,0,2,0.2373046875,0.1337890625,0.021484375,0.025390625,1.25,11,13,13.75,16.25,13.75,16.25,223.4375,1.18181818182
train,train/images/GF6_WFV_E132.4_N35.8_20200914_L1A1120035552-3_11793_8704.png,train/labels/GF6_WFV_E132.4_N35.8_20200914_L1A1120035552-3_11793_8704.txt,512,512,0,3,0.3125,0.16796875,0.0234375,0.02734375,1.25,12,14,15,17.5,15,17.5,262.5,1.16666666667
train,train/images/GF6_WFV_E132.4_N35.8_20200914_L1A1120035552-3_11793_8704.png,train/labels/GF6_WFV_E132.4_N35.8_20200914_L1A1120035552-3_11793_8704.txt,512,512,0,4,0.205078125,0.017578125,0.0234375,0.02734375,1.25,12,14,15,17.5,15,17.5,262.5,1.16666666667
train,train/images/GF6_WFV_E132.4_N35.8_20200914_L1A1120035552-3_12305_7168.png,train/labels/GF6_WFV_E132.4_N35.8_20200914_L1A1120035552-3_12305_7168.txt,512,512,0,0,0.0517578125,0.9443359375,0.029296875,0.025390625,1.25,15,13,18.75,16.25,16.25,18.75,304.6875,1.15384615385
train,train/images/GF6_WFV_E132.4_N35.8_20200914_L1A1120035552-3_12305_7168.png,train/labels/GF6_WFV_E132.4_N35.8_20200914_L1A1120035552-3_12305_7168.txt,512,512,0,1,0.15234375,0.9033203125,0.01953125,0.033203125,1.25,10,17,12.5,21.25,12.5,21.25,265.625,1.7
train,train/images/GF6_WFV_E132.4_N35.8_20200914_L1A1120035552-3_12305_8704.png,train/labels/GF6_WFV_E132.4_N35.8_20200914_L1A1120035552-3_12305_8704.txt,512,512,0,0,0.6455078125,0.0283203125,0.025390625,0.052734375,1.25,13,27,16.25,33.75,16.25,33.75,548.4375,2.07692307692
train,train/images/GF6_WFV_E132.4_N35.8_20200914_L1A1120035552-3_12305_8704.png,train/labels/GF6_WFV_E132.4_N35.8_20200914_L1A1120035552-3_12305_8704.txt,512,512,0,1,0.515625,0.4091796875,0.02734375,0.033203125,1.25,14,17,17.5,21.25,17.5,21.25,371.875,1.21428571429
train,train/images/GF6_WFV_E132.4_N35.8_20200914_L1A1120035552-3_12305_8704.png,train/labels/GF6_WFV_E132.4_N35.8_20200914_L1A1120035552-3_12305_8704.txt,512,512,0,2,0.875,0.599609375,0.04296875,0.02734375,1.25,22,14,27.5,17.5,17.5,27.5,481.25,1.57142857143
train,train/images/GF6_WFV_E132.4_N35.8_20200914_L1A1120035552-3_12305_8704.png,train/labels/GF6_WFV_E132.4_N35.8_20200914_L1A1120035552-3_12305_8704.txt,512,512,0,3,0.916015625,0.8583984375,0.03125,0.037109375,1.25,16,19,20,23.75,20,23.75,475,1.1875
train,train/images/GF6_WFV_E132.4_N35.8_20200914_L1A1120035552-3_12305_8704.png,train/labels/GF6_WFV_E132.4_N35.8_20200914_L1A1120035552-3_12305_8704.txt,512,512,0,4,0.9375,0.9404296875,0.02734375,0.025390625,1.25,14,13,17.5,16.25,16.25,17.5,284.375,1.07692307692
train,train/images/GF6_WFV_E132.4_N35.8_20200914_L1A1120035552-3_12305_8704.png,train/labels/GF6_WFV_E132.4_N35.8_20200914_L1A1120035552-3_12305_8704.txt,512,512,0,5,0.3505859375,0.400390625,0.025390625,0.01953125,1.25,13,10,16.25,12.5,12.5,16.25,203.125,1.3
train,train/images/GF6_WFV_E132.4_N35.8_20200914_L1A1120035552-3_12305_8704.png,train/labels/GF6_WFV_E132.4_N35.8_20200914_L1A1120035552-3_12305_8704.txt,512,512,0,6,0.1318359375,0.8740234375,0.025390625,0.021484375,1.25,13,11,16.25,13.75,13.75,16.25,223.4375,1.18181818182
train,train/images/GF6_WFV_E132.4_N35.8_20200914_L1A1120035552-3_9728_16896.png,train/labels/GF6_WFV_E132.4_N35.8_20200914_L1A1120035552-3_9728_16896.txt,512,512,0,0,0.1455078125,0.8642578125,0.033203125,0.037109375,1.25,17,19,21.25,23.75,21.25,23.75,504.6875,1.11764705882
train,train/images/GF6_WFV_E132.4_N35.8_20200914_L1A1120035552-3_9728_17285.png,train/labels/GF6_WFV_E132.4_N35.8_20200914_L1A1120035552-3_9728_17285.txt,512,512,0,0,0.14453125,0.10546875,0.0234375,0.03515625,1.25,12,18,15,22.5,15,22.5,337.5,1.5
train,train/images/GF6_WFV_E132.4_N35.8_20200914_L1A1120035552-3_9728_17285.png,train/labels/GF6_WFV_E132.4_N35.8_20200914_L1A1120035552-3_9728_17285.txt,512,512,0,1,0.47265625,0.3291015625,0.02734375,0.037109375,1.25,14,19,17.5,23.75,17.5,23.75,415.625,1.35714285714
train,train/images/GF6_WFV_E132.5_N26.9_20200530_L1A1120002375-3_1536_2048.png,train/labels/GF6_WFV_E132.5_N26.9_20200530_L1A1120002375-3_1536_2048.txt,512,512,0,0,0.7451171875,0.1484375,0.025390625,0.03125,1.25,13,16,16.25,20,16.25,20,325,1.23076923077
train,train/images/GF6_WFV_E133.0_N29.1_20200419_L1A1119988598-3_12305_16777.png,train/labels/GF6_WFV_E133.0_N29.1_20200419_L1A1119988598-3_12305_16777.txt,512,512,0,0,0.728515625,0.4541015625,0.0390625,0.037109375,1.25,20,19,25,23.75,23.75,25,593.75,1.05263157895
train,train/images/GF6_WFV_E133.0_N29.1_20200419_L1A1119988598-3_2560_7168.png,train/labels/GF6_WFV_E133.0_N29.1_20200419_L1A1119988598-3_2560_7168.txt,512,512,0,0,0.862201365188,0.629533678756,0.0298634812287,0.0445595854922,1.25,15.2901023891,22.814507772,19.1126279863,28.518134715,19.1126279863,28.518134715,545.056499673,1.49210954848
train,train/images/GF6_WFV_E133.0_N29.1_20200419_L1A1119988598-3_5632_6656.png,train/labels/GF6_WFV_E133.0_N29.1_20200419_L1A1119988598-3_5632_6656.txt,512,512,0,0,0.34765625,0.6806640625,0.03125,0.041015625,1.25,16,21,20,26.25,20,26.25,525,1.3125
train,train/images/GF6_WFV_E133.0_N29.1_20200530_L1A1120002372-3_10240_5632.png,train/labels/GF6_WFV_E133.0_N29.1_20200530_L1A1120002372-3_10240_5632.txt,512,512,0,0,0.533203125,0.486328125,0.04296875,0.0546875,1.25,22,28,27.5,35,27.5,35,962.5,1.27272727273
train,train/images/GF6_WFV_E133.0_N38.0_20200914_L1A1120035551-1_11264_16777.png,train/labels/GF6_WFV_E133.0_N38.0_20200914_L1A1120035551-1_11264_16777.txt,512,512,0,0,0.0263671875,0.4970703125,0.052734375,0.052734375,1.25,27,27,33.75,33.75,33.75,33.75,1139.0625,1
train,train/images/GF6_WFV_E133.0_N38.0_20200914_L1A1120035551-1_11264_16896.png,train/labels/GF6_WFV_E133.0_N38.0_20200914_L1A1120035551-1_11264_16896.txt,512,512,0,0,0.0322265625,0.271484375,0.064453125,0.06640625,1.25,33,34,41.25,42.5,41.25,42.5,1753.125,1.0303030303
train,train/images/GF6_WFV_E133.0_N38.0_20200914_L1A1120035551-1_6144_16777.png,train/labels/GF6_WFV_E133.0_N38.0_20200914_L1A1120035551-1_6144_16777.txt,512,512,0,0,0.528583617747,0.658031088083,0.0264505119454,0.039378238342,1.25,13.542662116,20.1616580311,16.9283276451,25.2020725389,16.9283276451,25.2020725389,426.628941272,1.48875146248
train,train/images/GF6_WFV_E133.0_N38.0_20200914_L1A1120035551-1_6656_16777.png,train/labels/GF6_WFV_E133.0_N38.0_20200914_L1A1120035551-1_6656_16777.txt,512,512,0,0,0.3203125,0.896484375,0.046875,0.04296875,1.25,24,22,30,27.5,27.5,30,825,1.09090909091
train,train/images/GF6_WFV_E133.0_N38.0_20200914_L1A1120035551-1_7168_16777.png,train/labels/GF6_WFV_E133.0_N38.0_20200914_L1A1120035551-1_7168_16777.txt,512,512,0,0,0.98046875,0.564453125,0.0390625,0.03125,1.25,20,16,25,20,20,25,500,1.25
train,train/images/GF6_WFV_E133.1_N26.9_20200603_L1A1120004043-1_2560_8704.png,train/labels/GF6_WFV_E133.1_N26.9_20200603_L1A1120004043-1_2560_8704.txt,512,512,0,0,0.17578125,0.5234375,0.03515625,0.03125,1.25,18,16,22.5,20,20,22.5,450,1.125
train,train/images/GF6_WFV_E133.1_N26.9_20200603_L1A1120004043-1_3072_13824.png,train/labels/GF6_WFV_E133.1_N26.9_20200603_L1A1120004043-1_3072_13824.txt,512,512,0,0,0.7236328125,0.1396484375,0.044921875,0.056640625,1.25,23,29,28.75,36.25,28.75,36.25,1042.1875,1.26086956522
train,train/images/GF6_WFV_E133.1_N26.9_20200603_L1A1120004043-1_5120_3584.png,train/labels/GF6_WFV_E133.1_N26.9_20200603_L1A1120004043-1_5120_3584.txt,512,512,0,0,0.814453125,0.24609375,0.02734375,0.03515625,1.25,14,18,17.5,22.5,17.5,22.5,393.75,1.28571428571
train,train/images/GF6_WFV_E133.1_N26.9_20200603_L1A1120004043-1_6144_2048.png,train/labels/GF6_WFV_E133.1_N26.9_20200603_L1A1120004043-1_6144_2048.txt,512,512,0,0,0.4560546875,0.38671875,0.044921875,0.03515625,1.25,23,18,28.75,22.5,22.5,28.75,646.875,1.27777777778
train,train/images/GF6_WFV_E133.1_N26.9_20200603_L1A1120004043-1_8704_7680.png,train/labels/GF6_WFV_E133.1_N26.9_20200603_L1A1120004043-1_8704_7680.txt,512,512,0,0,0.8623046875,0.826171875,0.041015625,0.04296875,1.25,21,22,26.25,27.5,26.25,27.5,721.875,1.04761904762
train,train/images/GF6_WFV_E133.1_N26.9_20200603_L1A1120004043-2_13824_5120.png,train/labels/GF6_WFV_E133.1_N26.9_20200603_L1A1120004043-2_13824_5120.txt,512,512,0,0,0.2392578125,0.4931640625,0.044921875,0.037109375,1.25,23,19,28.75,23.75,23.75,28.75,682.8125,1.21052631579
train,train/images/GF6_WFV_E133.1_N26.9_20200603_L1A1120004043-2_8704_3584.png,train/labels/GF6_WFV_E133.1_N26.9_20200603_L1A1120004043-2_8704_3584.txt,512,512,0,0,0.671875,0.162109375,0.03515625,0.04296875,1.25,18,22,22.5,27.5,22.5,27.5,618.75,1.22222222222
train,train/images/GF6_WFV_E133.6_N31.4_20200530_L1A1120002371-3_6656_1536.png,train/labels/GF6_WFV_E133.6_N31.4_20200530_L1A1120002371-3_6656_1536.txt,512,512,0,0,0.3564453125,0.978515625,0.064453125,0.0390625,1.25,33,20,41.25,25,25,41.25,1031.25,1.65
train,train/images/GF6_WFV_E133.6_N33.6_20200305_L1A1119973496-1_0_0.png,train/labels/GF6_WFV_E133.6_N33.6_20200305_L1A1119973496-1_0_0.txt,512,512,0,0,0.6826171875,0.8046875,0.021484375,0.02734375,1.25,11,14,13.75,17.5,13.75,17.5,240.625,1.27272727273
train,train/images/GF6_WFV_E133.6_N33.6_20200305_L1A1119973496-1_0_0.png,train/labels/GF6_WFV_E133.6_N33.6_20200305_L1A1119973496-1_0_0.txt,512,512,0,1,0.6484375,0.1953125,0.03125,0.0390625,1.25,16,20,20,25,20,25,500,1.25
train,train/images/GF6_WFV_E133.6_N33.6_20200305_L1A1119973496-1_0_0.png,train/labels/GF6_WFV_E133.6_N33.6_20200305_L1A1119973496-1_0_0.txt,512,512,0,2,0.74609375,0.4833984375,0.02734375,0.033203125,1.25,14,17,17.5,21.25,17.5,21.25,371.875,1.21428571429
train,train/images/GF6_WFV_E133.6_N33.6_20200305_L1A1119973496-1_0_0.png,train/labels/GF6_WFV_E133.6_N33.6_20200305_L1A1119973496-1_0_0.txt,512,512,0,3,0.7568359375,0.1376953125,0.029296875,0.021484375,1.25,15,11,18.75,13.75,13.75,18.75,257.8125,1.36363636364
train,train/images/GF6_WFV_E133.6_N33.6_20200305_L1A1119973496-1_0_0.png,train/labels/GF6_WFV_E133.6_N33.6_20200305_L1A1119973496-1_0_0.txt,512,512,0,4,0.6494140625,0.4482421875,0.029296875,0.017578125,1.25,15,9,18.75,11.25,11.25,18.75,210.9375,1.66666666667
train,train/images/GF6_WFV_E133.6_N33.6_20200305_L1A1119973496-1_0_1024.png,train/labels/GF6_WFV_E133.6_N33.6_20200305_L1A1119973496-1_0_1024.txt,512,512,0,0,0.2412109375,0.052734375,0.033203125,0.03125,1.25,17,16,21.25,20,20,21.25,425,1.0625
train,train/images/GF6_WFV_E133.6_N33.6_20200305_L1A1119973496-1_0_2560.png,train/labels/GF6_WFV_E133.6_N33.6_20200305_L1A1119973496-1_0_2560.txt,512,512,0,0,0.0458984375,0.970703125,0.041015625,0.04296875,1.25,21,22,26.25,27.5,26.25,27.5,721.875,1.04761904762
train,train/images/GF6_WFV_E133.6_N33.6_20200305_L1A1119973496-1_0_2560.png,train/labels/GF6_WFV_E133.6_N33.6_20200305_L1A1119973496-1_0_2560.txt,512,512,0,1,0.41796875,0.7080078125,0.03125,0.041015625,1.25,16,21,20,26.25,20,26.25,525,1.3125
train,train/images/GF6_WFV_E133.6_N33.6_20200305_L1A1119973496-1_0_2560.png,train/labels/GF6_WFV_E133.6_N33.6_20200305_L1A1119973496-1_0_2560.txt,512,512,0,2,0.0810546875,0.685546875,0.033203125,0.03515625,1.25,17,18,21.25,22.5,21.25,22.5,478.125,1.05882352941
train,train/images/GF6_WFV_E133.6_N33.6_20200305_L1A1119973496-1_10240_8192.png,train/labels/GF6_WFV_E133.6_N33.6_20200305_L1A1119973496-1_10240_8192.txt,512,512,0,0,0.5029296875,0.7119140625,0.025390625,0.025390625,1.25,13,13,16.25,16.25,16.25,16.25,264.0625,1
train,train/images/GF6_WFV_E133.6_N33.6_20200305_L1A1119973496-1_10240_8192.png,train/labels/GF6_WFV_E133.6_N33.6_20200305_L1A1119973496-1_10240_8192.txt,512,512,0,1,0.62542662116,0.753886010363,0.0273037542662,0.0217616580311,1.25,13.9795221843,11.1419689119,17.4744027304,13.9274611399,13.9274611399,17.4744027304,243.37406497,1.25467251747
train,train/images/GF6_WFV_E133.6_N33.6_20200305_L1A1119973496-1_10240_8192.png,train/labels/GF6_WFV_E133.6_N33.6_20200305_L1A1119973496-1_10240_8192.txt,512,512,0,2,0.826791808874,0.837823834197,0.0204778156997,0.0238341968912,1.25,10.4846416382,12.2031088083,13.1058020478,15.2538860104,13.1058020478,15.2538860104,199.914410511,1.16390328152
train,train/images/GF6_WFV_E133.6_N33.6_20200305_L1A1119973496-1_10240_8192.png,train/labels/GF6_WFV_E133.6_N33.6_20200305_L1A1119973496-1_10240_8192.txt,512,512,0,3,0.469709897611,0.599481865285,0.028156996587,0.0217616580311,1.25,14.4163822526,11.1419689119,18.0204778157,13.9274611399,13.9274611399,18.0204778157,250.979504501,1.29388103364
train,train/images/GF6_WFV_E133.6_N33.6_20200305_L1A1119973496-1_10240_8192.png,train/labels/GF6_WFV_E133.6_N33.6_20200305_L1A1119973496-1_10240_8192.txt,512,512,0,4,0.621587030717,0.669430051813,0.0230375426621,0.0248704663212,1.25,11.795221843,12.7336787565,14.7440273038,15.9170984456,14.7440273038,15.9170984456,234.682134078,1.07956246402
train,train/images/GF6_WFV_E133.6_N33.6_20200305_L1A1119973496-1_10240_8192.png,train/labels/GF6_WFV_E133.6_N33.6_20200305_L1A1119973496-1_10240_8192.txt,512,512,0,5,0.61476109215,0.771502590674,0.0179180887372,0.019689119171,1.25,9.17406143345,10.0808290155,11.4675767918,12.6010362694,11.4675767918,12.6010362694,144.503351076,1.09884036516
train,train/images/GF6_WFV_E133.6_N33.6_20200305_L1A1119973496-1_1024_0.png,train/labels/GF6_WFV_E133.6_N33.6_20200305_L1A1119973496-1_1024_0.txt,512,512,0,0,0.0498046875,0.2939453125,0.029296875,0.021484375,1.25,15,11,18.75,13.75,13.75,18.75,257.8125,1.36363636364
train,train/images/GF6_WFV_E133.6_N33.6_20200305_L1A1119973496-1_1024_13312.png,train/labels/GF6_WFV_E133.6_N33.6_20200305_L1A1119973496-1_1024_13312.txt,512,512,0,0,0.7109375,0.6552734375,0.0390625,0.037109375,1.25,20,19,25,23.75,23.75,25,593.75,1.05263157895
train,train/images/GF6_WFV_E133.6_N33.6_20200305_L1A1119973496-1_1024_512.png,train/labels/GF6_WFV_E133.6_N33.6_20200305_L1A1119973496-1_1024_512.txt,512,512,0,0,0.75,0.296875,0.02734375,0.02734375,1.25,14,14,17.5,17.5,17.5,17.5,306.25,1
train,train/images/GF6_WFV_E133.6_N33.6_20200305_L1A1119973496-1_11264_9216.png,train/labels/GF6_WFV_E133.6_N33.6_20200305_L1A1119973496-1_11264_9216.txt,512,512,0,0,0.533203125,0.2353515625,0.05078125,0.060546875,1.25,26,31,32.5,38.75,32.5,38.75,1259.375,1.19230769231
train,train/images/GF6_WFV_E133.6_N33.6_20200305_L1A1119973496-1_12416_9216.png,train/labels/GF6_WFV_E133.6_N33.6_20200305_L1A1119973496-1_12416_9216.txt,512,512,0,0,0.4453125,0.2529296875,0.04296875,0.025390625,1.25,22,13,27.5,16.25,16.25,27.5,446.875,1.69230769231
train,train/images/GF6_WFV_E133.6_N33.6_20200305_L1A1119973496-1_12928_9216.png,train/labels/GF6_WFV_E133.6_N33.6_20200305_L1A1119973496-1_12928_9216.txt,512,512,0,0,0.9853515625,0.0869140625,0.029296875,0.029296875,1.25,15,15,18.75,18.75,18.75,18.75,351.5625,1
train,train/images/GF6_WFV_E133.6_N33.6_20200305_L1A1119973496-1_13440_9216.png,train/labels/GF6_WFV_E133.6_N33.6_20200305_L1A1119973496-1_13440_9216.txt,512,512,0,0,0.08984375,0.94921875,0.046875,0.04296875,1.25,24,22,30,27.5,27.5,30,825,1.09090909091
train,train/images/GF6_WFV_E133.6_N33.6_20200305_L1A1119973496-1_1536_2560.png,train/labels/GF6_WFV_E133.6_N33.6_20200305_L1A1119973496-1_1536_2560.txt,512,512,0,0,0.83984375,0.58984375,0.0390625,0.02734375,1.25,20,14,25,17.5,17.5,25,437.5,1.42857142857
train,train/images/GF6_WFV_E133.6_N33.6_20200305_L1A1119973496-1_1536_2560.png,train/labels/GF6_WFV_E133.6_N33.6_20200305_L1A1119973496-1_1536_2560.txt,512,512,0,1,0.7333984375,0.8486328125,0.029296875,0.037109375,1.25,15,19,18.75,23.75,18.75,23.75,445.3125,1.26666666667
train,train/images/GF6_WFV_E133.6_N33.6_20200305_L1A1119973496-1_1536_2560.png,train/labels/GF6_WFV_E133.6_N33.6_20200305_L1A1119973496-1_1536_2560.txt,512,512,0,2,0.943359375,0.96484375,0.03125,0.03125,1.25,16,16,20,20,20,20,400,1
train,train/images/GF6_WFV_E133.6_N33.6_20200305_L1A1119973496-1_1536_512.png,train/labels/GF6_WFV_E133.6_N33.6_20200305_L1A1119973496-1_1536_512.txt,512,512,0,0,0.1025390625,0.9248046875,0.037109375,0.025390625,1.25,19,13,23.75,16.25,16.25,23.75,385.9375,1.46153846154
train,train/images/GF6_WFV_E133.6_N33.6_20200305_L1A1119973496-1_1536_9216.png,train/labels/GF6_WFV_E133.6_N33.6_20200305_L1A1119973496-1_1536_9216.txt,512,512,0,0,0.2275390625,0.2734375,0.029296875,0.02734375,1.25,15,14,18.75,17.5,17.5,18.75,328.125,1.07142857143
train,train/images/GF6_WFV_E133.6_N33.6_20200305_L1A1119973496-1_1536_9728.png,train/labels/GF6_WFV_E133.6_N33.6_20200305_L1A1119973496-1_1536_9728.txt,512,512,0,0,0.8515625,0.2666015625,0.0390625,0.044921875,1.25,20,23,25,28.75,25,28.75,718.75,1.15
train,train/images/GF6_WFV_E133.6_N33.6_20200305_L1A1119973496-1_2048_0.png,train/labels/GF6_WFV_E133.6_N33.6_20200305_L1A1119973496-1_2048_0.txt,512,512,0,0,0.599609375,0.8603515625,0.03515625,0.037109375,1.25,18,19,22.5,23.75,22.5,23.75,534.375,1.05555555556
train,train/images/GF6_WFV_E133.6_N33.6_20200305_L1A1119973496-1_2048_2560.png,train/labels/GF6_WFV_E133.6_N33.6_20200305_L1A1119973496-1_2048_2560.txt,512,512,0,0,0.149744027304,0.911398963731,0.0247440273038,0.0300518134715,1.25,12.6689419795,15.3865284974,15.8361774744,19.2331606218,15.8361774744,19.2331606218,304.579745,1.21450777202
train,train/images/GF6_WFV_E133.6_N33.6_20200305_L1A1119973496-1_2048_3072.png,train/labels/GF6_WFV_E133.6_N33.6_20200305_L1A1119973496-1_2048_3072.txt,512,512,0,0,0.166015625,0.3095703125,0.0390625,0.033203125,1.25,20,17,25,21.25,21.25,25,531.25,1.17647058824
train,train/images/GF6_WFV_E133.6_N33.6_20200305_L1A1119973496-1_2048_3072.png,train/labels/GF6_WFV_E133.6_N33.6_20200305_L1A1119973496-1_2048_3072.txt,512,512,0,1,0.3359375,0.55078125,0.03515625,0.03515625,1.25,18,18,22.5,22.5,22.5,22.5,506.25,1
train,train/images/GF6_WFV_E133.6_N33.6_20200305_L1A1119973496-1_2048_3072.png,train/labels/GF6_WFV_E133.6_N33.6_20200305_L1A1119973496-1_2048_3072.txt,512,512,0,2,0.93359375,0.1337890625,0.03515625,0.037109375,1.25,18,19,22.5,23.75,22.5,23.75,534.375,1.05555555556
train,train/images/GF6_WFV_E133.6_N33.6_20200305_L1A1119973496-1_2048_8704.png,train/labels/GF6_WFV_E133.6_N33.6_20200305_L1A1119973496-1_2048_8704.txt,512,512,0,0,0.845703125,0.9599609375,0.046875,0.029296875,1.25,24,15,30,18.75,18.75,30,562.5,1.6
train,train/images/GF6_WFV_E133.6_N33.6_20200305_L1A1119973496-1_2560_0.png,train/labels/GF6_WFV_E133.6_N33.6_20200305_L1A1119973496-1_2560_0.txt,512,512,0,0,0.2802734375,0.390625,0.052734375,0.03515625,1.25,27,18,33.75,22.5,22.5,33.75,759.375,1.5
train,train/images/GF6_WFV_E133.6_N33.6_20200305_L1A1119973496-1_2560_6144.png,train/labels/GF6_WFV_E133.6_N33.6_20200305_L1A1119973496-1_2560_6144.txt,512,512,0,0,0.306640625,0.1806640625,0.03515625,0.037109375,1.25,18,19,22.5,23.75,22.5,23.75,534.375,1.05555555556
train,train/images/GF6_WFV_E133.6_N33.6_20200305_L1A1119973496-1_2560_8704.png,train/labels/GF6_WFV_E133.6_N33.6_20200305_L1A1119973496-1_2560_8704.txt,512,512,0,0,0.6455078125,0.4208984375,0.037109375,0.029296875,1.25,19,15,23.75,18.75,18.75,23.75,445.3125,1.26666666667
train,train/images/GF6_WFV_E133.6_N33.6_20200305_L1A1119973496-1_2560_8704.png,train/labels/GF6_WFV_E133.6_N33.6_20200305_L1A1119973496-1_2560_8704.txt,512,512,0,1,0.9091796875,0.1240234375,0.033203125,0.025390625,1.25,17,13,21.25,16.25,16.25,21.25,345.3125,1.30769230769
train,train/images/GF6_WFV_E133.6_N33.6_20200305_L1A1119973496-1_3072_10240.png,train/labels/GF6_WFV_E133.6_N33.6_20200305_L1A1119973496-1_3072_10240.txt,512,512,0,0,0.1005859375,0.673828125,0.021484375,0.02734375,1.25,11,14,13.75,17.5,13.75,17.5,240.625,1.27272727273
train,train/images/GF6_WFV_E133.6_N33.6_20200305_L1A1119973496-1_3072_10240.png,train/labels/GF6_WFV_E133.6_N33.6_20200305_L1A1119973496-1_3072_10240.txt,512,512,0,1,0.1240234375,0.6171875,0.025390625,0.03515625,1.25,13,18,16.25,22.5,16.25,22.5,365.625,1.38461538462
train,train/images/GF6_WFV_E133.6_N33.6_20200305_L1A1119973496-1_3072_2048.png,train/labels/GF6_WFV_E133.6_N33.6_20200305_L1A1119973496-1_3072_2048.txt,512,512,0,0,0.1181640625,0.984375,0.041015625,0.03125,1.25,21,16,26.25,20,20,26.25,525,1.3125
train,train/images/GF6_WFV_E133.6_N33.6_20200305_L1A1119973496-1_3072_3072.png,train/labels/GF6_WFV_E133.6_N33.6_20200305_L1A1119973496-1_3072_3072.txt,512,512,0,0,0.037109375,0.859375,0.03125,0.03125,1.25,16,16,20,20,20,20,400,1
train,train/images/GF6_WFV_E133.6_N33.6_20200305_L1A1119973496-1_3072_9216.png,train/labels/GF6_WFV_E133.6_N33.6_20200305_L1A1119973496-1_3072_9216.txt,512,512,0,0,0.2978515625,0.4130859375,0.041015625,0.037109375,1.25,21,19,26.25,23.75,23.75,26.25,623.4375,1.10526315789
train,train/images/GF6_WFV_E133.6_N33.6_20200305_L1A1119973496-1_4096_11264.png,train/labels/GF6_WFV_E133.6_N33.6_20200305_L1A1119973496-1_4096_11264.txt,512,512,0,0,0.796875,0.2431640625,0.03125,0.029296875,1.25,16,15,20,18.75,18.75,20,375,1.06666666667
train,train/images/GF6_WFV_E133.6_N33.6_20200305_L1A1119973496-1_4096_11264.png,train/labels/GF6_WFV_E133.6_N33.6_20200305_L1A1119973496-1_4096_11264.txt,512,512,0,1,0.439453125,0.3564453125,0.03125,0.021484375,1.25,16,11,20,13.75,13.75,20,275,1.45454545455
train,train/images/GF6_WFV_E133.6_N33.6_20200305_L1A1119973496-1_4096_13312.png,train/labels/GF6_WFV_E133.6_N33.6_20200305_L1A1119973496-1_4096_13312.txt,512,512,0,0,0.1767578125,0.37890625,0.029296875,0.02734375,1.25,15,14,18.75,17.5,17.5,18.75,328.125,1.07142857143
train,train/images/GF6_WFV_E133.6_N33.6_20200305_L1A1119973496-1_4096_13312.png,train/labels/GF6_WFV_E133.6_N33.6_20200305_L1A1119973496-1_4096_13312.txt,512,512,0,1,0.76953125,0.4912109375,0.02734375,0.029296875,1.25,14,15,17.5,18.75,17.5,18.75,328.125,1.07142857143
train,train/images/GF6_WFV_E133.6_N33.6_20200305_L1A1119973496-1_4608_8192.png,train/labels/GF6_WFV_E133.6_N33.6_20200305_L1A1119973496-1_4608_8192.txt,512,512,0,0,0.1748046875,0.8173828125,0.033203125,0.037109375,1.25,17,19,21.25,23.75,21.25,23.75,504.6875,1.11764705882
train,train/images/GF6_WFV_E133.6_N33.6_20200305_L1A1119973496-1_512_0.png,train/labels/GF6_WFV_E133.6_N33.6_20200305_L1A1119973496-1_512_0.txt,512,512,0,0,0.099609375,0.98046875,0.02734375,0.02734375,1.25,14,14,17.5,17.5,17.5,17.5,306.25,1
train,train/images/GF6_WFV_E133.6_N33.6_20200305_L1A1119973496-1_512_0.png,train/labels/GF6_WFV_E133.6_N33.6_20200305_L1A1119973496-1_512_0.txt,512,512,0,1,0.642578125,0.6416015625,0.0234375,0.021484375,1.25,12,11,15,13.75,13.75,15,206.25,1.09090909091
train,train/images/GF6_WFV_E133.6_N33.6_20200305_L1A1119973496-1_512_1024.png,train/labels/GF6_WFV_E133.6_N33.6_20200305_L1A1119973496-1_512_1024.txt,512,512,0,0,0.5556640625,0.173828125,0.048828125,0.02734375,1.25,25,14,31.25,17.5,17.5,31.25,546.875,1.78571428571
train,train/images/GF6_WFV_E133.6_N33.6_20200305_L1A1119973496-1_512_512.png,train/labels/GF6_WFV_E133.6_N33.6_20200305_L1A1119973496-1_512_512.txt,512,512,0,0,0.3564453125,0.4931640625,0.033203125,0.025390625,1.25,17,13,21.25,16.25,16.25,21.25,345.3125,1.30769230769
train,train/images/GF6_WFV_E133.6_N33.6_20200305_L1A1119973496-1_512_7168.png,train/labels/GF6_WFV_E133.6_N33.6_20200305_L1A1119973496-1_512_7168.txt,512,512,0,0,0.303327645051,0.0295336787565,0.0315699658703,0.0341968911917,1.25,16.1638225256,17.5088082902,20.204778157,21.8860103627,20.204778157,21.8860103627,442.20198412,1.0832096345
train,train/images/GF6_WFV_E133.6_N33.6_20200305_L1A1119973496-1_6656_14848.png,train/labels/GF6_WFV_E133.6_N33.6_20200305_L1A1119973496-1_6656_14848.txt,512,512,0,0,0.9189453125,0.0439453125,0.021484375,0.029296875,1.25,11,15,13.75,18.75,13.75,18.75,257.8125,1.36363636364
train,train/images/GF6_WFV_E133.6_N33.6_20200305_L1A1119973496-1_7168_8192.png,train/labels/GF6_WFV_E133.6_N33.6_20200305_L1A1119973496-1_7168_8192.txt,512,512,0,0,0.7646484375,0.4755859375,0.041015625,0.029296875,1.25,21,15,26.25,18.75,18.75,26.25,492.1875,1.4
train,train/images/GF6_WFV_E133.6_N33.6_20200305_L1A1119973496-1_7680_14336.png,train/labels/GF6_WFV_E133.6_N33.6_20200305_L1A1119973496-1_7680_14336.txt,512,512,0,0,0.044921875,0.6376953125,0.0234375,0.029296875,1.25,12,15,15,18.75,15,18.75,281.25,1.25
train,train/images/GF6_WFV_E133.6_N33.6_20200305_L1A1119973496-1_7680_14848.png,train/labels/GF6_WFV_E133.6_N33.6_20200305_L1A1119973496-1_7680_14848.txt,512,512,0,0,0.2109375,0.361328125,0.03125,0.0390625,1.25,16,20,20,25,20,25,500,1.25
train,train/images/GF6_WFV_E133.6_N33.6_20200305_L1A1119973496-1_7680_14848.png,train/labels/GF6_WFV_E133.6_N33.6_20200305_L1A1119973496-1_7680_14848.txt,512,512,0,1,0.53515625,0.896484375,0.02734375,0.03125,1.25,14,16,17.5,20,17.5,20,350,1.14285714286
train,train/images/GF6_WFV_E133.6_N33.6_20200305_L1A1119973496-1_7680_15360.png,train/labels/GF6_WFV_E133.6_N33.6_20200305_L1A1119973496-1_7680_15360.txt,512,512,0,0,0.6728515625,0.5771484375,0.029296875,0.033203125,1.25,15,17,18.75,21.25,18.75,21.25,398.4375,1.13333333333
train,train/images/GF6_WFV_E133.6_N33.6_20200305_L1A1119973496-1_7680_16384.png,train/labels/GF6_WFV_E133.6_N33.6_20200305_L1A1119973496-1_7680_16384.txt,512,512,0,0,0.6083984375,0.333984375,0.033203125,0.03125,1.25,17,16,21.25,20,20,21.25,425,1.0625
train,train/images/GF6_WFV_E133.6_N33.6_20200305_L1A1119973496-1_7680_8192.png,train/labels/GF6_WFV_E133.6_N33.6_20200305_L1A1119973496-1_7680_8192.txt,512,512,0,0,0.53515625,0.7255859375,0.03515625,0.037109375,1.25,18,19,22.5,23.75,22.5,23.75,534.375,1.05555555556
train,train/images/GF6_WFV_E133.6_N33.6_20200305_L1A1119973496-1_8192_16384.png,train/labels/GF6_WFV_E133.6_N33.6_20200305_L1A1119973496-1_8192_16384.txt,512,512,0,0,0.3193359375,0.1396484375,0.029296875,0.029296875,1.25,15,15,18.75,18.75,18.75,18.75,351.5625,1
train,train/images/GF6_WFV_E133.6_N33.6_20200305_L1A1119973496-2_1024_10752.png,train/labels/GF6_WFV_E133.6_N33.6_20200305_L1A1119973496-2_1024_10752.txt,512,512,0,0,0.8232421875,0.072265625,0.033203125,0.03515625,1.25,17,18,21.25,22.5,21.25,22.5,478.125,1.05882352941
train,train/images/GF6_WFV_E133.6_N33.6_20200305_L1A1119973496-2_1024_10752.png,train/labels/GF6_WFV_E133.6_N33.6_20200305_L1A1119973496-2_1024_10752.txt,512,512,0,1,0.08203125,0.0244140625,0.03125,0.029296875,1.25,16,15,20,18.75,18.75,20,375,1.06666666667
train,train/images/GF6_WFV_E133.6_N33.6_20200305_L1A1119973496-2_10752_3072.png,train/labels/GF6_WFV_E133.6_N33.6_20200305_L1A1119973496-2_10752_3072.txt,512,512,0,0,0.2763671875,0.130859375,0.052734375,0.03515625,1.25,27,18,33.75,22.5,22.5,33.75,759.375,1.5
train,train/images/GF6_WFV_E133.6_N33.6_20200305_L1A1119973496-2_11264_3072.png,train/labels/GF6_WFV_E133.6_N33.6_20200305_L1A1119973496-2_11264_3072.txt,512,512,0,0,0.0888671875,0.103515625,0.025390625,0.03125,1.25,13,16,16.25,20,16.25,20,325,1.23076923077
train,train/images/GF6_WFV_E133.6_N33.6_20200305_L1A1119973496-2_13824_512.png,train/labels/GF6_WFV_E133.6_N33.6_20200305_L1A1119973496-2_13824_512.txt,512,512,0,0,0.859375,0.6533203125,0.0390625,0.037109375,1.25,20,19,25,23.75,23.75,25,593.75,1.05263157895
train,train/images/GF6_WFV_E133.6_N33.6_20200305_L1A1119973496-2_1536_11264.png,train/labels/GF6_WFV_E133.6_N33.6_20200305_L1A1119973496-2_1536_11264.txt,512,512,0,0,0.651023890785,0.126943005181,0.037542662116,0.0383419689119,1.25,19.2218430034,19.6310880829,24.0273037543,24.5388601036,24.0273037543,24.5388601036,589.602645493,1.02129062647
train,train/images/GF6_WFV_E133.6_N33.6_20200305_L1A1119973496-2_2048_12288.png,train/labels/GF6_WFV_E133.6_N33.6_20200305_L1A1119973496-2_2048_12288.txt,512,512,0,0,0.28515625,0.4013671875,0.03125,0.033203125,1.25,16,17,20,21.25,20,21.25,425,1.0625
train,train/images/GF6_WFV_E133.6_N33.6_20200305_L1A1119973496-2_2048_13312.png,train/labels/GF6_WFV_E133.6_N33.6_20200305_L1A1119973496-2_2048_13312.txt,512,512,0,0,0.783203125,0.916015625,0.02734375,0.03125,1.25,14,16,17.5,20,17.5,20,350,1.14285714286
train,train/images/GF6_WFV_E133.6_N33.6_20200305_L1A1119973496-2_2048_9216.png,train/labels/GF6_WFV_E133.6_N33.6_20200305_L1A1119973496-2_2048_9216.txt,512,512,0,0,0.700511945392,0.351813471503,0.0443686006826,0.0300518134715,1.25,22.7167235495,15.3865284974,28.3959044369,19.2331606218,19.2331606218,28.3959044369,546.142991034,1.47640343651
train,train/images/GF6_WFV_E133.6_N33.6_20200305_L1A1119973496-2_2048_9216.png,train/labels/GF6_WFV_E133.6_N33.6_20200305_L1A1119973496-2_2048_9216.txt,512,512,0,1,0.876706484642,0.396373056995,0.0349829351536,0.0279792746114,1.25,17.9112627986,14.325388601,22.3890784983,17.9067357513,17.9067357513,22.3890784983,400.915312384,1.25031601567
train,train/images/GF6_WFV_E133.6_N33.6_20200305_L1A1119973496-2_22928_8192.png,train/labels/GF6_WFV_E133.6_N33.6_20200305_L1A1119973496-2_22928_8192.txt,512,512,0,0,0.65234375,0.56640625,0.0390625,0.04296875,1.25,20,22,25,27.5,25,27.5,687.5,1.1
train,train/images/GF6_WFV_E133.6_N33.6_20200305_L1A1119973496-2_3072_9216.png,train/labels/GF6_WFV_E133.6_N33.6_20200305_L1A1119973496-2_3072_9216.txt,512,512,0,0,0.125,0.2861328125,0.0234375,0.021484375,1.25,12,11,15,13.75,13.75,15,206.25,1.09090909091
train,train/images/GF6_WFV_E133.6_N33.6_20200305_L1A1119973496-2_3072_9216.png,train/labels/GF6_WFV_E133.6_N33.6_20200305_L1A1119973496-2_3072_9216.txt,512,512,0,1,0.92578125,0.7216796875,0.03125,0.025390625,1.25,16,13,20,16.25,16.25,20,325,1.23076923077
train,train/images/GF6_WFV_E133.6_N33.6_20200305_L1A1119973496-2_3584_9728.png,train/labels/GF6_WFV_E133.6_N33.6_20200305_L1A1119973496-2_3584_9728.txt,512,512,0,0,0.2353515625,0.1240234375,0.025390625,0.025390625,1.25,13,13,16.25,16.25,16.25,16.25,264.0625,1
train,train/images/GF6_WFV_E133.6_N33.6_20200305_L1A1119973496-2_7680_5120.png,train/labels/GF6_WFV_E133.6_N33.6_20200305_L1A1119973496-2_7680_5120.txt,512,512,0,0,0.0556640625,0.74609375,0.037109375,0.0390625,1.25,19,20,23.75,25,23.75,25,593.75,1.05263157895
train,train/images/GF6_WFV_E133.6_N33.6_20200305_L1A1119973496-2_7680_5120.png,train/labels/GF6_WFV_E133.6_N33.6_20200305_L1A1119973496-2_7680_5120.txt,512,512,0,1,0.5439453125,0.24609375,0.033203125,0.02734375,1.25,17,14,21.25,17.5,17.5,21.25,371.875,1.21428571429
train,train/images/GF6_WFV_E133.6_N33.6_20200305_L1A1119973496-2_7680_5120.png,train/labels/GF6_WFV_E133.6_N33.6_20200305_L1A1119973496-2_7680_5120.txt,512,512,0,2,0.1796875,0.439453125,0.02734375,0.02734375,1.25,14,14,17.5,17.5,17.5,17.5,306.25,1
train,train/images/GF6_WFV_E133.6_N33.6_20200305_L1A1119973496-2_8192_4608.png,train/labels/GF6_WFV_E133.6_N33.6_20200305_L1A1119973496-2_8192_4608.txt,512,512,0,0,0.43359375,0.326171875,0.03125,0.03125,1.25,16,16,20,20,20,20,400,1
train,train/images/GF6_WFV_E133.6_N33.6_20200305_L1A1119973496-2_8192_5632.png,train/labels/GF6_WFV_E133.6_N33.6_20200305_L1A1119973496-2_8192_5632.txt,512,512,0,0,0.7685546875,0.2158203125,0.029296875,0.029296875,1.25,15,15,18.75,18.75,18.75,18.75,351.5625,1
train,train/images/GF6_WFV_E133.6_N33.6_20200305_L1A1119973496-2_8192_5632.png,train/labels/GF6_WFV_E133.6_N33.6_20200305_L1A1119973496-2_8192_5632.txt,512,512,0,1,0.8564453125,0.169921875,0.033203125,0.03125,1.25,17,16,21.25,20,20,21.25,425,1.0625
train,train/images/GF6_WFV_E133.6_N33.6_20200305_L1A1119973496-2_8704_5120.png,train/labels/GF6_WFV_E133.6_N33.6_20200305_L1A1119973496-2_8704_5120.txt,512,512,0,0,0.7880859375,0.408203125,0.029296875,0.03515625,1.25,15,18,18.75,22.5,18.75,22.5,421.875,1.2
train,train/images/GF6_WFV_E133.6_N33.6_20200305_L1A1119973496-2_8704_5120.png,train/labels/GF6_WFV_E133.6_N33.6_20200305_L1A1119973496-2_8704_5120.txt,512,512,0,1,0.6630859375,0.7080078125,0.029296875,0.025390625,1.25,15,13,18.75,16.25,16.25,18.75,304.6875,1.15384615385
train,train/images/GF6_WFV_E133.6_N33.6_20200305_L1A1119973496-2_9216_5120.png,train/labels/GF6_WFV_E133.6_N33.6_20200305_L1A1119973496-2_9216_5120.txt,512,512,0,0,0.1982421875,0.2666015625,0.025390625,0.025390625,1.25,13,13,16.25,16.25,16.25,16.25,264.0625,1
train,train/images/GF6_WFV_E134.3_N40.2_20200918_L1A1120036758-1_10240_8192.png,train/labels/GF6_WFV_E134.3_N40.2_20200918_L1A1120036758-1_10240_8192.txt,512,512,0,0,0.0947265625,0.177734375,0.037109375,0.05078125,1.25,19,26,23.75,32.5,23.75,32.5,771.875,1.36842105263
train,train/images/GF6_WFV_E134.3_N40.2_20200918_L1A1120036758-1_7168_12288.png,train/labels/GF6_WFV_E134.3_N40.2_20200918_L1A1120036758-1_7168_12288.txt,512,512,0,0,0.1650390625,0.2060546875,0.033203125,0.041015625,1.25,17,21,21.25,26.25,21.25,26.25,557.8125,1.23529411765
train,train/images/GF6_WFV_E134.3_N40.2_20200918_L1A1120036758-1_7680_12800.png,train/labels/GF6_WFV_E134.3_N40.2_20200918_L1A1120036758-1_7680_12800.txt,512,512,0,0,0.3623046875,0.6474609375,0.025390625,0.041015625,1.25,13,21,16.25,26.25,16.25,26.25,426.5625,1.61538461538
train,train/images/GF6_WFV_E134.3_N40.2_20200918_L1A1120036758-1_7680_16777.png,train/labels/GF6_WFV_E134.3_N40.2_20200918_L1A1120036758-1_7680_16777.txt,512,512,0,0,0.78515625,0.1123046875,0.03515625,0.041015625,1.25,18,21,22.5,26.25,22.5,26.25,590.625,1.16666666667
train,train/images/GF6_WFV_E135.6_N26.9_20200107_L1A1119957261-1_12928_12288.png,train/labels/GF6_WFV_E135.6_N26.9_20200107_L1A1119957261-1_12928_12288.txt,512,512,0,0,0.34375,0.4892578125,0.046875,0.064453125,1.25,24,33,30,41.25,30,41.25,1237.5,1.375
train,train/images/GF6_WFV_E135.6_N26.9_20200107_L1A1119957261-1_6656_3072.png,train/labels/GF6_WFV_E135.6_N26.9_20200107_L1A1119957261-1_6656_3072.txt,512,512,0,0,0.259765625,0.6826171875,0.03515625,0.029296875,1.25,18,15,22.5,18.75,18.75,22.5,421.875,1.2
train,train/images/GF6_WFV_E135.6_N26.9_20200107_L1A1119957261-2_5120_9728.png,train/labels/GF6_WFV_E135.6_N26.9_20200107_L1A1119957261-2_5120_9728.txt,512,512,0,0,0.3330078125,0.326171875,0.037109375,0.05078125,1.25,19,26,23.75,32.5,23.75,32.5,771.875,1.36842105263
train,train/images/GF6_WFV_E136.0_N26.9_20200913_L1A1120035638-1_10752_8192.png,train/labels/GF6_WFV_E136.0_N26.9_20200913_L1A1120035638-1_10752_8192.txt,512,512,0,0,0.0703125,0.9765625,0.03515625,0.046875,1.25,18,24,22.5,30,22.5,30,675,1.33333333333
train,train/images/GF6_WFV_E136.0_N26.9_20200913_L1A1120035638-1_7680_16317.png,train/labels/GF6_WFV_E136.0_N26.9_20200913_L1A1120035638-1_7680_16317.txt,512,512,0,0,0.8828125,0.2705078125,0.04296875,0.033203125,1.25,22,17,27.5,21.25,21.25,27.5,584.375,1.29411764706
train,train/images/GF6_WFV_E136.0_N26.9_20200913_L1A1120035638-2_15360_3072.png,train/labels/GF6_WFV_E136.0_N26.9_20200913_L1A1120035638-2_15360_3072.txt,512,512,0,0,0.609375,0.6357421875,0.046875,0.044921875,1.25,24,23,30,28.75,28.75,30,862.5,1.04347826087
train,train/images/GF6_WFV_E136.0_N26.9_20200913_L1A1120035638-2_7168_13824.png,train/labels/GF6_WFV_E136.0_N26.9_20200913_L1A1120035638-2_7168_13824.txt,512,512,0,0,0.44140625,0.095703125,0.0546875,0.0546875,1.25,28,28,35,35,35,35,1225,1
train,train/images/GF6_WFV_E136.6_N24.7_20200521_L1A1119999504-3_11281_512.png,train/labels/GF6_WFV_E136.6_N24.7_20200521_L1A1119999504-3_11281_512.txt,512,512,0,0,0.51953125,0.533203125,0.0390625,0.0546875,1.25,20,28,25,35,25,35,875,1.4
train,train/images/GF6_WFV_E136.6_N29.1_20200913_L1A1120035632-1_10752_12800.png,train/labels/GF6_WFV_E136.6_N29.1_20200913_L1A1120035632-1_10752_12800.txt,512,512,0,0,0.56640625,0.2490234375,0.04296875,0.044921875,1.25,22,23,27.5,28.75,27.5,28.75,790.625,1.04545454545
train,train/images/GF6_WFV_E136.6_N29.1_20200913_L1A1120035632-2_12800_15872.png,train/labels/GF6_WFV_E136.6_N29.1_20200913_L1A1120035632-2_12800_15872.txt,512,512,0,0,0.35546875,0.794921875,0.0390625,0.04296875,1.25,20,22,25,27.5,25,27.5,687.5,1.1
train,train/images/GF6_WFV_E136.6_N29.1_20200913_L1A1120035632-2_12800_17285.png,train/labels/GF6_WFV_E136.6_N29.1_20200913_L1A1120035632-2_12800_17285.txt,512,512,0,0,0.4140625,0.6318359375,0.05078125,0.033203125,1.25,26,17,32.5,21.25,21.25,32.5,690.625,1.52941176471
train,train/images/GF6_WFV_E136.6_N29.1_20200913_L1A1120035632-2_19968_7680.png,train/labels/GF6_WFV_E136.6_N29.1_20200913_L1A1120035632-2_19968_7680.txt,512,512,0,0,0.4208984375,0.25,0.044921875,0.03515625,1.25,23,18,28.75,22.5,22.5,28.75,646.875,1.27777777778
train,train/images/GF6_WFV_E136.6_N29.1_20200913_L1A1120035632-2_20992_7168.png,train/labels/GF6_WFV_E136.6_N29.1_20200913_L1A1120035632-2_20992_7168.txt,512,512,0,0,0.0625,0.6630859375,0.05078125,0.029296875,1.25,26,15,32.5,18.75,18.75,32.5,609.375,1.73333333333
train,train/images/GF6_WFV_E137.2_N31.4_20200913_L1A1120035633-1_5120_8704.png,train/labels/GF6_WFV_E137.2_N31.4_20200913_L1A1120035633-1_5120_8704.txt,512,512,0,0,0.607421875,0.2431640625,0.03125,0.037109375,1.25,16,19,20,23.75,20,23.75,475,1.1875
train,train/images/GF6_WFV_E137.2_N31.4_20200913_L1A1120035633-1_512_2048.png,train/labels/GF6_WFV_E137.2_N31.4_20200913_L1A1120035633-1_512_2048.txt,512,512,0,0,0.2275390625,0.962890625,0.037109375,0.03125,1.25,19,16,23.75,20,20,23.75,475,1.1875
train,train/images/GF6_WFV_E137.2_N31.4_20200913_L1A1120035633-1_512_2048.png,train/labels/GF6_WFV_E137.2_N31.4_20200913_L1A1120035633-1_512_2048.txt,512,512,0,1,0.369453924915,0.202590673575,0.0290102389078,0.0383419689119,1.25,14.8532423208,19.6310880829,18.566552901,24.5388601036,18.566552901,24.5388601036,455.602044245,1.32167022249
train,train/images/GF6_WFV_E137.2_N31.4_20200913_L1A1120035633-1_6144_8704.png,train/labels/GF6_WFV_E137.2_N31.4_20200913_L1A1120035633-1_6144_8704.txt,512,512,0,0,0.685546875,0.7158203125,0.05859375,0.044921875,1.25,30,23,37.5,28.75,28.75,37.5,1078.125,1.30434782609
train,train/images/GF6_WFV_E137.2_N31.4_20200913_L1A1120035633-1_9216_4096.png,train/labels/GF6_WFV_E137.2_N31.4_20200913_L1A1120035633-1_9216_4096.txt,512,512,0,0,0.0869140625,0.154296875,0.044921875,0.046875,1.25,23,24,28.75,30,28.75,30,862.5,1.04347826087
train,train/images/GF6_WFV_E137.2_N31.4_20200913_L1A1120035633-2_17408_9728.png,train/labels/GF6_WFV_E137.2_N31.4_20200913_L1A1120035633-2_17408_9728.txt,512,512,0,0,0.6982421875,0.412109375,0.041015625,0.04296875,1.25,21,22,26.25,27.5,26.25,27.5,721.875,1.04761904762
train,train/images/GF6_WFV_E137.2_N31.4_20200913_L1A1120035633-2_19456_15360.png,train/labels/GF6_WFV_E137.2_N31.4_20200913_L1A1120035633-2_19456_15360.txt,512,512,0,0,0.552734375,0.1884765625,0.046875,0.033203125,1.25,24,17,30,21.25,21.25,30,637.5,1.41176470588
train,train/images/GF6_WFV_E137.2_N31.4_20200913_L1A1120035633-2_19456_2048.png,train/labels/GF6_WFV_E137.2_N31.4_20200913_L1A1120035633-2_19456_2048.txt,512,512,0,0,0.8271484375,0.0634765625,0.025390625,0.033203125,1.25,13,17,16.25,21.25,16.25,21.25,345.3125,1.30769230769
train,train/images/GF6_WFV_E137.2_N31.4_20200913_L1A1120035633-2_512_5120.png,train/labels/GF6_WFV_E137.2_N31.4_20200913_L1A1120035633-2_512_5120.txt,512,512,0,0,0.33203125,0.7265625,0.0390625,0.0234375,1.25,20,12,25,15,15,25,375,1.66666666667
train,train/images/GF6_WFV_E137.7_N29.1_20200521_L1A1119999499-2_16384_512.png,train/labels/GF6_WFV_E137.7_N29.1_20200521_L1A1119999499-2_16384_512.txt,512,512,0,0,0.4453125,0.849609375,0.05859375,0.0390625,1.25,30,20,37.5,25,25,37.5,937.5,1.5
train,train/images/GF6_WFV_E137.7_N29.1_20200521_L1A1119999499-2_17408_4608.png,train/labels/GF6_WFV_E137.7_N29.1_20200521_L1A1119999499-2_17408_4608.txt,512,512,0,0,0.63671875,0.5615234375,0.05078125,0.052734375,1.25,26,27,32.5,33.75,32.5,33.75,1096.875,1.03846153846
train,train/images/GF6_WFV_E138.3_N31.4_20200521_L1A1119999493-1_10240_8704.png,train/labels/GF6_WFV_E138.3_N31.4_20200521_L1A1119999493-1_10240_8704.txt,512,512,0,0,0.3916015625,0.947265625,0.041015625,0.046875,1.25,21,24,26.25,30,26.25,30,787.5,1.14285714286
train,train/images/GF6_WFV_E138.3_N31.4_20200521_L1A1119999493-1_2560_15360.png,train/labels/GF6_WFV_E138.3_N31.4_20200521_L1A1119999493-1_2560_15360.txt,512,512,0,0,0.6875,0.80859375,0.03125,0.02734375,1.25,16,14,20,17.5,17.5,20,350,1.14285714286
train,train/images/GF6_WFV_E138.3_N31.4_20200521_L1A1119999493-1_5120_512.png,train/labels/GF6_WFV_E138.3_N31.4_20200521_L1A1119999493-1_5120_512.txt,512,512,0,0,0.626953125,0.51953125,0.02734375,0.03125,1.25,14,16,17.5,20,17.5,20,350,1.14285714286
train,train/images/GF6_WFV_E138.3_N31.4_20200521_L1A1119999493-1_5632_3072.png,train/labels/GF6_WFV_E138.3_N31.4_20200521_L1A1119999493-1_5632_3072.txt,512,512,0,0,0.513671875,0.7353515625,0.03125,0.037109375,1.25,16,19,20,23.75,20,23.75,475,1.1875
train,train/images/GF6_WFV_E138.3_N31.4_20200521_L1A1119999493-1_5632_512.png,train/labels/GF6_WFV_E138.3_N31.4_20200521_L1A1119999493-1_5632_512.txt,512,512,0,0,0.4716796875,0.6123046875,0.041015625,0.041015625,1.25,21,21,26.25,26.25,26.25,26.25,689.0625,1
train,train/images/GF6_WFV_E138.3_N31.4_20200521_L1A1119999493-2_15872_9216.png,train/labels/GF6_WFV_E138.3_N31.4_20200521_L1A1119999493-2_15872_9216.txt,512,512,0,0,0.7734375,0.6484375,0.0625,0.03125,1.25,32,16,40,20,20,40,800,2
train,train/images/GF6_WFV_E138.3_N31.4_20200521_L1A1119999493-2_16384_16777.png,train/labels/GF6_WFV_E138.3_N31.4_20200521_L1A1119999493-2_16384_16777.txt,512,512,0,0,0.4443359375,0.9716796875,0.064453125,0.037109375,1.25,33,19,41.25,23.75,23.75,41.25,979.6875,1.73684210526
train,train/images/GF6_WFV_E138.3_N31.4_20200521_L1A1119999493-2_18432_1536.png,train/labels/GF6_WFV_E138.3_N31.4_20200521_L1A1119999493-2_18432_1536.txt,512,512,0,0,0.2548828125,0.7021484375,0.044921875,0.033203125,1.25,23,17,28.75,21.25,21.25,28.75,610.9375,1.35294117647
train,train/images/GF6_WFV_E138.3_N31.4_20200521_L1A1119999493-2_2560_1024.png,train/labels/GF6_WFV_E138.3_N31.4_20200521_L1A1119999493-2_2560_1024.txt,512,512,0,0,0.4423828125,0.443359375,0.052734375,0.03125,1.25,27,16,33.75,20,20,33.75,675,1.6875
train,train/images/GF6_WFV_E138.3_N31.4_20200521_L1A1119999493-3_8704_10240.png,train/labels/GF6_WFV_E138.3_N31.4_20200521_L1A1119999493-3_8704_10240.txt,512,512,0,0,0.82421875,0.0556640625,0.03515625,0.033203125,1.25,18,17,22.5,21.25,21.25,22.5,478.125,1.05882352941
train,train/images/GF6_WFV_E138.4_N26.9_20200529_L1A1120002143-2_4096_2560.png,train/labels/GF6_WFV_E138.4_N26.9_20200529_L1A1120002143-2_4096_2560.txt,512,512,0,0,0.443359375,0.5205078125,0.03125,0.029296875,1.25,16,15,20,18.75,18.75,20,375,1.06666666667
train,train/images/GF6_WFV_E139.0_N29.1_20200529_L1A1120002145-2_1024_9216.png,train/labels/GF6_WFV_E139.0_N29.1_20200529_L1A1120002145-2_1024_9216.txt,512,512,0,0,0.4658203125,0.9306640625,0.029296875,0.060546875,1.25,15,31,18.75,38.75,18.75,38.75,726.5625,2.06666666667
train,train/images/GF6_WFV_E139.0_N29.1_20200529_L1A1120002145-2_22016_4608.png,train/labels/GF6_WFV_E139.0_N29.1_20200529_L1A1120002145-2_22016_4608.txt,512,512,0,0,0.23046875,0.044921875,0.046875,0.03515625,1.25,24,18,30,22.5,22.5,30,675,1.33333333333
val,val/images/fog_dense_fog_0074_GF1_WFV3.png,val/labels/fog_dense_fog_0074_GF1_WFV3.txt,512,512,0,0,0.8505859375,0.68359375,0.025390625,0.0390625,1.25,13,20,16.25,25,16.25,25,406.25,1.53846153846
val,val/images/fog_dense_fog_0145_GF1_WFV3.png,val/labels/fog_dense_fog_0145_GF1_WFV3.txt,512,512,0,0,0.5009765625,0.6513671875,0.041015625,0.033203125,1.25,21,17,26.25,21.25,21.25,26.25,557.8125,1.23529411765
val,val/images/fog_dense_fog_0151_GF6_WFV_.png,val/labels/fog_dense_fog_0151_GF6_WFV_.txt,512,512,0,0,0.744140625,0.0087890625,0.03125,0.017578125,1.25,16,9,20,11.25,11.25,20,225,1.77777777778
val,val/images/fog_dense_fog_0151_GF6_WFV_.png,val/labels/fog_dense_fog_0151_GF6_WFV_.txt,512,512,0,1,0.908203125,0.068359375,0.0234375,0.0390625,1.25,12,20,15,25,15,25,375,1.66666666667
val,val/images/fog_dense_fog_0151_GF6_WFV_.png,val/labels/fog_dense_fog_0151_GF6_WFV_.txt,512,512,0,2,0.6240234375,0.115234375,0.029296875,0.03125,1.25,15,16,18.75,20,18.75,20,375,1.06666666667
val,val/images/fog_dense_fog_0151_GF6_WFV_.png,val/labels/fog_dense_fog_0151_GF6_WFV_.txt,512,512,0,3,0.7060546875,0.4296875,0.025390625,0.03515625,1.25,13,18,16.25,22.5,16.25,22.5,365.625,1.38461538462
val,val/images/fog_dense_fog_0151_GF6_WFV_.png,val/labels/fog_dense_fog_0151_GF6_WFV_.txt,512,512,0,4,0.93359375,0.7734375,0.03125,0.02734375,1.25,16,14,20,17.5,17.5,20,350,1.14285714286
val,val/images/fog_dense_fog_0151_GF6_WFV_.png,val/labels/fog_dense_fog_0151_GF6_WFV_.txt,512,512,0,5,0.6064453125,0.3056640625,0.029296875,0.025390625,1.25,15,13,18.75,16.25,16.25,18.75,304.6875,1.15384615385
val,val/images/fog_dense_fog_0151_GF6_WFV_.png,val/labels/fog_dense_fog_0151_GF6_WFV_.txt,512,512,0,6,0.82295221843,0.668393782383,0.0230375426621,0.0248704663212,1.25,11.795221843,12.7336787565,14.7440273038,15.9170984456,14.7440273038,15.9170984456,234.682134078,1.07956246402
val,val/images/fog_dense_fog_0151_GF6_WFV_.png,val/labels/fog_dense_fog_0151_GF6_WFV_.txt,512,512,0,7,0.451365187713,0.949740932642,0.018771331058,0.0238341968912,1.25,9.61092150171,12.2031088083,12.0136518771,15.2538860104,12.0136518771,15.2538860104,183.254876302,1.26971267075
val,val/images/fog_dense_fog_0151_GF6_WFV_.png,val/labels/fog_dense_fog_0151_GF6_WFV_.txt,512,512,0,8,0.497866894198,0.766839378238,0.0127986348123,0.020725388601,1.25,6.55290102389,10.6113989637,8.19112627986,13.2642487047,8.19112627986,13.2642487047,108.649136147,1.61934369603
val,val/images/fog_dense_fog_0151_GF6_WFV_.png,val/labels/fog_dense_fog_0151_GF6_WFV_.txt,512,512,0,9,0.514931740614,0.70103626943,0.0230375426621,0.019689119171,1.25,11.795221843,10.0808290155,14.7440273038,12.6010362694,12.6010362694,14.7440273038,185.790022812,1.17006466679
val,val/images/fog_dense_fog_0151_GF6_WFV_.png,val/labels/fog_dense_fog_0151_GF6_WFV_.txt,512,512,0,10,0.613481228669,0.525388601036,0.0153583617747,0.020725388601,1.25,7.86348122867,10.6113989637,9.82935153584,13.2642487047,9.82935153584,13.2642487047,130.378963377,1.34945308002
val,val/images/fog_dense_fog_0151_GF6_WFV_.png,val/labels/fog_dense_fog_0151_GF6_WFV_.txt,512,512,0,11,0.587883959044,0.503626943005,0.0153583617747,0.0227979274611,1.25,7.86348122867,11.6725388601,9.82935153584,14.5906735751,9.82935153584,14.5906735751,143.416859715,1.48439838803
val,val/images/fog_dense_fog_0151_GF6_WFV_.png,val/labels/fog_dense_fog_0151_GF6_WFV_.txt,512,512,0,12,0.564846416382,0.5,0.0170648464164,0.0217616580311,1.25,8.73720136519,11.1419689119,10.9215017065,13.9274611399,10.9215017065,13.9274611399,152.108790606,1.27523316062
val,val/images/fog_dense_fog_0151_GF6_WFV_.png,val/labels/fog_dense_fog_0151_GF6_WFV_.txt,512,512,0,13,0.540529010239,0.459585492228,0.0127986348123,0.019689119171,1.25,6.55290102389,10.0808290155,8.19112627986,12.6010362694,8.19112627986,12.6010362694,103.21667934,1.53837651123
val,val/images/fog_dense_fog_0151_GF6_WFV_.png,val/labels/fog_dense_fog_0151_GF6_WFV_.txt,512,512,0,14,0.57295221843,0.449222797927,0.0213310580205,0.0238341968912,1.25,10.9215017065,12.2031088083,13.6518771331,15.2538860104,13.6518771331,15.2538860104,208.244177616,1.11734715026
val,val/images/fog_dense_fog_0151_GF6_WFV_.png,val/labels/fog_dense_fog_0151_GF6_WFV_.txt,512,512,0,15,0.569965870307,0.426424870466,0.018771331058,0.0217616580311,1.25,9.61092150171,11.1419689119,12.0136518771,13.9274611399,12.0136518771,13.9274611399,167.319669667,1.15930287329
val,val/images/fog_dense_fog_0179_GF1_WFV3.png,val/labels/fog_dense_fog_0179_GF1_WFV3.txt,512,512,0,0,0.064453125,0.685546875,0.04296875,0.046875,1.25,22,24,27.5,30,27.5,30,825,1.09090909091
val,val/images/fog_dense_fog_0179_GF1_WFV3.png,val/labels/fog_dense_fog_0179_GF1_WFV3.txt,512,512,0,1,0.2900390625,0.0703125,0.044921875,0.05078125,1.25,23,26,28.75,32.5,28.75,32.5,934.375,1.13043478261
val,val/images/fog_dense_fog_0183_GF1_WFV1.png,val/labels/fog_dense_fog_0183_GF1_WFV1.txt,512,512,0,0,0.1416015625,0.3330078125,0.037109375,0.044921875,1.25,19,23,23.75,28.75,23.75,28.75,682.8125,1.21052631579
val,val/images/fog_dense_fog_0183_GF1_WFV1.png,val/labels/fog_dense_fog_0183_GF1_WFV1.txt,512,512,0,1,0.0078125,0.85546875,0.015625,0.04296875,1.25,8,22,10,27.5,10,27.5,275,2.75
val,val/images/fog_dense_fog_0247_GF1_WFV4.png,val/labels/fog_dense_fog_0247_GF1_WFV4.txt,512,512,0,0,0.0703125,0.822265625,0.03125,0.06640625,1.25,16,34,20,42.5,20,42.5,850,2.125
val,val/images/fog_light_fog_0014_GF1_WFV4.png,val/labels/fog_light_fog_0014_GF1_WFV4.txt,512,512,0,0,0.456911262799,0.753367875648,0.0247440273038,0.0331606217617,1.25,12.6689419795,16.978238342,15.8361774744,21.2227979275,15.8361774744,21.2227979275,336.087994483,1.34014650706
val,val/images/fog_light_fog_0014_GF1_WFV4.png,val/labels/fog_light_fog_0014_GF1_WFV4.txt,512,512,0,1,0.44795221843,0.815544041451,0.0511945392491,0.0414507772021,1.25,26.2116040956,21.2227979275,32.7645051195,26.5284974093,26.5284974093,32.7645051195,869.193089179,1.23506825939
val,val/images/fog_light_fog_0040_GF6_WFV_.png,val/labels/fog_light_fog_0040_GF6_WFV_.txt,512,512,0,0,0.4228515625,0.1748046875,0.033203125,0.029296875,1.25,17,15,21.25,18.75,18.75,21.25,398.4375,1.13333333333
val,val/images/fog_light_fog_0047_GF1_WFV3.png,val/labels/fog_light_fog_0047_GF1_WFV3.txt,512,512,0,0,0.2626953125,0.453125,0.021484375,0.03515625,1.25,11,18,13.75,22.5,13.75,22.5,309.375,1.63636363636
val,val/images/fog_light_fog_0069_GF6_WFV_.png,val/labels/fog_light_fog_0069_GF6_WFV_.txt,512,512,0,0,0.2265625,0.23046875,0.05078125,0.03515625,1.25,26,18,32.5,22.5,22.5,32.5,731.25,1.44444444444
val,val/images/fog_light_fog_0069_GF6_WFV_.png,val/labels/fog_light_fog_0069_GF6_WFV_.txt,512,512,0,1,0.2939453125,0.9072265625,0.037109375,0.029296875,1.25,19,15,23.75,18.75,18.75,23.75,445.3125,1.26666666667
val,val/images/fog_light_fog_0131_GF1_WFV4.png,val/labels/fog_light_fog_0131_GF1_WFV4.txt,512,512,0,0,0.9169921875,0.84765625,0.048828125,0.0546875,1.25,25,28,31.25,35,31.25,35,1093.75,1.12
val,val/images/fog_light_fog_0212_GF1_WFV4.png,val/labels/fog_light_fog_0212_GF1_WFV4.txt,512,512,0,0,0.932593856655,0.533160621762,0.0307167235495,0.0507772020725,1.25,15.7269624573,25.9979274611,19.6587030717,32.4974093264,19.6587030717,32.4974093264,638.856920547,1.65308002303
val,val/images/fog_light_fog_0217_GF1_WFV4.png,val/labels/fog_light_fog_0217_GF1_WFV4.txt,512,512,0,0,0.9169921875,0.84765625,0.048828125,0.0546875,1.25,25,28,31.25,35,31.25,35,1093.75,1.12
val,val/images/fog_light_fog_0224_GF1_WFV3.png,val/labels/fog_light_fog_0224_GF1_WFV3.txt,512,512,0,0,0.5390625,0.0869140625,0.0234375,0.044921875,1.25,12,23,15,28.75,15,28.75,431.25,1.91666666667
val,val/images/fog_light_fog_0224_GF1_WFV3.png,val/labels/fog_light_fog_0224_GF1_WFV3.txt,512,512,0,1,0.576171875,0.1142578125,0.02734375,0.044921875,1.25,14,23,17.5,28.75,17.5,28.75,503.125,1.64285714286
val,val/images/fog_light_fog_0224_GF1_WFV3.png,val/labels/fog_light_fog_0224_GF1_WFV3.txt,512,512,0,2,0.6083984375,0.091796875,0.037109375,0.05078125,1.25,19,26,23.75,32.5,23.75,32.5,771.875,1.36842105263
val,val/images/fog_light_fog_0224_GF1_WFV3.png,val/labels/fog_light_fog_0224_GF1_WFV3.txt,512,512,0,3,0.5830078125,0.1923828125,0.025390625,0.044921875,1.25,13,23,16.25,28.75,16.25,28.75,467.1875,1.76923076923
val,val/images/fog_light_fog_0224_GF1_WFV3.png,val/labels/fog_light_fog_0224_GF1_WFV3.txt,512,512,0,4,0.603515625,0.21484375,0.02734375,0.04296875,1.25,14,22,17.5,27.5,17.5,27.5,481.25,1.57142857143
val,val/images/fog_light_fog_0224_GF1_WFV3.png,val/labels/fog_light_fog_0224_GF1_WFV3.txt,512,512,0,5,0.5947265625,0.267578125,0.025390625,0.0390625,1.25,13,20,16.25,25,16.25,25,406.25,1.53846153846
val,val/images/fog_light_fog_0266_GF6_WFV_.png,val/labels/fog_light_fog_0266_GF6_WFV_.txt,512,512,0,0,0.921075085324,0.187564766839,0.0332764505119,0.0580310880829,1.25,17.0375426621,29.7119170984,21.2969283276,37.1398963731,21.2969283276,37.1398963731,790.965711153,1.74390859572
val,val/images/fog_light_fog_0297_GF1_WFV4.png,val/labels/fog_light_fog_0297_GF1_WFV4.txt,512,512,0,0,0.123046875,0.6279296875,0.08203125,0.044921875,1.25,42,23,52.5,28.75,28.75,52.5,1509.375,1.82608695652
val,val/images/fog_patchy_fog_0003_GF1_WFV4.png,val/labels/fog_patchy_fog_0003_GF1_WFV4.txt,512,512,0,0,0.7978515625,0.4375,0.060546875,0.078125,1.25,31,40,38.75,50,38.75,50,1937.5,1.29032258065
val,val/images/fog_patchy_fog_0003_GF1_WFV4.png,val/labels/fog_patchy_fog_0003_GF1_WFV4.txt,512,512,0,1,0.3203125,0.0966796875,0.046875,0.037109375,1.25,24,19,30,23.75,23.75,30,712.5,1.26315789474
val,val/images/fog_patchy_fog_0102_GF6_WFV_.png,val/labels/fog_patchy_fog_0102_GF6_WFV_.txt,512,512,0,0,0.741040955631,0.039896373057,0.0247440273038,0.0424870466321,1.25,12.6689419795,21.7533678756,15.8361774744,27.1917098446,15.8361774744,27.1917098446,430.612742931,1.71706271217
val,val/images/fog_patchy_fog_0166_GF1_WFV3.png,val/labels/fog_patchy_fog_0166_GF1_WFV3.txt,512,512,0,0,0.9580078125,0.6572265625,0.029296875,0.056640625,1.25,15,29,18.75,36.25,18.75,36.25,679.6875,1.93333333333
val,val/images/fog_patchy_fog_0204_GF1_WFV1.png,val/labels/fog_patchy_fog_0204_GF1_WFV1.txt,512,512,0,0,0.6708984375,0.4619140625,0.060546875,0.033203125,1.25,31,17,38.75,21.25,21.25,38.75,823.4375,1.82352941176
val,val/images/fog_patchy_fog_0267_GF1_WFV3.png,val/labels/fog_patchy_fog_0267_GF1_WFV3.txt,512,512,0,0,0.8076171875,0.33203125,0.056640625,0.03515625,1.25,29,18,36.25,22.5,22.5,36.25,815.625,1.61111111111
val,val/images/fog_patchy_fog_0281_GF6_WFV_.png,val/labels/fog_patchy_fog_0281_GF6_WFV_.txt,512,512,0,0,0.9140625,0.7939453125,0.0390625,0.029296875,1.25,20,15,25,18.75,18.75,25,468.75,1.33333333333
val,val/images/fog_patchy_fog_0281_GF6_WFV_.png,val/labels/fog_patchy_fog_0281_GF6_WFV_.txt,512,512,0,1,0.0888671875,0.8203125,0.021484375,0.02734375,1.25,11,14,13.75,17.5,13.75,17.5,240.625,1.27272727273
val,val/images/fog_patchy_fog_0281_GF6_WFV_.png,val/labels/fog_patchy_fog_0281_GF6_WFV_.txt,512,512,0,2,0.09765625,0.759765625,0.02734375,0.02734375,1.25,14,14,17.5,17.5,17.5,17.5,306.25,1
val,val/images/fog_patchy_fog_0281_GF6_WFV_.png,val/labels/fog_patchy_fog_0281_GF6_WFV_.txt,512,512,0,3,0.1728515625,0.4619140625,0.037109375,0.041015625,1.25,19,21,23.75,26.25,23.75,26.25,623.4375,1.10526315789
val,val/images/fog_patchy_fog_0281_GF6_WFV_.png,val/labels/fog_patchy_fog_0281_GF6_WFV_.txt,512,512,0,4,0.6640625,0.27734375,0.02734375,0.02734375,1.25,14,14,17.5,17.5,17.5,17.5,306.25,1
val,val/images/fog_patchy_fog_0281_GF6_WFV_.png,val/labels/fog_patchy_fog_0281_GF6_WFV_.txt,512,512,0,5,0.2880859375,0.10546875,0.033203125,0.03125,1.25,17,16,21.25,20,20,21.25,425,1.0625
val,val/images/fog_patchy_fog_0283_GF1_WFV3.png,val/labels/fog_patchy_fog_0283_GF1_WFV3.txt,512,512,0,0,0.51171875,0.6708984375,0.046875,0.037109375,1.25,24,19,30,23.75,23.75,30,712.5,1.26315789474
val,val/images/fog_patchy_fog_0295_GF1_WFV1.png,val/labels/fog_patchy_fog_0295_GF1_WFV1.txt,512,512,0,0,0.294921875,0.9384765625,0.046875,0.029296875,1.25,24,15,30,18.75,18.75,30,562.5,1.6
val,val/images/GF1_WFV1_E110.0_N17.9_20200703_L2A0004902374_5120_8192.png,val/labels/GF1_WFV1_E110.0_N17.9_20200703_L2A0004902374_5120_8192.txt,512,512,0,0,0.6318359375,0.2216796875,0.033203125,0.041015625,1.25,17,21,21.25,26.25,21.25,26.25,557.8125,1.23529411765
val,val/images/GF1_WFV1_E110.0_N17.9_20200703_L2A0004902374_7168_7680.png,val/labels/GF1_WFV1_E110.0_N17.9_20200703_L2A0004902374_7168_7680.txt,512,512,0,0,0.634765625,0.4755859375,0.046875,0.041015625,1.25,24,21,30,26.25,26.25,30,787.5,1.14285714286
val,val/images/GF1_WFV1_E110.0_N17.9_20200703_L2A0004902374_7680_10752.png,val/labels/GF1_WFV1_E110.0_N17.9_20200703_L2A0004902374_7680_10752.txt,512,512,0,0,0.04296875,0.5498046875,0.0390625,0.048828125,1.25,20,25,25,31.25,25,31.25,781.25,1.25
val,val/images/GF1_WFV1_E110.0_N17.9_20200703_L2A0004902374_8704_3584.png,val/labels/GF1_WFV1_E110.0_N17.9_20200703_L2A0004902374_8704_3584.txt,512,512,0,0,0.7373046875,0.8759765625,0.060546875,0.041015625,1.25,31,21,38.75,26.25,26.25,38.75,1017.1875,1.47619047619
val,val/images/GF1_WFV1_E110.3_N19.6_20200703_L2A0004902371_12288_13824.png,val/labels/GF1_WFV1_E110.3_N19.6_20200703_L2A0004902371_12288_13824.txt,512,512,0,0,0.091796875,0.0205078125,0.04296875,0.041015625,1.25,22,21,27.5,26.25,26.25,27.5,721.875,1.04761904762
val,val/images/GF1_WFV1_E110.3_N19.6_20200703_L2A0004902371_12288_13824.png,val/labels/GF1_WFV1_E110.3_N19.6_20200703_L2A0004902371_12288_13824.txt,512,512,0,1,0.1181640625,0.1904296875,0.033203125,0.041015625,1.25,17,21,21.25,26.25,21.25,26.25,557.8125,1.23529411765
val,val/images/GF1_WFV1_E110.3_N19.6_20200703_L2A0004902371_13824_2048.png,val/labels/GF1_WFV1_E110.3_N19.6_20200703_L2A0004902371_13824_2048.txt,512,512,0,0,0.365187713311,0.816580310881,0.0153583617747,0.0165803108808,1.25,7.86348122867,8.48911917098,9.82935153584,10.6113989637,9.82935153584,10.6113989637,104.303170702,1.07956246402
val,val/images/GF1_WFV1_E110.3_N19.6_20200703_L2A0004902371_13824_2048.png,val/labels/GF1_WFV1_E110.3_N19.6_20200703_L2A0004902371_13824_2048.txt,512,512,0,1,0.438566552901,0.764248704663,0.0153583617747,0.0134715025907,1.25,7.86348122867,6.89740932642,9.82935153584,8.62176165803,8.62176165803,9.82935153584,84.746326195,1.14006300866
val,val/images/GF1_WFV1_E110.3_N19.6_20200703_L2A0004902371_13824_2048.png,val/labels/GF1_WFV1_E110.3_N19.6_20200703_L2A0004902371_13824_2048.txt,512,512,0,2,0.569112627986,0.80414507772,0.0153583617747,0.0145077720207,1.25,7.86348122867,7.42797927461,9.82935153584,9.28497409326,9.28497409326,9.82935153584,91.2652743638,1.05862993662
val,val/images/GF1_WFV1_E110.3_N19.6_20200703_L2A0004902371_13824_2048.png,val/labels/GF1_WFV1_E110.3_N19.6_20200703_L2A0004902371_13824_2048.txt,512,512,0,3,0.643344709898,0.760103626943,0.0153583617747,0.0134715025907,1.25,7.86348122867,6.89740932642,9.82935153584,8.62176165803,8.62176165803,9.82935153584,84.746326195,1.14006300866
val,val/images/GF1_WFV1_E110.3_N19.6_20200703_L2A0004902371_13824_2048.png,val/labels/GF1_WFV1_E110.3_N19.6_20200703_L2A0004902371_13824_2048.txt,512,512,0,4,0.673634812287,0.686010362694,0.0162116040956,0.0145077720207,1.25,8.30034129693,7.42797927461,10.3754266212,9.28497409326,9.28497409326,10.3754266212,96.335567384,1.11744271087
val,val/images/GF1_WFV1_E110.3_N19.6_20200703_L2A0004902371_13824_2048.png,val/labels/GF1_WFV1_E110.3_N19.6_20200703_L2A0004902371_13824_2048.txt,512,512,0,5,0.740187713311,0.636787564767,0.0196245733788,0.019689119171,1.25,10.04778157,10.0808290155,12.5597269625,12.6010362694,12.5597269625,12.6010362694,158.265574988,1.00328902906
val,val/images/GF1_WFV1_E110.3_N19.6_20200703_L2A0004902371_7168_2560.png,val/labels/GF1_WFV1_E110.3_N19.6_20200703_L2A0004902371_7168_2560.txt,512,512,0,0,0.45703125,0.6591796875,0.046875,0.044921875,1.25,24,23,30,28.75,28.75,30,862.5,1.04347826087
val,val/images/GF1_WFV1_E120.0_N36.3_20200423_L2A0004760887_10240_9216.png,val/labels/GF1_WFV1_E120.0_N36.3_20200423_L2A0004760887_10240_9216.txt,512,512,0,0,0.92578125,0.275390625,0.0390625,0.046875,1.25,20,24,25,30,25,30,750,1.2
val,val/images/GF1_WFV1_E120.0_N36.3_20200423_L2A0004760887_10240_9216.png,val/labels/GF1_WFV1_E120.0_N36.3_20200423_L2A0004760887_10240_9216.txt,512,512,0,1,0.837890625,0.45703125,0.03125,0.0390625,1.25,16,20,20,25,20,25,500,1.25
val,val/images/GF1_WFV1_E120.0_N36.3_20200423_L2A0004760887_10240_9216.png,val/labels/GF1_WFV1_E120.0_N36.3_20200423_L2A0004760887_10240_9216.txt,512,512,0,2,0.6982421875,0.03515625,0.041015625,0.046875,1.25,21,24,26.25,30,26.25,30,787.5,1.14285714286
val,val/images/GF1_WFV1_E120.0_N36.3_20200423_L2A0004760887_10240_9216.png,val/labels/GF1_WFV1_E120.0_N36.3_20200423_L2A0004760887_10240_9216.txt,512,512,0,3,0.15625,0.1318359375,0.03125,0.044921875,1.25,16,23,20,28.75,20,28.75,575,1.4375
val,val/images/GF1_WFV1_E120.0_N36.3_20200423_L2A0004760887_10240_9216.png,val/labels/GF1_WFV1_E120.0_N36.3_20200423_L2A0004760887_10240_9216.txt,512,512,0,4,0.2802734375,0.1064453125,0.041015625,0.025390625,1.25,21,13,26.25,16.25,16.25,26.25,426.5625,1.61538461538
val,val/images/GF1_WFV1_E120.0_N36.3_20200423_L2A0004760887_10240_9216.png,val/labels/GF1_WFV1_E120.0_N36.3_20200423_L2A0004760887_10240_9216.txt,512,512,0,5,0.3671875,0.146484375,0.0234375,0.03125,1.25,12,16,15,20,15,20,300,1.33333333333
val,val/images/GF1_WFV1_E120.0_N36.3_20200423_L2A0004760887_10240_9216.png,val/labels/GF1_WFV1_E120.0_N36.3_20200423_L2A0004760887_10240_9216.txt,512,512,0,6,0.4072265625,0.099609375,0.033203125,0.03515625,1.25,17,18,21.25,22.5,21.25,22.5,478.125,1.05882352941
val,val/images/GF1_WFV1_E120.0_N36.3_20200423_L2A0004760887_10240_9216.png,val/labels/GF1_WFV1_E120.0_N36.3_20200423_L2A0004760887_10240_9216.txt,512,512,0,7,0.322265625,0.0244140625,0.03125,0.029296875,1.25,16,15,20,18.75,18.75,20,375,1.06666666667
val,val/images/GF1_WFV1_E120.0_N36.3_20200423_L2A0004760887_10240_9216.png,val/labels/GF1_WFV1_E120.0_N36.3_20200423_L2A0004760887_10240_9216.txt,512,512,0,8,0.8203125,0.154296875,0.03515625,0.03125,1.25,18,16,22.5,20,20,22.5,450,1.125
val,val/images/GF1_WFV1_E120.0_N36.3_20200423_L2A0004760887_12288_13824.png,val/labels/GF1_WFV1_E120.0_N36.3_20200423_L2A0004760887_12288_13824.txt,512,512,0,0,0.201171875,0.150390625,0.05078125,0.0390625,1.25,26,20,32.5,25,25,32.5,812.5,1.3
val,val/images/GF1_WFV1_E120.0_N36.3_20200423_L2A0004760887_12288_13824.png,val/labels/GF1_WFV1_E120.0_N36.3_20200423_L2A0004760887_12288_13824.txt,512,512,0,1,0.935546875,0.154296875,0.03125,0.04296875,1.25,16,22,20,27.5,20,27.5,550,1.375
val,val/images/GF1_WFV1_E120.0_N36.3_20200423_L2A0004760887_12288_13824.png,val/labels/GF1_WFV1_E120.0_N36.3_20200423_L2A0004760887_12288_13824.txt,512,512,0,2,0.244140625,0.82421875,0.0625,0.0390625,1.25,32,20,40,25,25,40,1000,1.6
val,val/images/GF1_WFV1_E120.0_N36.3_20200423_L2A0004760887_12288_14184.png,val/labels/GF1_WFV1_E120.0_N36.3_20200423_L2A0004760887_12288_14184.txt,512,512,0,0,0.2509765625,0.12109375,0.064453125,0.02734375,1.25,33,14,41.25,17.5,17.5,41.25,721.875,2.35714285714
val,val/images/GF1_WFV1_E120.0_N36.3_20200423_L2A0004760887_12288_14184.png,val/labels/GF1_WFV1_E120.0_N36.3_20200423_L2A0004760887_12288_14184.txt,512,512,0,1,0.2314453125,0.328125,0.037109375,0.03125,1.25,19,16,23.75,20,20,23.75,475,1.1875
val,val/images/GF1_WFV1_E120.0_N36.3_20200423_L2A0004760887_12800_9728.png,val/labels/GF1_WFV1_E120.0_N36.3_20200423_L2A0004760887_12800_9728.txt,512,512,0,0,0.751953125,0.52734375,0.046875,0.03125,1.25,24,16,30,20,20,30,600,1.5
val,val/images/GF1_WFV1_E120.0_N36.3_20200423_L2A0004760887_14336_10240.png,val/labels/GF1_WFV1_E120.0_N36.3_20200423_L2A0004760887_14336_10240.txt,512,512,0,0,0.17578125,0.55078125,0.0625,0.04296875,1.25,32,22,40,27.5,27.5,40,1100,1.45454545455
val,val/images/GF1_WFV1_E120.0_N36.3_20200423_L2A0004760887_14336_10240.png,val/labels/GF1_WFV1_E120.0_N36.3_20200423_L2A0004760887_14336_10240.txt,512,512,0,1,0.6494140625,0.3759765625,0.048828125,0.033203125,1.25,25,17,31.25,21.25,21.25,31.25,664.0625,1.47058823529
val,val/images/GF1_WFV1_E120.0_N36.3_20200423_L2A0004760887_14336_10240.png,val/labels/GF1_WFV1_E120.0_N36.3_20200423_L2A0004760887_14336_10240.txt,512,512,0,2,0.9365234375,0.3828125,0.064453125,0.04296875,1.25,33,22,41.25,27.5,27.5,41.25,1134.375,1.5
val,val/images/GF1_WFV1_E120.0_N36.3_20200423_L2A0004760887_14336_10240.png,val/labels/GF1_WFV1_E120.0_N36.3_20200423_L2A0004760887_14336_10240.txt,512,512,0,3,0.5126953125,0.8515625,0.052734375,0.02734375,1.25,27,14,33.75,17.5,17.5,33.75,590.625,1.92857142857
val,val/images/GF1_WFV1_E120.0_N36.3_20200423_L2A0004760887_14848_10752.png,val/labels/GF1_WFV1_E120.0_N36.3_20200423_L2A0004760887_14848_10752.txt,512,512,0,0,0.244140625,0.7314453125,0.0546875,0.041015625,1.25,28,21,35,26.25,26.25,35,918.75,1.33333333333
val,val/images/GF1_WFV1_E120.0_N36.3_20200423_L2A0004760887_14848_11776.png,val/labels/GF1_WFV1_E120.0_N36.3_20200423_L2A0004760887_14848_11776.txt,512,512,0,0,0.7001953125,0.296875,0.095703125,0.046875,1.25,49,24,61.25,30,30,61.25,1837.5,2.04166666667
val,val/images/GF1_WFV1_E120.0_N36.3_20200423_L2A0004760887_14848_11776.png,val/labels/GF1_WFV1_E120.0_N36.3_20200423_L2A0004760887_14848_11776.txt,512,512,0,1,0.5966796875,0.703125,0.060546875,0.04296875,1.25,31,22,38.75,27.5,27.5,38.75,1065.625,1.40909090909
val,val/images/GF1_WFV1_E120.0_N36.3_20200423_L2A0004760887_14848_11776.png,val/labels/GF1_WFV1_E120.0_N36.3_20200423_L2A0004760887_14848_11776.txt,512,512,0,2,0.9033203125,0.7197265625,0.076171875,0.037109375,1.25,39,19,48.75,23.75,23.75,48.75,1157.8125,2.05263157895
val,val/images/GF1_WFV1_E120.0_N36.3_20200423_L2A0004760887_14848_12288.png,val/labels/GF1_WFV1_E120.0_N36.3_20200423_L2A0004760887_14848_12288.txt,512,512,0,0,0.1689453125,0.7431640625,0.048828125,0.037109375,1.25,25,19,31.25,23.75,23.75,31.25,742.1875,1.31578947368
val,val/images/GF1_WFV1_E120.0_N36.3_20200423_L2A0004760887_14848_12288.png,val/labels/GF1_WFV1_E120.0_N36.3_20200423_L2A0004760887_14848_12288.txt,512,512,0,1,0.2216796875,0.759765625,0.041015625,0.03125,1.25,21,16,26.25,20,20,26.25,525,1.3125
val,val/images/GF1_WFV1_E120.0_N36.3_20200423_L2A0004760887_14973_6144.png,val/labels/GF1_WFV1_E120.0_N36.3_20200423_L2A0004760887_14973_6144.txt,512,512,0,0,0.90234375,0.2998046875,0.0390625,0.041015625,1.25,20,21,25,26.25,25,26.25,656.25,1.05
val,val/images/GF1_WFV1_E120.0_N36.3_20200423_L2A0004760887_14973_6144.png,val/labels/GF1_WFV1_E120.0_N36.3_20200423_L2A0004760887_14973_6144.txt,512,512,0,1,0.8369140625,0.8681640625,0.033203125,0.037109375,1.25,17,19,21.25,23.75,21.25,23.75,504.6875,1.11764705882
val,val/images/GF1_WFV1_E120.0_N36.3_20200423_L2A0004760887_14973_6656.png,val/labels/GF1_WFV1_E120.0_N36.3_20200423_L2A0004760887_14973_6656.txt,512,512,0,0,0.9404296875,0.193359375,0.029296875,0.046875,1.25,15,24,18.75,30,18.75,30,562.5,1.6
val,val/images/GF1_WFV1_E120.0_N36.3_20200423_L2A0004760887_14973_9216.png,val/labels/GF1_WFV1_E120.0_N36.3_20200423_L2A0004760887_14973_9216.txt,512,512,0,0,0.0478515625,0.259765625,0.080078125,0.0390625,1.25,41,20,51.25,25,25,51.25,1281.25,2.05
val,val/images/GF1_WFV1_E120.0_N36.3_20200423_L2A0004760887_15485_5120.png,val/labels/GF1_WFV1_E120.0_N36.3_20200423_L2A0004760887_15485_5120.txt,512,512,0,0,0.2724609375,0.369140625,0.037109375,0.0234375,1.25,19,12,23.75,15,15,23.75,356.25,1.58333333333
val,val/images/GF1_WFV1_E120.0_N36.3_20200423_L2A0004760887_15485_6144.png,val/labels/GF1_WFV1_E120.0_N36.3_20200423_L2A0004760887_15485_6144.txt,512,512,0,0,0.8916015625,0.0810546875,0.037109375,0.044921875,1.25,19,23,23.75,28.75,23.75,28.75,682.8125,1.21052631579
val,val/images/GF1_WFV1_E120.0_N36.3_20200423_L2A0004760887_15485_6144.png,val/labels/GF1_WFV1_E120.0_N36.3_20200423_L2A0004760887_15485_6144.txt,512,512,0,1,0.5322265625,0.876953125,0.025390625,0.04296875,1.25,13,22,16.25,27.5,16.25,27.5,446.875,1.69230769231
val,val/images/GF1_WFV1_E120.0_N36.3_20200423_L2A0004760887_15485_6656.png,val/labels/GF1_WFV1_E120.0_N36.3_20200423_L2A0004760887_15485_6656.txt,512,512,0,0,0.7548828125,0.8564453125,0.029296875,0.041015625,1.25,15,21,18.75,26.25,18.75,26.25,492.1875,1.4
val,val/images/GF1_WFV1_E120.0_N36.3_20200423_L2A0004760887_15485_6656.png,val/labels/GF1_WFV1_E120.0_N36.3_20200423_L2A0004760887_15485_6656.txt,512,512,0,1,0.8984375,0.33203125,0.04296875,0.046875,1.25,22,24,27.5,30,27.5,30,825,1.09090909091
val,val/images/GF1_WFV1_E120.0_N36.3_20200423_L2A0004760887_15485_6656.png,val/labels/GF1_WFV1_E120.0_N36.3_20200423_L2A0004760887_15485_6656.txt,512,512,0,2,0.6171875,0.4111328125,0.05859375,0.041015625,1.25,30,21,37.5,26.25,26.25,37.5,984.375,1.42857142857
val,val/images/GF1_WFV1_E120.0_N36.3_20200423_L2A0004760887_15485_6656.png,val/labels/GF1_WFV1_E120.0_N36.3_20200423_L2A0004760887_15485_6656.txt,512,512,0,3,0.490234375,0.189453125,0.03125,0.03125,1.25,16,16,20,20,20,20,400,1
val,val/images/GF1_WFV1_E120.0_N36.3_20200423_L2A0004760887_15485_6656.png,val/labels/GF1_WFV1_E120.0_N36.3_20200423_L2A0004760887_15485_6656.txt,512,512,0,4,0.5322265625,0.55078125,0.041015625,0.03125,1.25,21,16,26.25,20,20,26.25,525,1.3125
val,val/images/GF1_WFV1_E120.0_N36.3_20200423_L2A0004760887_15872_8192.png,val/labels/GF1_WFV1_E120.0_N36.3_20200423_L2A0004760887_15872_8192.txt,512,512,0,0,0.03125,0.517578125,0.03125,0.02734375,1.25,16,14,20,17.5,17.5,20,350,1.14285714286
val,val/images/GF1_WFV1_E120.0_N36.3_20200423_L2A0004760887_15872_8192.png,val/labels/GF1_WFV1_E120.0_N36.3_20200423_L2A0004760887_15872_8192.txt,512,512,0,1,0.06640625,0.708984375,0.0390625,0.04296875,1.25,20,22,25,27.5,25,27.5,687.5,1.1
val,val/images/GF1_WFV1_E120.0_N36.3_20200423_L2A0004760887_3072_1024.png,val/labels/GF1_WFV1_E120.0_N36.3_20200423_L2A0004760887_3072_1024.txt,512,512,0,0,0.9501953125,0.08203125,0.052734375,0.02734375,1.25,27,14,33.75,17.5,17.5,33.75,590.625,1.92857142857
val,val/images/GF1_WFV1_E120.0_N36.3_20200423_L2A0004760887_7680_12800.png,val/labels/GF1_WFV1_E120.0_N36.3_20200423_L2A0004760887_7680_12800.txt,512,512,0,0,0.3330078125,0.4521484375,0.033203125,0.052734375,1.25,17,27,21.25,33.75,21.25,33.75,717.1875,1.58823529412
val,val/images/GF1_WFV1_E120.0_N36.3_20200423_L2A0004760887_7680_12800.png,val/labels/GF1_WFV1_E120.0_N36.3_20200423_L2A0004760887_7680_12800.txt,512,512,0,1,0.84375,0.1044921875,0.03125,0.056640625,1.25,16,29,20,36.25,20,36.25,725,1.8125
val,val/images/GF1_WFV1_E120.0_N36.3_20200423_L2A0004760887_7680_12800.png,val/labels/GF1_WFV1_E120.0_N36.3_20200423_L2A0004760887_7680_12800.txt,512,512,0,2,0.962890625,0.9130859375,0.0234375,0.033203125,1.25,12,17,15,21.25,15,21.25,318.75,1.41666666667
val,val/images/GF1_WFV1_E120.0_N36.3_20200423_L2A0004760887_7680_12800.png,val/labels/GF1_WFV1_E120.0_N36.3_20200423_L2A0004760887_7680_12800.txt,512,512,0,3,0.4921875,0.484375,0.03125,0.01953125,1.25,16,10,20,12.5,12.5,20,250,1.6
val,val/images/GF1_WFV1_E120.0_N36.3_20200423_L2A0004760887_7680_12800.png,val/labels/GF1_WFV1_E120.0_N36.3_20200423_L2A0004760887_7680_12800.txt,512,512,0,4,0.447265625,0.4970703125,0.01953125,0.033203125,1.25,10,17,12.5,21.25,12.5,21.25,265.625,1.7
val,val/images/GF1_WFV1_E120.0_N36.3_20200423_L2A0004760887_7680_12800.png,val/labels/GF1_WFV1_E120.0_N36.3_20200423_L2A0004760887_7680_12800.txt,512,512,0,5,0.3408203125,0.4931640625,0.021484375,0.029296875,1.25,11,15,13.75,18.75,13.75,18.75,257.8125,1.36363636364
val,val/images/GF1_WFV1_E120.0_N36.3_20200423_L2A0004760887_8192_13312.png,val/labels/GF1_WFV1_E120.0_N36.3_20200423_L2A0004760887_8192_13312.txt,512,512,0,0,0.650390625,0.6787109375,0.0390625,0.033203125,1.25,20,17,25,21.25,21.25,25,531.25,1.17647058824
val,val/images/GF1_WFV1_E120.0_N36.3_20200423_L2A0004760887_8192_13312.png,val/labels/GF1_WFV1_E120.0_N36.3_20200423_L2A0004760887_8192_13312.txt,512,512,0,1,0.765625,0.59375,0.04296875,0.03125,1.25,22,16,27.5,20,20,27.5,550,1.375
val,val/images/GF1_WFV1_E120.0_N36.3_20200423_L2A0004760887_8192_13312.png,val/labels/GF1_WFV1_E120.0_N36.3_20200423_L2A0004760887_8192_13312.txt,512,512,0,2,0.98046875,0.544921875,0.0390625,0.03125,1.25,20,16,25,20,20,25,500,1.25
val,val/images/GF1_WFV1_E120.0_N36.3_20200423_L2A0004760887_8192_13312.png,val/labels/GF1_WFV1_E120.0_N36.3_20200423_L2A0004760887_8192_13312.txt,512,512,0,3,0.8896484375,0.658203125,0.044921875,0.03515625,1.25,23,18,28.75,22.5,22.5,28.75,646.875,1.27777777778
val,val/images/GF1_WFV1_E120.0_N36.3_20200423_L2A0004760887_8192_13312.png,val/labels/GF1_WFV1_E120.0_N36.3_20200423_L2A0004760887_8192_13312.txt,512,512,0,4,0.716796875,0.7900390625,0.0390625,0.029296875,1.25,20,15,25,18.75,18.75,25,468.75,1.33333333333
val,val/images/GF1_WFV1_E120.0_N36.3_20200423_L2A0004760887_8192_13312.png,val/labels/GF1_WFV1_E120.0_N36.3_20200423_L2A0004760887_8192_13312.txt,512,512,0,5,0.9296875,0.8193359375,0.05078125,0.033203125,1.25,26,17,32.5,21.25,21.25,32.5,690.625,1.52941176471
val,val/images/GF1_WFV2_E111.6_N17.5_20200703_L2A0004902588_4096_4096.png,val/labels/GF1_WFV2_E111.6_N17.5_20200703_L2A0004902588_4096_4096.txt,512,512,0,0,0.8984375,0.3994140625,0.04296875,0.064453125,1.25,22,33,27.5,41.25,27.5,41.25,1134.375,1.5
val,val/images/GF1_WFV2_E112.0_N19.2_20200703_L2A0004902375_3072_0.png,val/labels/GF1_WFV2_E112.0_N19.2_20200703_L2A0004902375_3072_0.txt,512,512,0,0,0.248046875,0.58203125,0.05078125,0.03125,1.25,26,16,32.5,20,20,32.5,650,1.625
val,val/images/GF1_WFV2_E112.0_N19.2_20200703_L2A0004902375_4096_5120.png,val/labels/GF1_WFV2_E112.0_N19.2_20200703_L2A0004902375_4096_5120.txt,512,512,0,0,0.453125,0.9599609375,0.0234375,0.052734375,1.25,12,27,15,33.75,15,33.75,506.25,2.25
val,val/images/GF1_WFV2_E112.0_N19.2_20200703_L2A0004902375_6656_4608.png,val/labels/GF1_WFV2_E112.0_N19.2_20200703_L2A0004902375_6656_4608.txt,512,512,0,0,0.7626953125,0.7119140625,0.021484375,0.037109375,1.25,11,19,13.75,23.75,13.75,23.75,326.5625,1.72727272727
val,val/images/GF1_WFV2_E112.0_N19.2_20200703_L2A0004902375_6656_4608.png,val/labels/GF1_WFV2_E112.0_N19.2_20200703_L2A0004902375_6656_4608.txt,512,512,0,1,0.9375,0.9091796875,0.0234375,0.029296875,1.25,12,15,15,18.75,15,18.75,281.25,1.25
val,val/images/GF1_WFV2_E112.0_N19.2_20200703_L2A0004902375_7680_4096.png,val/labels/GF1_WFV2_E112.0_N19.2_20200703_L2A0004902375_7680_4096.txt,512,512,0,0,0.068359375,0.947265625,0.01953125,0.02734375,1.25,10,14,12.5,17.5,12.5,17.5,218.75,1.4
val,val/images/GF1_WFV2_E112.0_N19.2_20200703_L2A0004902375_8704_4608.png,val/labels/GF1_WFV2_E112.0_N19.2_20200703_L2A0004902375_8704_4608.txt,512,512,0,0,0.2333984375,0.2119140625,0.033203125,0.041015625,1.25,17,21,21.25,26.25,21.25,26.25,557.8125,1.23529411765
val,val/images/GF1_WFV2_E118.9_N24.3_20200710_L2A0004922278_0_11776.png,val/labels/GF1_WFV2_E118.9_N24.3_20200710_L2A0004922278_0_11776.txt,512,512,0,0,0.4453125,0.2314453125,0.046875,0.044921875,1.25,24,23,30,28.75,28.75,30,862.5,1.04347826087
val,val/images/GF1_WFV2_E118.9_N24.3_20200710_L2A0004922278_1024_10240.png,val/labels/GF1_WFV2_E118.9_N24.3_20200710_L2A0004922278_1024_10240.txt,512,512,0,0,0.1337890625,0.576171875,0.033203125,0.02734375,1.25,17,14,21.25,17.5,17.5,21.25,371.875,1.21428571429
val,val/images/GF1_WFV2_E118.9_N24.3_20200710_L2A0004922278_11776_10240.png,val/labels/GF1_WFV2_E118.9_N24.3_20200710_L2A0004922278_11776_10240.txt,512,512,0,0,0.37542662116,0.627461139896,0.0221843003413,0.019689119171,1.25,11.3583617747,10.0808290155,14.1979522184,12.6010362694,12.6010362694,14.1979522184,178.908910856,1.12672893839
val,val/images/GF1_WFV2_E118.9_N24.3_20200710_L2A0004922278_12288_11264.png,val/labels/GF1_WFV2_E118.9_N24.3_20200710_L2A0004922278_12288_11264.txt,512,512,0,0,0.1806640625,0.80859375,0.037109375,0.02734375,1.25,19,14,23.75,17.5,17.5,23.75,415.625,1.35714285714
val,val/images/GF1_WFV2_E118.9_N24.3_20200710_L2A0004922278_13312_5120.png,val/labels/GF1_WFV2_E118.9_N24.3_20200710_L2A0004922278_13312_5120.txt,512,512,0,0,0.8359375,0.435546875,0.0234375,0.03125,1.25,12,16,15,20,15,20,300,1.33333333333
val,val/images/GF1_WFV2_E118.9_N24.3_20200710_L2A0004922278_13312_5632.png,val/labels/GF1_WFV2_E118.9_N24.3_20200710_L2A0004922278_13312_5632.txt,512,512,0,0,0.613054607509,0.0533678756477,0.0145051194539,0.0176165803109,1.25,7.42662116041,9.01968911917,9.28327645051,11.274611399,9.28327645051,11.274611399,104.665334489,1.21450777202
val,val/images/GF1_WFV2_E118.9_N24.3_20200710_L2A0004922278_3584_7680.png,val/labels/GF1_WFV2_E118.9_N24.3_20200710_L2A0004922278_3584_7680.txt,512,512,0,0,0.6923828125,0.1318359375,0.044921875,0.048828125,1.25,23,25,28.75,31.25,28.75,31.25,898.4375,1.08695652174
val,val/images/GF1_WFV2_E118.9_N24.3_20200710_L2A0004922278_3584_7680.png,val/labels/GF1_WFV2_E118.9_N24.3_20200710_L2A0004922278_3584_7680.txt,512,512,0,1,0.8359375,0.345703125,0.0546875,0.06640625,1.25,28,34,35,42.5,35,42.5,1487.5,1.21428571429
val,val/images/GF1_WFV2_E118.9_N24.3_20200710_L2A0004922278_512_12288.png,val/labels/GF1_WFV2_E118.9_N24.3_20200710_L2A0004922278_512_12288.txt,512,512,0,0,0.0478515625,0.81640625,0.037109375,0.04296875,1.25,19,22,23.75,27.5,23.75,27.5,653.125,1.15789473684
val,val/images/GF1_WFV2_E118.9_N24.3_20200710_L2A0004922278_512_12288.png,val/labels/GF1_WFV2_E118.9_N24.3_20200710_L2A0004922278_512_12288.txt,512,512,0,1,0.076171875,0.7978515625,0.03515625,0.041015625,1.25,18,21,22.5,26.25,22.5,26.25,590.625,1.16666666667
val,val/images/GF1_WFV2_E118.9_N24.3_20200710_L2A0004922278_6656_13312.png,val/labels/GF1_WFV2_E118.9_N24.3_20200710_L2A0004922278_6656_13312.txt,512,512,0,0,0.3671875,0.91015625,0.0546875,0.03125,1.25,28,16,35,20,20,35,700,1.75
val,val/images/GF1_WFV2_E118.9_N24.3_20200710_L2A0004922278_6656_13312.png,val/labels/GF1_WFV2_E118.9_N24.3_20200710_L2A0004922278_6656_13312.txt,512,512,0,1,0.373046875,0.8837890625,0.03515625,0.029296875,1.25,18,15,22.5,18.75,18.75,22.5,421.875,1.2
val,val/images/GF1_WFV2_E118.9_N24.3_20200710_L2A0004922278_6656_13312.png,val/labels/GF1_WFV2_E118.9_N24.3_20200710_L2A0004922278_6656_13312.txt,512,512,0,2,0.33984375,0.36328125,0.0390625,0.0390625,1.25,20,20,25,25,25,25,625,1
val,val/images/GF1_WFV2_E118.9_N24.3_20200710_L2A0004922278_6656_13312.png,val/labels/GF1_WFV2_E118.9_N24.3_20200710_L2A0004922278_6656_13312.txt,512,512,0,3,0.90625,0.58984375,0.03515625,0.0234375,1.25,18,12,22.5,15,15,22.5,337.5,1.5
val,val/images/GF1_WFV2_E118.9_N24.3_20200710_L2A0004922278_6656_13312.png,val/labels/GF1_WFV2_E118.9_N24.3_20200710_L2A0004922278_6656_13312.txt,512,512,0,4,0.2080078125,0.5859375,0.033203125,0.02734375,1.25,17,14,21.25,17.5,17.5,21.25,371.875,1.21428571429
val,val/images/GF1_WFV2_E118.9_N24.3_20200710_L2A0004922278_8704_13824.png,val/labels/GF1_WFV2_E118.9_N24.3_20200710_L2A0004922278_8704_13824.txt,512,512,0,0,0.2451171875,0.1123046875,0.037109375,0.037109375,1.25,19,19,23.75,23.75,23.75,23.75,564.0625,1
val,val/images/GF1_WFV2_E118.9_N24.3_20200710_L2A0004922278_8704_13824.png,val/labels/GF1_WFV2_E118.9_N24.3_20200710_L2A0004922278_8704_13824.txt,512,512,0,1,0.8037109375,0.0068359375,0.041015625,0.013671875,1.25,21,7,26.25,8.75,8.75,26.25,229.6875,3
val,val/images/GF1_WFV2_E123.6_N29.3_20190910_L2A0004239231_1024_6144.png,val/labels/GF1_WFV2_E123.6_N29.3_20190910_L2A0004239231_1024_6144.txt,512,512,0,0,0.7060546875,0.6103515625,0.052734375,0.044921875,1.25,27,23,33.75,28.75,28.75,33.75,970.3125,1.17391304348
val,val/images/GF1_WFV2_E123.6_N29.3_20190910_L2A0004239231_1024_6144.png,val/labels/GF1_WFV2_E123.6_N29.3_20190910_L2A0004239231_1024_6144.txt,512,512,0,1,0.728515625,0.1416015625,0.0390625,0.029296875,1.25,20,15,25,18.75,18.75,25,468.75,1.33333333333
val,val/images/GF1_WFV2_E123.6_N29.3_20190910_L2A0004239231_1024_7168.png,val/labels/GF1_WFV2_E123.6_N29.3_20190910_L2A0004239231_1024_7168.txt,512,512,0,0,0.2880859375,0.44921875,0.041015625,0.05078125,1.25,21,26,26.25,32.5,26.25,32.5,853.125,1.2380952381
val,val/images/GF1_WFV2_E123.6_N29.3_20190910_L2A0004239231_1024_7168.png,val/labels/GF1_WFV2_E123.6_N29.3_20190910_L2A0004239231_1024_7168.txt,512,512,0,1,0.814453125,0.525390625,0.0390625,0.04296875,1.25,20,22,25,27.5,25,27.5,687.5,1.1
val,val/images/GF1_WFV2_E123.6_N29.3_20190910_L2A0004239231_1024_7168.png,val/labels/GF1_WFV2_E123.6_N29.3_20190910_L2A0004239231_1024_7168.txt,512,512,0,2,0.879692832765,0.969430051813,0.0119453924915,0.0217616580311,1.25,6.11604095563,11.1419689119,7.64505119454,13.9274611399,7.64505119454,13.9274611399,106.476153424,1.82176165803
val,val/images/GF1_WFV2_E123.6_N29.3_20190910_L2A0004239231_11776_8192.png,val/labels/GF1_WFV2_E123.6_N29.3_20190910_L2A0004239231_11776_8192.txt,512,512,0,0,0.6396484375,0.9931640625,0.025390625,0.013671875,1.25,13,7,16.25,8.75,8.75,16.25,142.1875,1.85714285714
val,val/images/GF1_WFV2_E123.6_N29.3_20190910_L2A0004239231_1536_3584.png,val/labels/GF1_WFV2_E123.6_N29.3_20190910_L2A0004239231_1536_3584.txt,512,512,0,0,0.6103515625,0.693359375,0.068359375,0.0390625,1.25,35,20,43.75,25,25,43.75,1093.75,1.75
val,val/images/GF1_WFV2_E123.6_N29.3_20190910_L2A0004239231_1536_3584.png,val/labels/GF1_WFV2_E123.6_N29.3_20190910_L2A0004239231_1536_3584.txt,512,512,0,1,0.96484375,0.537109375,0.046875,0.046875,1.25,24,24,30,30,30,30,900,1
val,val/images/GF1_WFV2_E123.6_N29.3_20190910_L2A0004239231_1536_5632.png,val/labels/GF1_WFV2_E123.6_N29.3_20190910_L2A0004239231_1536_5632.txt,512,512,0,0,0.1630859375,0.0791015625,0.064453125,0.056640625,1.25,33,29,41.25,36.25,36.25,41.25,1495.3125,1.13793103448
val,val/images/GF1_WFV2_E123.6_N29.3_20190910_L2A0004239231_2048_0.png,val/labels/GF1_WFV2_E123.6_N29.3_20190910_L2A0004239231_2048_0.txt,512,512,0,0,0.9755859375,0.9501953125,0.048828125,0.033203125,1.25,25,17,31.25,21.25,21.25,31.25,664.0625,1.47058823529
val,val/images/GF1_WFV2_E123.6_N29.3_20190910_L2A0004239231_2048_2048.png,val/labels/GF1_WFV2_E123.6_N29.3_20190910_L2A0004239231_2048_2048.txt,512,512,0,0,0.3974609375,0.4345703125,0.041015625,0.044921875,1.25,21,23,26.25,28.75,26.25,28.75,754.6875,1.09523809524
val,val/images/GF1_WFV2_E123.6_N29.3_20190910_L2A0004239231_2048_2048.png,val/labels/GF1_WFV2_E123.6_N29.3_20190910_L2A0004239231_2048_2048.txt,512,512,0,1,0.455078125,0.50390625,0.05078125,0.04296875,1.25,26,22,32.5,27.5,27.5,32.5,893.75,1.18181818182
val,val/images/GF1_WFV2_E123.6_N29.3_20190910_L2A0004239231_2048_2048.png,val/labels/GF1_WFV2_E123.6_N29.3_20190910_L2A0004239231_2048_2048.txt,512,512,0,2,0.6044921875,0.1884765625,0.041015625,0.033203125,1.25,21,17,26.25,21.25,21.25,26.25,557.8125,1.23529411765
val,val/images/GF1_WFV2_E123.6_N29.3_20190910_L2A0004239231_2048_2048.png,val/labels/GF1_WFV2_E123.6_N29.3_20190910_L2A0004239231_2048_2048.txt,512,512,0,3,0.640625,0.076171875,0.04296875,0.0390625,1.25,22,20,27.5,25,25,27.5,687.5,1.1
val,val/images/GF1_WFV2_E123.6_N29.3_20190910_L2A0004239231_2048_2048.png,val/labels/GF1_WFV2_E123.6_N29.3_20190910_L2A0004239231_2048_2048.txt,512,512,0,4,0.626953125,0.2890625,0.046875,0.03125,1.25,24,16,30,20,20,30,600,1.5
val,val/images/GF1_WFV2_E123.6_N29.3_20190910_L2A0004239231_2048_8704.png,val/labels/GF1_WFV2_E123.6_N29.3_20190910_L2A0004239231_2048_8704.txt,512,512,0,0,0.318359375,0.203125,0.06640625,0.05859375,1.25,34,30,42.5,37.5,37.5,42.5,1593.75,1.13333333333
val,val/images/GF1_WFV2_E123.6_N29.3_20190910_L2A0004239231_2048_8704.png,val/labels/GF1_WFV2_E123.6_N29.3_20190910_L2A0004239231_2048_8704.txt,512,512,0,1,0.4658203125,0.30859375,0.041015625,0.0390625,1.25,21,20,26.25,25,25,26.25,656.25,1.05
val,val/images/GF1_WFV2_E123.6_N29.3_20190910_L2A0004239231_2560_11264.png,val/labels/GF1_WFV2_E123.6_N29.3_20190910_L2A0004239231_2560_11264.txt,512,512,0,0,0.328125,0.8017578125,0.03125,0.041015625,1.25,16,21,20,26.25,20,26.25,525,1.3125
val,val/images/GF1_WFV2_E123.6_N29.3_20190910_L2A0004239231_2560_3584.png,val/labels/GF1_WFV2_E123.6_N29.3_20190910_L2A0004239231_2560_3584.txt,512,512,0,0,0.6728515625,0.8330078125,0.068359375,0.052734375,1.25,35,27,43.75,33.75,33.75,43.75,1476.5625,1.2962962963
val,val/images/GF1_WFV2_E123.6_N29.3_20190910_L2A0004239231_2560_3584.png,val/labels/GF1_WFV2_E123.6_N29.3_20190910_L2A0004239231_2560_3584.txt,512,512,0,1,0.447265625,0.2802734375,0.03515625,0.044921875,1.25,18,23,22.5,28.75,22.5,28.75,646.875,1.27777777778
val,val/images/GF1_WFV2_E123.6_N29.3_20190910_L2A0004239231_2560_3584.png,val/labels/GF1_WFV2_E123.6_N29.3_20190910_L2A0004239231_2560_3584.txt,512,512,0,2,0.017578125,0.564453125,0.03515625,0.04296875,1.25,18,22,22.5,27.5,22.5,27.5,618.75,1.22222222222
val,val/images/GF1_WFV2_E123.6_N29.3_20190910_L2A0004239231_2560_512.png,val/labels/GF1_WFV2_E123.6_N29.3_20190910_L2A0004239231_2560_512.txt,512,512,0,0,0.1064453125,0.84375,0.025390625,0.03125,1.25,13,16,16.25,20,16.25,20,325,1.23076923077
val,val/images/GF1_WFV2_E123.6_N29.3_20190910_L2A0004239231_2560_512.png,val/labels/GF1_WFV2_E123.6_N29.3_20190910_L2A0004239231_2560_512.txt,512,512,0,1,0.1787109375,0.6640625,0.033203125,0.02734375,1.25,17,14,21.25,17.5,17.5,21.25,371.875,1.21428571429
val,val/images/GF1_WFV2_E123.6_N29.3_20190910_L2A0004239231_2560_5632.png,val/labels/GF1_WFV2_E123.6_N29.3_20190910_L2A0004239231_2560_5632.txt,512,512,0,0,0.4384765625,0.0927734375,0.052734375,0.044921875,1.25,27,23,33.75,28.75,28.75,33.75,970.3125,1.17391304348
val,val/images/GF1_WFV2_E123.6_N29.3_20190910_L2A0004239231_2560_5632.png,val/labels/GF1_WFV2_E123.6_N29.3_20190910_L2A0004239231_2560_5632.txt,512,512,0,1,0.62109375,0.5,0.05078125,0.05859375,1.25,26,30,32.5,37.5,32.5,37.5,1218.75,1.15384615385
val,val/images/GF1_WFV2_E123.6_N29.3_20190910_L2A0004239231_2560_5632.png,val/labels/GF1_WFV2_E123.6_N29.3_20190910_L2A0004239231_2560_5632.txt,512,512,0,2,0.357421875,0.9658203125,0.05859375,0.052734375,1.25,30,27,37.5,33.75,33.75,37.5,1265.625,1.11111111111
val,val/images/GF1_WFV2_E123.6_N29.3_20190910_L2A0004239231_2560_9728.png,val/labels/GF1_WFV2_E123.6_N29.3_20190910_L2A0004239231_2560_9728.txt,512,512,0,0,0.3134765625,0.1787109375,0.068359375,0.080078125,1.25,35,41,43.75,51.25,43.75,51.25,2242.1875,1.17142857143
val,val/images/GF1_WFV2_E123.6_N29.3_20190910_L2A0004239231_3072_1024.png,val/labels/GF1_WFV2_E123.6_N29.3_20190910_L2A0004239231_3072_1024.txt,512,512,0,0,0.345703125,0.91015625,0.03515625,0.03515625,1.25,18,18,22.5,22.5,22.5,22.5,506.25,1
val,val/images/GF1_WFV2_E123.6_N29.3_20190910_L2A0004239231_3072_512.png,val/labels/GF1_WFV2_E123.6_N29.3_20190910_L2A0004239231_3072_512.txt,512,512,0,0,0.8984375,0.5048828125,0.05859375,0.037109375,1.25,30,19,37.5,23.75,23.75,37.5,890.625,1.57894736842
val,val/images/GF1_WFV2_E123.6_N29.3_20190910_L2A0004239231_3072_512.png,val/labels/GF1_WFV2_E123.6_N29.3_20190910_L2A0004239231_3072_512.txt,512,512,0,1,0.5390625,0.779296875,0.05078125,0.03515625,1.25,26,18,32.5,22.5,22.5,32.5,731.25,1.44444444444
val,val/images/GF1_WFV2_E123.6_N29.3_20190910_L2A0004239231_3072_9216.png,val/labels/GF1_WFV2_E123.6_N29.3_20190910_L2A0004239231_3072_9216.txt,512,512,0,0,0.9091796875,0.0498046875,0.041015625,0.052734375,1.25,21,27,26.25,33.75,26.25,33.75,885.9375,1.28571428571
val,val/images/GF1_WFV2_E123.6_N29.3_20190910_L2A0004239231_3584_4096.png,val/labels/GF1_WFV2_E123.6_N29.3_20190910_L2A0004239231_3584_4096.txt,512,512,0,0,0.5654296875,0.248046875,0.095703125,0.07421875,1.25,49,38,61.25,47.5,47.5,61.25,2909.375,1.28947368421
val,val/images/GF1_WFV2_E123.6_N29.3_20190910_L2A0004239231_3584_6144.png,val/labels/GF1_WFV2_E123.6_N29.3_20190910_L2A0004239231_3584_6144.txt,512,512,0,0,0.78125,0.322265625,0.0546875,0.05078125,1.25,28,26,35,32.5,32.5,35,1137.5,1.07692307692
val,val/images/GF1_WFV2_E123.6_N29.3_20190910_L2A0004239231_3584_6144.png,val/labels/GF1_WFV2_E123.6_N29.3_20190910_L2A0004239231_3584_6144.txt,512,512,0,1,0.6806640625,0.51953125,0.056640625,0.05078125,1.25,29,26,36.25,32.5,32.5,36.25,1178.125,1.11538461538
val,val/images/GF1_WFV2_E123.6_N29.3_20190910_L2A0004239231_4096_1024.png,val/labels/GF1_WFV2_E123.6_N29.3_20190910_L2A0004239231_4096_1024.txt,512,512,0,0,0.2138671875,0.1171875,0.064453125,0.0625,1.25,33,32,41.25,40,40,41.25,1650,1.03125
val,val/images/GF1_WFV2_E123.6_N29.3_20190910_L2A0004239231_4096_1024.png,val/labels/GF1_WFV2_E123.6_N29.3_20190910_L2A0004239231_4096_1024.txt,512,512,0,1,0.5390625,0.5556640625,0.05078125,0.052734375,1.25,26,27,32.5,33.75,32.5,33.75,1096.875,1.03846153846
val,val/images/GF1_WFV2_E123.6_N29.3_20190910_L2A0004239231_4096_1024.png,val/labels/GF1_WFV2_E123.6_N29.3_20190910_L2A0004239231_4096_1024.txt,512,512,0,2,0.833984375,0.46484375,0.0390625,0.0390625,1.25,20,20,25,25,25,25,625,1
val,val/images/GF1_WFV2_E123.6_N29.3_20190910_L2A0004239231_4096_4608.png,val/labels/GF1_WFV2_E123.6_N29.3_20190910_L2A0004239231_4096_4608.txt,512,512,0,0,0.224609375,0.5556640625,0.04296875,0.025390625,1.25,22,13,27.5,16.25,16.25,27.5,446.875,1.69230769231
val,val/images/GF1_WFV2_E123.6_N29.3_20190910_L2A0004239231_4096_4608.png,val/labels/GF1_WFV2_E123.6_N29.3_20190910_L2A0004239231_4096_4608.txt,512,512,0,1,0.796875,0.9462890625,0.04296875,0.025390625,1.25,22,13,27.5,16.25,16.25,27.5,446.875,1.69230769231
val,val/images/GF1_WFV2_E123.6_N29.3_20190910_L2A0004239231_4608_4096.png,val/labels/GF1_WFV2_E123.6_N29.3_20190910_L2A0004239231_4608_4096.txt,512,512,0,0,0.59765625,0.2734375,0.03125,0.046875,1.25,16,24,20,30,20,30,600,1.5
val,val/images/GF1_WFV2_E123.6_N29.3_20190910_L2A0004239231_4608_4096.png,val/labels/GF1_WFV2_E123.6_N29.3_20190910_L2A0004239231_4608_4096.txt,512,512,0,1,0.361328125,0.345703125,0.0390625,0.02734375,1.25,20,14,25,17.5,17.5,25,437.5,1.42857142857
val,val/images/GF1_WFV2_E123.6_N29.3_20190910_L2A0004239231_4608_5120.png,val/labels/GF1_WFV2_E123.6_N29.3_20190910_L2A0004239231_4608_5120.txt,512,512,0,0,0.1181640625,0.6962890625,0.041015625,0.021484375,1.25,21,11,26.25,13.75,13.75,26.25,360.9375,1.90909090909
val,val/images/GF1_WFV2_E123.6_N29.3_20190910_L2A0004239231_4608_5120.png,val/labels/GF1_WFV2_E123.6_N29.3_20190910_L2A0004239231_4608_5120.txt,512,512,0,1,0.1767578125,0.6611328125,0.044921875,0.029296875,1.25,23,15,28.75,18.75,18.75,28.75,539.0625,1.53333333333
val,val/images/GF1_WFV2_E123.6_N29.3_20190910_L2A0004239231_4608_5120.png,val/labels/GF1_WFV2_E123.6_N29.3_20190910_L2A0004239231_4608_5120.txt,512,512,0,2,0.166015625,0.697265625,0.02734375,0.0234375,1.25,14,12,17.5,15,15,17.5,262.5,1.16666666667
val,val/images/GF1_WFV2_E123.6_N29.3_20190910_L2A0004239231_5632_10240.png,val/labels/GF1_WFV2_E123.6_N29.3_20190910_L2A0004239231_5632_10240.txt,512,512,0,0,0.4013671875,0.908203125,0.056640625,0.0625,1.25,29,32,36.25,40,36.25,40,1450,1.10344827586
val,val/images/GF1_WFV2_E123.6_N29.3_20190910_L2A0004239231_5632_11264.png,val/labels/GF1_WFV2_E123.6_N29.3_20190910_L2A0004239231_5632_11264.txt,512,512,0,0,0.5263671875,0.4873046875,0.044921875,0.056640625,1.25,23,29,28.75,36.25,28.75,36.25,1042.1875,1.26086956522
val,val/images/GF1_WFV2_E123.6_N29.3_20190910_L2A0004239231_6144_9728.png,val/labels/GF1_WFV2_E123.6_N29.3_20190910_L2A0004239231_6144_9728.txt,512,512,0,0,0.8681640625,0.6201171875,0.029296875,0.037109375,1.25,15,19,18.75,23.75,18.75,23.75,445.3125,1.26666666667
val,val/images/GF1_WFV2_E123.6_N29.3_20190910_L2A0004239231_6656_11776.png,val/labels/GF1_WFV2_E123.6_N29.3_20190910_L2A0004239231_6656_11776.txt,512,512,0,0,0.505859375,0.822265625,0.05859375,0.06640625,1.25,30,34,37.5,42.5,37.5,42.5,1593.75,1.13333333333
val,val/images/GF1_WFV2_E123.6_N29.3_20190910_L2A0004239231_6656_11776.png,val/labels/GF1_WFV2_E123.6_N29.3_20190910_L2A0004239231_6656_11776.txt,512,512,0,1,0.7578125,0.6767578125,0.04296875,0.052734375,1.25,22,27,27.5,33.75,27.5,33.75,928.125,1.22727272727
val,val/images/GF1_WFV2_E123.6_N29.3_20190910_L2A0004239231_7680_13824.png,val/labels/GF1_WFV2_E123.6_N29.3_20190910_L2A0004239231_7680_13824.txt,512,512,0,0,0.2666015625,0.6044921875,0.052734375,0.068359375,1.25,27,35,33.75,43.75,33.75,43.75,1476.5625,1.2962962963
val,val/images/GF1_WFV2_E123.6_N29.3_20190910_L2A0004239231_9728_11264.png,val/labels/GF1_WFV2_E123.6_N29.3_20190910_L2A0004239231_9728_11264.txt,512,512,0,0,0.51171875,0.2939453125,0.0234375,0.041015625,1.25,12,21,15,26.25,15,26.25,393.75,1.75
val,val/images/GF1_WFV3_E112.3_N21.4_20190806_L2A0004164428_12288_7680.png,val/labels/GF1_WFV3_E112.3_N21.4_20190806_L2A0004164428_12288_7680.txt,512,512,0,0,0.25,0.89453125,0.0546875,0.04296875,1.25,28,22,35,27.5,27.5,35,962.5,1.27272727273
val,val/images/GF1_WFV3_E112.3_N21.4_20190806_L2A0004164428_12593_10240.png,val/labels/GF1_WFV3_E112.3_N21.4_20190806_L2A0004164428_12593_10240.txt,512,512,0,0,0.5390625,0.0869140625,0.0234375,0.044921875,1.25,12,23,15,28.75,15,28.75,431.25,1.91666666667
val,val/images/GF1_WFV3_E112.3_N21.4_20190806_L2A0004164428_12593_10240.png,val/labels/GF1_WFV3_E112.3_N21.4_20190806_L2A0004164428_12593_10240.txt,512,512,0,1,0.576171875,0.1142578125,0.02734375,0.044921875,1.25,14,23,17.5,28.75,17.5,28.75,503.125,1.64285714286
val,val/images/GF1_WFV3_E112.3_N21.4_20190806_L2A0004164428_12593_10240.png,val/labels/GF1_WFV3_E112.3_N21.4_20190806_L2A0004164428_12593_10240.txt,512,512,0,2,0.6083984375,0.091796875,0.037109375,0.05078125,1.25,19,26,23.75,32.5,23.75,32.5,771.875,1.36842105263
val,val/images/GF1_WFV3_E112.3_N21.4_20190806_L2A0004164428_12593_10240.png,val/labels/GF1_WFV3_E112.3_N21.4_20190806_L2A0004164428_12593_10240.txt,512,512,0,3,0.5830078125,0.1923828125,0.025390625,0.044921875,1.25,13,23,16.25,28.75,16.25,28.75,467.1875,1.76923076923
val,val/images/GF1_WFV3_E112.3_N21.4_20190806_L2A0004164428_12593_10240.png,val/labels/GF1_WFV3_E112.3_N21.4_20190806_L2A0004164428_12593_10240.txt,512,512,0,4,0.603515625,0.21484375,0.02734375,0.04296875,1.25,14,22,17.5,27.5,17.5,27.5,481.25,1.57142857143
val,val/images/GF1_WFV3_E112.3_N21.4_20190806_L2A0004164428_12593_10240.png,val/labels/GF1_WFV3_E112.3_N21.4_20190806_L2A0004164428_12593_10240.txt,512,512,0,5,0.5947265625,0.267578125,0.025390625,0.0390625,1.25,13,20,16.25,25,16.25,25,406.25,1.53846153846
val,val/images/GF1_WFV3_E112.3_N21.4_20190806_L2A0004164428_3584_6656.png,val/labels/GF1_WFV3_E112.3_N21.4_20190806_L2A0004164428_3584_6656.txt,512,512,0,0,0.818359375,0.884765625,0.04296875,0.03125,1.25,22,16,27.5,20,20,27.5,550,1.375
val,val/images/GF1_WFV3_E112.3_N21.4_20190806_L2A0004164428_3584_6656.png,val/labels/GF1_WFV3_E112.3_N21.4_20190806_L2A0004164428_3584_6656.txt,512,512,0,1,0.77734375,0.64453125,0.04296875,0.03515625,1.25,22,18,27.5,22.5,22.5,27.5,618.75,1.22222222222
val,val/images/GF1_WFV3_E112.3_N21.4_20190806_L2A0004164428_3584_6656.png,val/labels/GF1_WFV3_E112.3_N21.4_20190806_L2A0004164428_3584_6656.txt,512,512,0,2,0.775390625,0.4013671875,0.03125,0.029296875,1.25,16,15,20,18.75,18.75,20,375,1.06666666667
val,val/images/GF1_WFV3_E112.3_N21.4_20190806_L2A0004164428_5632_9728.png,val/labels/GF1_WFV3_E112.3_N21.4_20190806_L2A0004164428_5632_9728.txt,512,512,0,0,0.2626953125,0.453125,0.021484375,0.03515625,1.25,11,18,13.75,22.5,13.75,22.5,309.375,1.63636363636
val,val/images/GF1_WFV3_E112.3_N21.4_20190806_L2A0004164428_7168_8192.png,val/labels/GF1_WFV3_E112.3_N21.4_20190806_L2A0004164428_7168_8192.txt,512,512,0,0,0.8837890625,0.45703125,0.048828125,0.03515625,1.25,25,18,31.25,22.5,22.5,31.25,703.125,1.38888888889
val,val/images/GF1_WFV3_E112.3_N21.4_20190806_L2A0004164428_7680_8192.png,val/labels/GF1_WFV3_E112.3_N21.4_20190806_L2A0004164428_7680_8192.txt,512,512,0,0,0.8125,0.0107421875,0.05078125,0.017578125,1.25,26,9,32.5,11.25,11.25,32.5,365.625,2.88888888889
val,val/images/GF1_WFV3_E112.3_N21.4_20190806_L2A0004164428_9216_10240.png,val/labels/GF1_WFV3_E112.3_N21.4_20190806_L2A0004164428_9216_10240.txt,512,512,0,0,0.9794921875,0.3310546875,0.041015625,0.033203125,1.25,21,17,26.25,21.25,21.25,26.25,557.8125,1.23529411765
val,val/images/GF1_WFV3_E112.3_N21.4_20190806_L2A0004164428_9216_10240.png,val/labels/GF1_WFV3_E112.3_N21.4_20190806_L2A0004164428_9216_10240.txt,512,512,0,1,0.9716796875,0.2861328125,0.048828125,0.037109375,1.25,25,19,31.25,23.75,23.75,31.25,742.1875,1.31578947368
val,val/images/GF1_WFV3_E112.3_N21.4_20190806_L2A0004164428_9216_10240.png,val/labels/GF1_WFV3_E112.3_N21.4_20190806_L2A0004164428_9216_10240.txt,512,512,0,2,0.486328125,0.54296875,0.046875,0.02734375,1.25,24,14,30,17.5,17.5,30,525,1.71428571429
val,val/images/GF1_WFV3_E112.3_N21.4_20190806_L2A0004164428_9216_10240.png,val/labels/GF1_WFV3_E112.3_N21.4_20190806_L2A0004164428_9216_10240.txt,512,512,0,3,0.4873046875,0.5849609375,0.048828125,0.025390625,1.25,25,13,31.25,16.25,16.25,31.25,507.8125,1.92307692308
val,val/images/GF1_WFV3_E112.3_N21.4_20190806_L2A0004164428_9216_10240.png,val/labels/GF1_WFV3_E112.3_N21.4_20190806_L2A0004164428_9216_10240.txt,512,512,0,4,0.4072265625,0.6103515625,0.052734375,0.029296875,1.25,27,15,33.75,18.75,18.75,33.75,632.8125,1.8
val,val/images/GF1_WFV3_E112.3_N21.4_20190806_L2A0004164428_9216_10240.png,val/labels/GF1_WFV3_E112.3_N21.4_20190806_L2A0004164428_9216_10240.txt,512,512,0,5,0.4189453125,0.6474609375,0.048828125,0.029296875,1.25,25,15,31.25,18.75,18.75,31.25,585.9375,1.66666666667
val,val/images/GF1_WFV3_E112.3_N21.4_20190806_L2A0004164428_9216_10240.png,val/labels/GF1_WFV3_E112.3_N21.4_20190806_L2A0004164428_9216_10240.txt,512,512,0,6,0.423828125,0.6962890625,0.05859375,0.029296875,1.25,30,15,37.5,18.75,18.75,37.5,703.125,2
val,val/images/GF1_WFV3_E112.3_N21.4_20190806_L2A0004164428_9216_10240.png,val/labels/GF1_WFV3_E112.3_N21.4_20190806_L2A0004164428_9216_10240.txt,512,512,0,7,0.4248046875,0.7294921875,0.052734375,0.029296875,1.25,27,15,33.75,18.75,18.75,33.75,632.8125,1.8
val,val/images/GF1_WFV3_E112.3_N21.4_20190806_L2A0004164428_9216_10240.png,val/labels/GF1_WFV3_E112.3_N21.4_20190806_L2A0004164428_9216_10240.txt,512,512,0,8,0.7587890625,0.7197265625,0.044921875,0.029296875,1.25,23,15,28.75,18.75,18.75,28.75,539.0625,1.53333333333
val,val/images/GF1_WFV3_E112.3_N21.4_20190806_L2A0004164428_9216_10240.png,val/labels/GF1_WFV3_E112.3_N21.4_20190806_L2A0004164428_9216_10240.txt,512,512,0,9,0.7666015625,0.7626953125,0.052734375,0.033203125,1.25,27,17,33.75,21.25,21.25,33.75,717.1875,1.58823529412
val,val/images/GF1_WFV3_E112.5_N22.2_20190806_L2A0004164434_11776_11776.png,val/labels/GF1_WFV3_E112.5_N22.2_20190806_L2A0004164434_11776_11776.txt,512,512,0,0,0.183447098976,0.438860103627,0.0273037542662,0.0279792746114,1.25,13.9795221843,14.325388601,17.4744027304,17.9067357513,17.4744027304,17.9067357513,312.909512105,1.02474093264
val,val/images/GF1_WFV3_E112.5_N22.2_20190806_L2A0004164434_3584_12288.png,val/labels/GF1_WFV3_E112.5_N22.2_20190806_L2A0004164434_3584_12288.txt,512,512,0,0,0.626953125,0.1298828125,0.0390625,0.033203125,1.25,20,17,25,21.25,21.25,25,531.25,1.17647058824
val,val/images/GF1_WFV3_E112.5_N22.2_20190806_L2A0004164434_5632_13312.png,val/labels/GF1_WFV3_E112.5_N22.2_20190806_L2A0004164434_5632_13312.txt,512,512,0,0,0.830078125,0.1298828125,0.046875,0.033203125,1.25,24,17,30,21.25,21.25,30,637.5,1.41176470588
val,val/images/GF1_WFV3_E112.5_N22.2_20190806_L2A0004164434_8192_12288.png,val/labels/GF1_WFV3_E112.5_N22.2_20190806_L2A0004164434_8192_12288.txt,512,512,0,0,0.41796875,0.822265625,0.0546875,0.03515625,1.25,28,18,35,22.5,22.5,35,787.5,1.55555555556
val,val/images/GF1_WFV3_E112.6_N13.8_20200703_L2A0004902372_14848_7168.png,val/labels/GF1_WFV3_E112.6_N13.8_20200703_L2A0004902372_14848_7168.txt,512,512,0,0,0.889931740614,0.957512953368,0.0477815699659,0.0559585492228,1.25,24.4641638225,28.6507772021,30.5802047782,35.8134715026,30.5802047782,35.8134715026,1095.18329237,1.17113249445
val,val/images/GF1_WFV3_E113.4_N17.2_20200703_L2A0004902183_1024_6656.png,val/labels/GF1_WFV3_E113.4_N17.2_20200703_L2A0004902183_1024_6656.txt,512,512,0,0,0.90234375,0.1865234375,0.0390625,0.052734375,1.25,20,27,25,33.75,25,33.75,843.75,1.35
val,val/images/GF1_WFV3_E113.4_N17.2_20200703_L2A0004902183_1024_6656.png,val/labels/GF1_WFV3_E113.4_N17.2_20200703_L2A0004902183_1024_6656.txt,512,512,0,1,0.7783203125,0.955078125,0.041015625,0.046875,1.25,21,24,26.25,30,26.25,30,787.5,1.14285714286
val,val/images/GF1_WFV3_E113.4_N17.2_20200703_L2A0004902183_1024_9728.png,val/labels/GF1_WFV3_E113.4_N17.2_20200703_L2A0004902183_1024_9728.txt,512,512,0,0,0.1640625,0.5126953125,0.0390625,0.044921875,1.25,20,23,25,28.75,25,28.75,718.75,1.15
val,val/images/GF1_WFV3_E113.4_N17.2_20200703_L2A0004902183_2560_8192.png,val/labels/GF1_WFV3_E113.4_N17.2_20200703_L2A0004902183_2560_8192.txt,512,512,0,0,0.1728515625,0.1943359375,0.041015625,0.041015625,1.25,21,21,26.25,26.25,26.25,26.25,689.0625,1
val,val/images/GF1_WFV3_E113.4_N17.2_20200703_L2A0004902183_3584_0.png,val/labels/GF1_WFV3_E113.4_N17.2_20200703_L2A0004902183_3584_0.txt,512,512,0,0,0.064453125,0.8447265625,0.05078125,0.044921875,1.25,26,23,32.5,28.75,28.75,32.5,934.375,1.13043478261
val,val/images/GF1_WFV3_E113.4_N17.2_20200703_L2A0004902183_8192_4608.png,val/labels/GF1_WFV3_E113.4_N17.2_20200703_L2A0004902183_8192_4608.txt,512,512,0,0,0.09375,0.83203125,0.02734375,0.02734375,1.25,14,14,17.5,17.5,17.5,17.5,306.25,1
val,val/images/GF1_WFV3_E119.6_N35.6_20200424_L2A0004760840_10240_9216.png,val/labels/GF1_WFV3_E119.6_N35.6_20200424_L2A0004760840_10240_9216.txt,512,512,0,0,0.53515625,0.150390625,0.05078125,0.0390625,1.25,26,20,32.5,25,25,32.5,812.5,1.3
val,val/images/GF1_WFV3_E119.6_N35.6_20200424_L2A0004760840_10752_10240.png,val/labels/GF1_WFV3_E119.6_N35.6_20200424_L2A0004760840_10752_10240.txt,512,512,0,0,0.501279863481,0.172020725389,0.0179180887372,0.0165803108808,1.25,9.17406143345,8.48911917098,11.4675767918,10.6113989637,10.6113989637,11.4675767918,121.687032485,1.08068472696
val,val/images/GF1_WFV3_E119.6_N35.6_20200424_L2A0004760840_10752_7168.png,val/labels/GF1_WFV3_E119.6_N35.6_20200424_L2A0004760840_10752_7168.txt,512,512,0,0,0.19140625,0.4482421875,0.0625,0.037109375,1.25,32,19,40,23.75,23.75,40,950,1.68421052632
val,val/images/GF1_WFV3_E119.6_N35.6_20200424_L2A0004760840_11776_11264.png,val/labels/GF1_WFV3_E119.6_N35.6_20200424_L2A0004760840_11776_11264.txt,512,512,0,0,0.431640625,0.8125,0.0859375,0.05859375,1.25,44,30,55,37.5,37.5,55,2062.5,1.46666666667
val,val/images/GF1_WFV3_E119.6_N35.6_20200424_L2A0004760840_12288_15201.png,val/labels/GF1_WFV3_E119.6_N35.6_20200424_L2A0004760840_12288_15201.txt,512,512,0,0,0.17578125,0.478515625,0.0703125,0.03515625,1.25,36,18,45,22.5,22.5,45,1012.5,2
val,val/images/GF1_WFV3_E119.6_N35.6_20200424_L2A0004760840_12800_8192.png,val/labels/GF1_WFV3_E119.6_N35.6_20200424_L2A0004760840_12800_8192.txt,512,512,0,0,0.0263671875,0.5703125,0.052734375,0.03515625,1.25,27,18,33.75,22.5,22.5,33.75,759.375,1.5
val,val/images/GF1_WFV3_E119.6_N35.6_20200424_L2A0004760840_12800_8192.png,val/labels/GF1_WFV3_E119.6_N35.6_20200424_L2A0004760840_12800_8192.txt,512,512,0,1,0.1298828125,0.546875,0.060546875,0.03125,1.25,31,16,38.75,20,20,38.75,775,1.9375
val,val/images/GF1_WFV3_E119.6_N35.6_20200424_L2A0004760840_13312_12800.png,val/labels/GF1_WFV3_E119.6_N35.6_20200424_L2A0004760840_13312_12800.txt,512,512,0,0,0.5234375,0.5595703125,0.04296875,0.048828125,1.25,22,25,27.5,31.25,27.5,31.25,859.375,1.13636363636
val,val/images/GF1_WFV3_E119.6_N35.6_20200424_L2A0004760840_13312_9728.png,val/labels/GF1_WFV3_E119.6_N35.6_20200424_L2A0004760840_13312_9728.txt,512,512,0,0,0.0859375,0.2548828125,0.0625,0.060546875,1.25,32,31,40,38.75,38.75,40,1550,1.03225806452
val,val/images/GF1_WFV3_E119.6_N35.6_20200424_L2A0004760840_13824_8192.png,val/labels/GF1_WFV3_E119.6_N35.6_20200424_L2A0004760840_13824_8192.txt,512,512,0,0,0.4501953125,0.6201171875,0.080078125,0.048828125,1.25,41,25,51.25,31.25,31.25,51.25,1601.5625,1.64
val,val/images/GF1_WFV3_E119.6_N35.6_20200424_L2A0004760840_13824_8192.png,val/labels/GF1_WFV3_E119.6_N35.6_20200424_L2A0004760840_13824_8192.txt,512,512,0,1,0.9169921875,0.8076171875,0.076171875,0.048828125,1.25,39,25,48.75,31.25,31.25,48.75,1523.4375,1.56
val,val/images/GF1_WFV3_E119.6_N35.6_20200424_L2A0004760840_14187_5632.png,val/labels/GF1_WFV3_E119.6_N35.6_20200424_L2A0004760840_14187_5632.txt,512,512,0,0,0.912109375,0.212890625,0.0546875,0.0546875,1.25,28,28,35,35,35,35,1225,1
val,val/images/GF1_WFV3_E119.6_N35.6_20200424_L2A0004760840_14187_8192.png,val/labels/GF1_WFV3_E119.6_N35.6_20200424_L2A0004760840_14187_8192.txt,512,512,0,0,0.2138671875,0.8095703125,0.060546875,0.041015625,1.25,31,21,38.75,26.25,26.25,38.75,1017.1875,1.47619047619
val,val/images/GF1_WFV3_E119.6_N35.6_20200424_L2A0004760840_14699_4608.png,val/labels/GF1_WFV3_E119.6_N35.6_20200424_L2A0004760840_14699_4608.txt,512,512,0,0,0.2109375,0.927734375,0.0625,0.04296875,1.25,32,22,40,27.5,27.5,40,1100,1.45454545455
val,val/images/GF1_WFV3_E119.6_N35.6_20200424_L2A0004760840_7168_10752.png,val/labels/GF1_WFV3_E119.6_N35.6_20200424_L2A0004760840_7168_10752.txt,512,512,0,0,0.443359375,0.3681640625,0.0703125,0.029296875,1.25,36,15,45,18.75,18.75,45,843.75,2.4
val,val/images/GF1_WFV3_E119.6_N35.6_20200424_L2A0004760840_7168_10752.png,val/labels/GF1_WFV3_E119.6_N35.6_20200424_L2A0004760840_7168_10752.txt,512,512,0,1,0.4921875,0.3876953125,0.05859375,0.029296875,1.25,30,15,37.5,18.75,18.75,37.5,703.125,2
val,val/images/GF1_WFV3_E119.6_N35.6_20200424_L2A0004760840_7680_9216.png,val/labels/GF1_WFV3_E119.6_N35.6_20200424_L2A0004760840_7680_9216.txt,512,512,0,0,0.5166015625,0.80078125,0.052734375,0.04296875,1.25,27,22,33.75,27.5,27.5,33.75,928.125,1.22727272727
val,val/images/GF1_WFV3_E119.6_N35.6_20200424_L2A0004760840_7680_9216.png,val/labels/GF1_WFV3_E119.6_N35.6_20200424_L2A0004760840_7680_9216.txt,512,512,0,1,0.2177734375,0.3046875,0.033203125,0.03515625,1.25,17,18,21.25,22.5,21.25,22.5,478.125,1.05882352941
val,val/images/GF1_WFV3_E119.6_N35.6_20200424_L2A0004760840_7680_9216.png,val/labels/GF1_WFV3_E119.6_N35.6_20200424_L2A0004760840_7680_9216.txt,512,512,0,2,0.7529296875,0.5419921875,0.044921875,0.041015625,1.25,23,21,28.75,26.25,26.25,28.75,754.6875,1.09523809524
val,val/images/GF1_WFV3_E119.6_N35.6_20200424_L2A0004760840_7680_9216.png,val/labels/GF1_WFV3_E119.6_N35.6_20200424_L2A0004760840_7680_9216.txt,512,512,0,3,0.103515625,0.6259765625,0.04296875,0.033203125,1.25,22,17,27.5,21.25,21.25,27.5,584.375,1.29411764706
val,val/images/GF1_WFV3_E119.6_N35.6_20200424_L2A0004760840_7680_9728.png,val/labels/GF1_WFV3_E119.6_N35.6_20200424_L2A0004760840_7680_9728.txt,512,512,0,0,0.8818359375,0.3759765625,0.041015625,0.044921875,1.25,21,23,26.25,28.75,26.25,28.75,754.6875,1.09523809524
val,val/images/GF1_WFV3_E119.6_N35.6_20200424_L2A0004760840_7680_9728.png,val/labels/GF1_WFV3_E119.6_N35.6_20200424_L2A0004760840_7680_9728.txt,512,512,0,1,0.1923828125,0.2001953125,0.044921875,0.029296875,1.25,23,15,28.75,18.75,18.75,28.75,539.0625,1.53333333333
val,val/images/GF1_WFV3_E119.6_N35.6_20200424_L2A0004760840_8192_12288.png,val/labels/GF1_WFV3_E119.6_N35.6_20200424_L2A0004760840_8192_12288.txt,512,512,0,0,0.86328125,0.2109375,0.04296875,0.03515625,1.25,22,18,27.5,22.5,22.5,27.5,618.75,1.22222222222
val,val/images/GF1_WFV3_E119.6_N35.6_20200424_L2A0004760840_8192_12288.png,val/labels/GF1_WFV3_E119.6_N35.6_20200424_L2A0004760840_8192_12288.txt,512,512,0,1,0.880859375,0.529296875,0.046875,0.03515625,1.25,24,18,30,22.5,22.5,30,675,1.33333333333
val,val/images/GF1_WFV3_E119.6_N35.6_20200424_L2A0004760840_8192_12288.png,val/labels/GF1_WFV3_E119.6_N35.6_20200424_L2A0004760840_8192_12288.txt,512,512,0,2,0.447265625,0.5927734375,0.05078125,0.044921875,1.25,26,23,32.5,28.75,28.75,32.5,934.375,1.13043478261
val,val/images/GF1_WFV3_E119.6_N35.6_20200424_L2A0004760840_8192_12288.png,val/labels/GF1_WFV3_E119.6_N35.6_20200424_L2A0004760840_8192_12288.txt,512,512,0,3,0.591796875,0.748046875,0.0546875,0.04296875,1.25,28,22,35,27.5,27.5,35,962.5,1.27272727273
val,val/images/GF1_WFV3_E119.6_N35.6_20200424_L2A0004760840_8192_12288.png,val/labels/GF1_WFV3_E119.6_N35.6_20200424_L2A0004760840_8192_12288.txt,512,512,0,4,0.0625,0.5849609375,0.046875,0.029296875,1.25,24,15,30,18.75,18.75,30,562.5,1.6
val,val/images/GF1_WFV3_E119.6_N35.6_20200424_L2A0004760840_8192_12288.png,val/labels/GF1_WFV3_E119.6_N35.6_20200424_L2A0004760840_8192_12288.txt,512,512,0,5,0.3154296875,0.59765625,0.044921875,0.03515625,1.25,23,18,28.75,22.5,22.5,28.75,646.875,1.27777777778
val,val/images/GF1_WFV3_E119.6_N35.6_20200424_L2A0004760840_8192_12288.png,val/labels/GF1_WFV3_E119.6_N35.6_20200424_L2A0004760840_8192_12288.txt,512,512,0,6,0.2763671875,0.857421875,0.048828125,0.03515625,1.25,25,18,31.25,22.5,22.5,31.25,703.125,1.38888888889
val,val/images/GF1_WFV3_E119.6_N35.6_20200424_L2A0004760840_8192_12288.png,val/labels/GF1_WFV3_E119.6_N35.6_20200424_L2A0004760840_8192_12288.txt,512,512,0,7,0.251953125,0.98046875,0.05859375,0.0390625,1.25,30,20,37.5,25,25,37.5,937.5,1.5
val,val/images/GF1_WFV3_E119.6_N35.6_20200424_L2A0004760840_8192_12288.png,val/labels/GF1_WFV3_E119.6_N35.6_20200424_L2A0004760840_8192_12288.txt,512,512,0,8,0.0126953125,0.7861328125,0.021484375,0.037109375,1.25,11,19,13.75,23.75,13.75,23.75,326.5625,1.72727272727
val,val/images/GF1_WFV3_E119.6_N35.6_20200424_L2A0004760840_8192_12288.png,val/labels/GF1_WFV3_E119.6_N35.6_20200424_L2A0004760840_8192_12288.txt,512,512,0,9,0.65234375,0.568359375,0.0390625,0.046875,1.25,20,24,25,30,25,30,750,1.2
val,val/images/GF1_WFV3_E119.6_N35.6_20200424_L2A0004760840_8192_12800.png,val/labels/GF1_WFV3_E119.6_N35.6_20200424_L2A0004760840_8192_12800.txt,512,512,0,0,0.064453125,0.0185546875,0.05078125,0.033203125,1.25,26,17,32.5,21.25,21.25,32.5,690.625,1.52941176471
val,val/images/GF1_WFV3_E119.6_N35.6_20200424_L2A0004760840_8192_13312.png,val/labels/GF1_WFV3_E119.6_N35.6_20200424_L2A0004760840_8192_13312.txt,512,512,0,0,0.1796875,0.44921875,0.0390625,0.0390625,1.25,20,20,25,25,25,25,625,1
val,val/images/GF1_WFV3_E119.6_N35.6_20200424_L2A0004760840_8192_13312.png,val/labels/GF1_WFV3_E119.6_N35.6_20200424_L2A0004760840_8192_13312.txt,512,512,0,1,0.4501953125,0.8193359375,0.037109375,0.037109375,1.25,19,19,23.75,23.75,23.75,23.75,564.0625,1
val,val/images/GF1_WFV3_E119.6_N35.6_20200424_L2A0004760840_8192_13824.png,val/labels/GF1_WFV3_E119.6_N35.6_20200424_L2A0004760840_8192_13824.txt,512,512,0,0,0.9833984375,0.875,0.033203125,0.046875,1.25,17,24,21.25,30,21.25,30,637.5,1.41176470588
val,val/images/GF1_WFV3_E119.6_N35.6_20200424_L2A0004760840_8192_13824.png,val/labels/GF1_WFV3_E119.6_N35.6_20200424_L2A0004760840_8192_13824.txt,512,512,0,1,0.7392578125,0.712890625,0.052734375,0.04296875,1.25,27,22,33.75,27.5,27.5,33.75,928.125,1.22727272727
val,val/images/GF1_WFV3_E119.6_N35.6_20200424_L2A0004760840_8704_9728.png,val/labels/GF1_WFV3_E119.6_N35.6_20200424_L2A0004760840_8704_9728.txt,512,512,0,0,0.03515625,0.1318359375,0.0546875,0.052734375,1.25,28,27,35,33.75,33.75,35,1181.25,1.03703703704
val,val/images/GF1_WFV3_E119.6_N35.6_20200424_L2A0004760840_8704_9728.png,val/labels/GF1_WFV3_E119.6_N35.6_20200424_L2A0004760840_8704_9728.txt,512,512,0,1,0.373046875,0.0205078125,0.05859375,0.041015625,1.25,30,21,37.5,26.25,26.25,37.5,984.375,1.42857142857
val,val/images/GF1_WFV3_E119.6_N35.6_20200424_L2A0004760840_8704_9728.png,val/labels/GF1_WFV3_E119.6_N35.6_20200424_L2A0004760840_8704_9728.txt,512,512,0,2,0.404296875,0.33203125,0.07421875,0.0625,1.25,38,32,47.5,40,40,47.5,1900,1.1875
val,val/images/GF1_WFV3_E119.6_N35.6_20200424_L2A0004760840_8704_9728.png,val/labels/GF1_WFV3_E119.6_N35.6_20200424_L2A0004760840_8704_9728.txt,512,512,0,3,0.2197265625,0.638671875,0.041015625,0.03125,1.25,21,16,26.25,20,20,26.25,525,1.3125
val,val/images/GF1_WFV3_E119.6_N35.6_20200424_L2A0004760840_8704_9728.png,val/labels/GF1_WFV3_E119.6_N35.6_20200424_L2A0004760840_8704_9728.txt,512,512,0,4,0.939453125,0.7509765625,0.0390625,0.041015625,1.25,20,21,25,26.25,25,26.25,656.25,1.05
val,val/images/GF1_WFV3_E119.6_N35.6_20200424_L2A0004760840_9728_13312.png,val/labels/GF1_WFV3_E119.6_N35.6_20200424_L2A0004760840_9728_13312.txt,512,512,0,0,0.2265625,0.6806640625,0.0546875,0.056640625,1.25,28,29,35,36.25,35,36.25,1268.75,1.03571428571
val,val/images/GF1_WFV3_E119.6_N35.6_20200424_L2A0004760840_9728_13312.png,val/labels/GF1_WFV3_E119.6_N35.6_20200424_L2A0004760840_9728_13312.txt,512,512,0,1,0.65234375,0.5048828125,0.046875,0.029296875,1.25,24,15,30,18.75,18.75,30,562.5,1.6
val,val/images/GF1_WFV3_E119.6_N35.6_20200424_L2A0004760840_9728_13312.png,val/labels/GF1_WFV3_E119.6_N35.6_20200424_L2A0004760840_9728_13312.txt,512,512,0,2,0.712890625,0.4287109375,0.046875,0.044921875,1.25,24,23,30,28.75,28.75,30,862.5,1.04347826087
val,val/images/GF1_WFV3_E119.6_N35.6_20200424_L2A0004760840_9728_13312.png,val/labels/GF1_WFV3_E119.6_N35.6_20200424_L2A0004760840_9728_13312.txt,512,512,0,3,0.8115234375,0.3583984375,0.041015625,0.048828125,1.25,21,25,26.25,31.25,26.25,31.25,820.3125,1.19047619048
val,val/images/GF1_WFV3_E119.6_N35.6_20200424_L2A0004760840_9728_9216.png,val/labels/GF1_WFV3_E119.6_N35.6_20200424_L2A0004760840_9728_9216.txt,512,512,0,0,0.609375,0.166015625,0.05859375,0.046875,1.25,30,24,37.5,30,30,37.5,1125,1.25
val,val/images/GF1_WFV3_E120.2_N22.2_20200710_L2A0004922264_10752_10240.png,val/labels/GF1_WFV3_E120.2_N22.2_20200710_L2A0004922264_10752_10240.txt,512,512,0,0,0.017578125,0.146484375,0.03515625,0.0390625,1.25,18,20,22.5,25,22.5,25,562.5,1.11111111111
val,val/images/GF1_WFV3_E120.2_N22.2_20200710_L2A0004922264_12288_9216.png,val/labels/GF1_WFV3_E120.2_N22.2_20200710_L2A0004922264_12288_9216.txt,512,512,0,0,0.5205078125,0.7470703125,0.056640625,0.041015625,1.25,29,21,36.25,26.25,26.25,36.25,951.5625,1.38095238095
val,val/images/GF1_WFV3_E120.2_N22.2_20200710_L2A0004922264_13950_5632.png,val/labels/GF1_WFV3_E120.2_N22.2_20200710_L2A0004922264_13950_5632.txt,512,512,0,0,0.333984375,0.6416015625,0.0546875,0.060546875,1.25,28,31,35,38.75,35,38.75,1356.25,1.10714285714
val,val/images/GF1_WFV3_E120.2_N22.2_20200710_L2A0004922264_2560_5632.png,val/labels/GF1_WFV3_E120.2_N22.2_20200710_L2A0004922264_2560_5632.txt,512,512,0,0,0.514078498294,0.589637305699,0.0452218430034,0.0331606217617,1.25,23.1535836177,16.978238342,28.9419795222,21.2227979275,21.2227979275,28.9419795222,614.22978302,1.36372120307
val,val/images/GF1_WFV3_E120.2_N22.2_20200710_L2A0004922264_3584_10240.png,val/labels/GF1_WFV3_E120.2_N22.2_20200710_L2A0004922264_3584_10240.txt,512,512,0,0,0.7734375,0.978515625,0.02734375,0.04296875,1.25,14,22,17.5,27.5,17.5,27.5,481.25,1.57142857143
val,val/images/GF1_WFV3_E120.2_N22.2_20200710_L2A0004922264_4096_0.png,val/labels/GF1_WFV3_E120.2_N22.2_20200710_L2A0004922264_4096_0.txt,512,512,0,0,0.298828125,0.6904296875,0.03515625,0.052734375,1.25,18,27,22.5,33.75,22.5,33.75,759.375,1.5
val,val/images/GF1_WFV3_E120.2_N22.2_20200710_L2A0004922264_5120_7168.png,val/labels/GF1_WFV3_E120.2_N22.2_20200710_L2A0004922264_5120_7168.txt,512,512,0,0,0.2109375,0.9755859375,0.0390625,0.048828125,1.25,20,25,25,31.25,25,31.25,781.25,1.25
val,val/images/GF1_WFV3_E120.2_N22.2_20200710_L2A0004922264_6144_4096.png,val/labels/GF1_WFV3_E120.2_N22.2_20200710_L2A0004922264_6144_4096.txt,512,512,0,0,0.1455078125,0.5537109375,0.052734375,0.068359375,1.25,27,35,33.75,43.75,33.75,43.75,1476.5625,1.2962962963
val,val/images/GF1_WFV3_E120.2_N22.2_20200710_L2A0004922264_6144_4096.png,val/labels/GF1_WFV3_E120.2_N22.2_20200710_L2A0004922264_6144_4096.txt,512,512,0,1,0.6162109375,0.4580078125,0.033203125,0.048828125,1.25,17,25,21.25,31.25,21.25,31.25,664.0625,1.47058823529
val,val/images/GF1_WFV3_E120.2_N22.2_20200710_L2A0004922264_6656_5632.png,val/labels/GF1_WFV3_E120.2_N22.2_20200710_L2A0004922264_6656_5632.txt,512,512,0,0,0.892578125,0.265625,0.046875,0.0390625,1.25,24,20,30,25,25,30,750,1.2
val,val/images/GF1_WFV3_E120.2_N22.2_20200710_L2A0004922264_7168_6656.png,val/labels/GF1_WFV3_E120.2_N22.2_20200710_L2A0004922264_7168_6656.txt,512,512,0,0,0.490234375,0.7099609375,0.03515625,0.048828125,1.25,18,25,22.5,31.25,22.5,31.25,703.125,1.38888888889
val,val/images/GF1_WFV3_E121.9_N35.6_20190805_L2A0004161897_10752_7680.png,val/labels/GF1_WFV3_E121.9_N35.6_20190805_L2A0004161897_10752_7680.txt,512,512,0,0,0.179180887372,0.101554404145,0.0170648464164,0.0269430051813,1.25,8.73720136519,13.7948186528,10.9215017065,17.2435233161,10.9215017065,17.2435233161,188.325169322,1.57886010363
val,val/images/GF1_WFV3_E121.9_N35.6_20190805_L2A0004161897_10752_7680.png,val/labels/GF1_WFV3_E121.9_N35.6_20190805_L2A0004161897_10752_7680.txt,512,512,0,1,0.206484641638,0.30518134715,0.018771331058,0.0321243523316,1.25,9.61092150171,16.4476683938,12.0136518771,20.5595854922,12.0136518771,20.5595854922,246.995702842,1.71135186057
val,val/images/GF1_WFV3_E121.9_N35.6_20190805_L2A0004161897_11264_13824.png,val/labels/GF1_WFV3_E121.9_N35.6_20190805_L2A0004161897_11264_13824.txt,512,512,0,0,0.642578125,0.8828125,0.0390625,0.05859375,1.25,20,30,25,37.5,25,37.5,937.5,1.5
val,val/images/GF1_WFV3_E121.9_N35.6_20190805_L2A0004161897_11264_13824.png,val/labels/GF1_WFV3_E121.9_N35.6_20190805_L2A0004161897_11264_13824.txt,512,512,0,1,0.4892578125,0.5234375,0.025390625,0.05859375,1.25,13,30,16.25,37.5,16.25,37.5,609.375,2.30769230769
val,val/images/GF1_WFV3_E121.9_N35.6_20190805_L2A0004161897_11264_14336.png,val/labels/GF1_WFV3_E121.9_N35.6_20190805_L2A0004161897_11264_14336.txt,512,512,0,0,0.818359375,0.7666015625,0.0390625,0.052734375,1.25,20,27,25,33.75,25,33.75,843.75,1.35
val,val/images/GF1_WFV3_E121.9_N35.6_20190805_L2A0004161897_11264_14336.png,val/labels/GF1_WFV3_E121.9_N35.6_20190805_L2A0004161897_11264_14336.txt,512,512,0,1,0.9853515625,0.61328125,0.029296875,0.05859375,1.25,15,30,18.75,37.5,18.75,37.5,703.125,2
val,val/images/GF1_WFV3_E121.9_N35.6_20190805_L2A0004161897_11264_14336.png,val/labels/GF1_WFV3_E121.9_N35.6_20190805_L2A0004161897_11264_14336.txt,512,512,0,2,0.793088737201,0.536787564767,0.0179180887372,0.0290155440415,1.25,9.17406143345,14.8559585492,11.4675767918,18.5699481865,11.4675767918,18.5699481865,212.952306849,1.61934369603
val,val/images/GF1_WFV3_E121.9_N35.6_20190805_L2A0004161897_11776_5632.png,val/labels/GF1_WFV3_E121.9_N35.6_20190805_L2A0004161897_11776_5632.txt,512,512,0,0,0.5546875,0.7646484375,0.0390625,0.068359375,1.25,20,35,25,43.75,25,43.75,1093.75,1.75
val,val/images/GF1_WFV3_E121.9_N35.6_20190805_L2A0004161897_11776_9216.png,val/labels/GF1_WFV3_E121.9_N35.6_20190805_L2A0004161897_11776_9216.txt,512,512,0,0,0.18359375,0.390625,0.0390625,0.05859375,1.25,20,30,25,37.5,25,37.5,937.5,1.5
val,val/images/GF1_WFV3_E121.9_N35.6_20190805_L2A0004161897_12800_3584.png,val/labels/GF1_WFV3_E121.9_N35.6_20190805_L2A0004161897_12800_3584.txt,512,512,0,0,0.5869140625,0.7421875,0.052734375,0.0625,1.25,27,32,33.75,40,33.75,40,1350,1.18518518519
val,val/images/GF1_WFV3_E121.9_N35.6_20190805_L2A0004161897_12800_5632.png,val/labels/GF1_WFV3_E121.9_N35.6_20190805_L2A0004161897_12800_5632.txt,512,512,0,0,0.2216796875,0.9462890625,0.041015625,0.080078125,1.25,21,41,26.25,51.25,26.25,51.25,1345.3125,1.95238095238
val,val/images/GF1_WFV3_E121.9_N35.6_20190805_L2A0004161897_12929_7168.png,val/labels/GF1_WFV3_E121.9_N35.6_20190805_L2A0004161897_12929_7168.txt,512,512,0,0,0.091796875,0.166015625,0.0390625,0.046875,1.25,20,24,25,30,25,30,750,1.2
val,val/images/GF1_WFV3_E121.9_N35.6_20190805_L2A0004161897_12929_7168.png,val/labels/GF1_WFV3_E121.9_N35.6_20190805_L2A0004161897_12929_7168.txt,512,512,0,1,0.705078125,0.537109375,0.0390625,0.05859375,1.25,20,30,25,37.5,25,37.5,937.5,1.5
val,val/images/GF1_WFV3_E121.9_N35.6_20190805_L2A0004161897_12929_7680.png,val/labels/GF1_WFV3_E121.9_N35.6_20190805_L2A0004161897_12929_7680.txt,512,512,0,0,0.4775390625,0.9404296875,0.033203125,0.048828125,1.25,17,25,21.25,31.25,21.25,31.25,664.0625,1.47058823529
val,val/images/GF1_WFV3_E121.9_N35.6_20190805_L2A0004161897_13312_3072.png,val/labels/GF1_WFV3_E121.9_N35.6_20190805_L2A0004161897_13312_3072.txt,512,512,0,0,0.2978515625,0.26171875,0.044921875,0.0546875,1.25,23,28,28.75,35,28.75,35,1006.25,1.21739130435
val,val/images/GF1_WFV3_E121.9_N35.6_20190805_L2A0004161897_13312_3072.png,val/labels/GF1_WFV3_E121.9_N35.6_20190805_L2A0004161897_13312_3072.txt,512,512,0,1,0.83361774744,0.845077720207,0.0392491467577,0.0424870466321,1.25,20.0955631399,21.7533678756,25.1194539249,27.1917098446,25.1194539249,27.1917098446,683.04090258,1.08249605767
val,val/images/GF1_WFV3_E121.9_N35.6_20190805_L2A0004161897_2048_5120.png,val/labels/GF1_WFV3_E121.9_N35.6_20190805_L2A0004161897_2048_5120.txt,512,512,0,0,0.2607421875,0.83203125,0.041015625,0.03515625,1.25,21,18,26.25,22.5,22.5,26.25,590.625,1.16666666667
val,val/images/GF1_WFV3_E121.9_N35.6_20190805_L2A0004161897_2048_9216.png,val/labels/GF1_WFV3_E121.9_N35.6_20190805_L2A0004161897_2048_9216.txt,512,512,0,0,0.611328125,0.5390625,0.0625,0.04296875,1.25,32,22,40,27.5,27.5,40,1100,1.45454545455
val,val/images/GF1_WFV3_E121.9_N35.6_20190805_L2A0004161897_2560_7168.png,val/labels/GF1_WFV3_E121.9_N35.6_20190805_L2A0004161897_2560_7168.txt,512,512,0,0,0.4462890625,0.451171875,0.033203125,0.0390625,1.25,17,20,21.25,25,21.25,25,531.25,1.17647058824
val,val/images/GF1_WFV3_E121.9_N35.6_20190805_L2A0004161897_4608_10752.png,val/labels/GF1_WFV3_E121.9_N35.6_20190805_L2A0004161897_4608_10752.txt,512,512,0,0,0.78515625,0.4365234375,0.0390625,0.044921875,1.25,20,23,25,28.75,25,28.75,718.75,1.15
val,val/images/GF1_WFV3_E121.9_N35.6_20190805_L2A0004161897_4608_13312.png,val/labels/GF1_WFV3_E121.9_N35.6_20190805_L2A0004161897_4608_13312.txt,512,512,0,0,0.51171875,0.6708984375,0.046875,0.037109375,1.25,24,19,30,23.75,23.75,30,712.5,1.26315789474
val,val/images/GF1_WFV3_E121.9_N35.6_20190805_L2A0004161897_5632_3072.png,val/labels/GF1_WFV3_E121.9_N35.6_20190805_L2A0004161897_5632_3072.txt,512,512,0,0,0.518344709898,0.631088082902,0.0247440273038,0.0290155440415,1.25,12.6689419795,14.8559585492,15.8361774744,18.5699481865,15.8361774744,18.5699481865,294.076995172,1.17262819368
val,val/images/GF1_WFV3_E121.9_N35.6_20190805_L2A0004161897_7168_12800.png,val/labels/GF1_WFV3_E121.9_N35.6_20190805_L2A0004161897_7168_12800.txt,512,512,0,0,0.69921875,0.923828125,0.05859375,0.0390625,1.25,30,20,37.5,25,25,37.5,937.5,1.5
val,val/images/GF1_WFV3_E121.9_N35.6_20190805_L2A0004161897_7680_8704.png,val/labels/GF1_WFV3_E121.9_N35.6_20190805_L2A0004161897_7680_8704.txt,512,512,0,0,0.0361328125,0.2529296875,0.064453125,0.060546875,1.25,33,31,41.25,38.75,38.75,41.25,1598.4375,1.06451612903
val,val/images/GF1_WFV3_E121.9_N35.6_20190805_L2A0004161897_8704_5632.png,val/labels/GF1_WFV3_E121.9_N35.6_20190805_L2A0004161897_8704_5632.txt,512,512,0,0,0.18771331058,0.130569948187,0.042662116041,0.0331606217617,1.25,21.843003413,16.978238342,27.3037542662,21.2227979275,21.2227979275,27.3037542662,579.462059453,1.28652943686
val,val/images/GF1_WFV3_E122.4_N37.3_20190805_L2A0004161911_10240_11264.png,val/labels/GF1_WFV3_E122.4_N37.3_20190805_L2A0004161911_10240_11264.txt,512,512,0,0,0.212890625,0.3330078125,0.03125,0.029296875,1.25,16,15,20,18.75,18.75,20,375,1.06666666667
val,val/images/GF1_WFV3_E122.4_N37.3_20190805_L2A0004161911_10240_14848.png,val/labels/GF1_WFV3_E122.4_N37.3_20190805_L2A0004161911_10240_14848.txt,512,512,0,0,0.595703125,0.904296875,0.0390625,0.0625,1.25,20,32,25,40,25,40,1000,1.6
val,val/images/GF1_WFV3_E122.4_N37.3_20190805_L2A0004161911_10752_14848.png,val/labels/GF1_WFV3_E122.4_N37.3_20190805_L2A0004161911_10752_14848.txt,512,512,0,0,0.2216796875,0.3076171875,0.056640625,0.060546875,1.25,29,31,36.25,38.75,36.25,38.75,1404.6875,1.06896551724
val,val/images/GF1_WFV3_E122.4_N37.3_20190805_L2A0004161911_10752_9728.png,val/labels/GF1_WFV3_E122.4_N37.3_20190805_L2A0004161911_10752_9728.txt,512,512,0,0,0.0345563139932,0.446113989637,0.0315699658703,0.0362694300518,1.25,16.1638225256,18.5699481865,20.204778157,23.2124352332,20.204778157,23.2124352332,469.00210437,1.14885870326
val,val/images/GF1_WFV3_E122.4_N37.3_20190805_L2A0004161911_11776_11776.png,val/labels/GF1_WFV3_E122.4_N37.3_20190805_L2A0004161911_11776_11776.txt,512,512,0,0,0.794921875,0.4189453125,0.05078125,0.033203125,1.25,26,17,32.5,21.25,21.25,32.5,690.625,1.52941176471
val,val/images/GF1_WFV3_E122.4_N37.3_20190805_L2A0004161911_11776_11776.png,val/labels/GF1_WFV3_E122.4_N37.3_20190805_L2A0004161911_11776_11776.txt,512,512,0,1,0.8212890625,0.384765625,0.033203125,0.03125,1.25,17,16,21.25,20,20,21.25,425,1.0625
val,val/images/GF1_WFV3_E122.4_N37.3_20190805_L2A0004161911_11776_9216.png,val/labels/GF1_WFV3_E122.4_N37.3_20190805_L2A0004161911_11776_9216.txt,512,512,0,0,0.87109375,0.6494140625,0.01953125,0.025390625,1.25,10,13,12.5,16.25,12.5,16.25,203.125,1.3
val,val/images/GF1_WFV3_E122.4_N37.3_20190805_L2A0004161911_11776_9216.png,val/labels/GF1_WFV3_E122.4_N37.3_20190805_L2A0004161911_11776_9216.txt,512,512,0,1,0.787109375,0.6103515625,0.0390625,0.037109375,1.25,20,19,25,23.75,23.75,25,593.75,1.05263157895
val,val/images/GF1_WFV3_E122.4_N37.3_20190805_L2A0004161911_12910_7168.png,val/labels/GF1_WFV3_E122.4_N37.3_20190805_L2A0004161911_12910_7168.txt,512,512,0,0,0.55078125,0.275390625,0.0546875,0.0625,1.25,28,32,35,40,35,40,1400,1.14285714286
val,val/images/GF1_WFV3_E122.4_N37.3_20190805_L2A0004161911_3072_13312.png,val/labels/GF1_WFV3_E122.4_N37.3_20190805_L2A0004161911_3072_13312.txt,512,512,0,0,0.5693359375,0.3720703125,0.029296875,0.021484375,1.25,15,11,18.75,13.75,13.75,18.75,257.8125,1.36363636364
val,val/images/GF1_WFV3_E122.4_N37.3_20190805_L2A0004161911_4096_4608.png,val/labels/GF1_WFV3_E122.4_N37.3_20190805_L2A0004161911_4096_4608.txt,512,512,0,0,0.80859375,0.0078125,0.0390625,0.015625,1.25,20,8,25,10,10,25,250,2.5
val,val/images/GF1_WFV3_E122.4_N37.3_20190805_L2A0004161911_5120_2048.png,val/labels/GF1_WFV3_E122.4_N37.3_20190805_L2A0004161911_5120_2048.txt,512,512,0,0,0.197265625,0.892578125,0.04296875,0.0390625,1.25,22,20,27.5,25,25,27.5,687.5,1.1
val,val/images/GF1_WFV3_E122.4_N37.3_20190805_L2A0004161911_5120_4096.png,val/labels/GF1_WFV3_E122.4_N37.3_20190805_L2A0004161911_5120_4096.txt,512,512,0,0,0.373046875,0.6591796875,0.06640625,0.037109375,1.25,34,19,42.5,23.75,23.75,42.5,1009.375,1.78947368421
val,val/images/GF1_WFV3_E122.4_N37.3_20190805_L2A0004161911_5120_4096.png,val/labels/GF1_WFV3_E122.4_N37.3_20190805_L2A0004161911_5120_4096.txt,512,512,0,1,0.3935546875,0.796875,0.060546875,0.03515625,1.25,31,18,38.75,22.5,22.5,38.75,871.875,1.72222222222
val,val/images/GF1_WFV3_E122.4_N37.3_20190805_L2A0004161911_5120_4096.png,val/labels/GF1_WFV3_E122.4_N37.3_20190805_L2A0004161911_5120_4096.txt,512,512,0,2,0.548828125,0.580078125,0.02734375,0.0234375,1.25,14,12,17.5,15,15,17.5,262.5,1.16666666667
val,val/images/GF1_WFV3_E122.4_N37.3_20190805_L2A0004161911_5120_4096.png,val/labels/GF1_WFV3_E122.4_N37.3_20190805_L2A0004161911_5120_4096.txt,512,512,0,3,0.555460750853,0.320207253886,0.0341296928328,0.0331606217617,1.25,17.4744027304,16.978238342,21.843003413,21.2227979275,21.2227979275,21.843003413,463.569647562,1.02922354949
val,val/images/GF1_WFV3_E122.4_N37.3_20190805_L2A0004161911_5632_3584.png,val/labels/GF1_WFV3_E122.4_N37.3_20190805_L2A0004161911_5632_3584.txt,512,512,0,0,0.8984375,0.5654296875,0.02734375,0.029296875,1.25,14,15,17.5,18.75,17.5,18.75,328.125,1.07142857143
val,val/images/GF1_WFV3_E122.4_N37.3_20190805_L2A0004161911_5632_3584.png,val/labels/GF1_WFV3_E122.4_N37.3_20190805_L2A0004161911_5632_3584.txt,512,512,0,1,0.732508532423,0.19067357513,0.0247440273038,0.0248704663212,1.25,12.6689419795,12.7336787565,15.8361774744,15.9170984456,15.8361774744,15.9170984456,252.065995862,1.00510988029
val,val/images/GF1_WFV3_E122.4_N37.3_20190805_L2A0004161911_7168_4096.png,val/labels/GF1_WFV3_E122.4_N37.3_20190805_L2A0004161911_7168_4096.txt,512,512,0,0,0.5087890625,0.291015625,0.048828125,0.03515625,1.25,25,18,31.25,22.5,22.5,31.25,703.125,1.38888888889
val,val/images/GF1_WFV3_E122.4_N37.3_20190805_L2A0004161911_7168_4096.png,val/labels/GF1_WFV3_E122.4_N37.3_20190805_L2A0004161911_7168_4096.txt,512,512,0,1,0.1181640625,0.4091796875,0.048828125,0.048828125,1.25,25,25,31.25,31.25,31.25,31.25,976.5625,1
val,val/images/GF1_WFV3_E122.4_N37.3_20190805_L2A0004161911_7168_4608.png,val/labels/GF1_WFV3_E122.4_N37.3_20190805_L2A0004161911_7168_4608.txt,512,512,0,0,0.2265625,0.1533203125,0.0625,0.064453125,1.25,32,33,40,41.25,40,41.25,1650,1.03125
val,val/images/GF1_WFV3_E122.4_N37.3_20190805_L2A0004161911_7680_5120.png,val/labels/GF1_WFV3_E122.4_N37.3_20190805_L2A0004161911_7680_5120.txt,512,512,0,0,0.2802734375,0.0439453125,0.080078125,0.041015625,1.25,41,21,51.25,26.25,26.25,51.25,1345.3125,1.95238095238
val,val/images/GF1_WFV3_E122.4_N37.3_20190805_L2A0004161911_7680_5120.png,val/labels/GF1_WFV3_E122.4_N37.3_20190805_L2A0004161911_7680_5120.txt,512,512,0,1,0.738054607509,0.383419689119,0.0255972696246,0.0310880829016,1.25,13.1058020478,15.9170984456,16.3822525597,19.896373057,16.3822525597,19.896373057,325.947408442,1.21450777202
val,val/images/GF1_WFV3_E122.4_N37.3_20190805_L2A0004161911_8192_12800.png,val/labels/GF1_WFV3_E122.4_N37.3_20190805_L2A0004161911_8192_12800.txt,512,512,0,0,0.4072265625,0.7431640625,0.029296875,0.029296875,1.25,15,15,18.75,18.75,18.75,18.75,351.5625,1
val,val/images/GF1_WFV3_E122.4_N37.3_20190805_L2A0004161911_8704_2560.png,val/labels/GF1_WFV3_E122.4_N37.3_20190805_L2A0004161911_8704_2560.txt,512,512,0,0,0.447098976109,0.141450777202,0.0409556313993,0.0424870466321,1.25,20.9692832765,21.7533678756,26.2116040956,27.1917098446,26.2116040956,27.1917098446,712.738333127,1.03739205527
val,val/images/GF1_WFV3_E122.4_N37.3_20190805_L2A0004161911_8704_4096.png,val/labels/GF1_WFV3_E122.4_N37.3_20190805_L2A0004161911_8704_4096.txt,512,512,0,0,0.95703125,0.1435546875,0.05078125,0.044921875,1.25,26,23,32.5,28.75,28.75,32.5,934.375,1.13043478261
val,val/images/GF1_WFV3_E122.4_N37.3_20190805_L2A0004161911_9216_12800.png,val/labels/GF1_WFV3_E122.4_N37.3_20190805_L2A0004161911_9216_12800.txt,512,512,0,0,0.142918088737,0.674093264249,0.0196245733788,0.0321243523316,1.25,10.04778157,16.4476683938,12.5597269625,20.5595854922,12.5597269625,20.5595854922,258.222780244,1.63694525794
val,val/images/GF1_WFV3_E122.4_N37.3_20190805_L2A0004161911_9216_5632.png,val/labels/GF1_WFV3_E122.4_N37.3_20190805_L2A0004161911_9216_5632.txt,512,512,0,0,0.8974609375,0.7958984375,0.033203125,0.060546875,1.25,17,31,21.25,38.75,21.25,38.75,823.4375,1.82352941176
val,val/images/GF1_WFV3_E122.4_N37.3_20190805_L2A0004161911_9216_5632.png,val/labels/GF1_WFV3_E122.4_N37.3_20190805_L2A0004161911_9216_5632.txt,512,512,0,1,0.7412109375,0.66015625,0.033203125,0.03125,1.25,17,16,21.25,20,20,21.25,425,1.0625
val,val/images/GF1_WFV3_E122.4_N37.3_20190805_L2A0004161911_9216_5632.png,val/labels/GF1_WFV3_E122.4_N37.3_20190805_L2A0004161911_9216_5632.txt,512,512,0,2,0.623720136519,0.484974093264,0.0443686006826,0.0290155440415,1.25,22.7167235495,14.8559585492,28.3959044369,18.5699481865,18.5699481865,28.3959044369,527.310474102,1.52913213067
val,val/images/GF1_WFV3_E122.4_N37.3_20190805_L2A0004161911_9216_6144.png,val/labels/GF1_WFV3_E122.4_N37.3_20190805_L2A0004161911_9216_6144.txt,512,512,0,0,0.6298828125,0.8828125,0.025390625,0.0390625,1.25,13,20,16.25,25,16.25,25,406.25,1.53846153846
val,val/images/GF1_WFV3_E122.4_N37.3_20190805_L2A0004161911_9728_10752.png,val/labels/GF1_WFV3_E122.4_N37.3_20190805_L2A0004161911_9728_10752.txt,512,512,0,0,0.8994140625,0.2939453125,0.025390625,0.044921875,1.25,13,23,16.25,28.75,16.25,28.75,467.1875,1.76923076923
val,val/images/GF1_WFV3_E122.4_N37.3_20190805_L2A0004161911_9728_10752.png,val/labels/GF1_WFV3_E122.4_N37.3_20190805_L2A0004161911_9728_10752.txt,512,512,0,1,0.6884765625,0.4013671875,0.037109375,0.064453125,1.25,19,33,23.75,41.25,23.75,41.25,979.6875,1.73684210526
val,val/images/GF1_WFV3_E122.4_N37.3_20190805_L2A0004161911_9728_10752.png,val/labels/GF1_WFV3_E122.4_N37.3_20190805_L2A0004161911_9728_10752.txt,512,512,0,2,0.71875,0.63671875,0.02734375,0.046875,1.25,14,24,17.5,30,17.5,30,525,1.71428571429
val,val/images/GF1_WFV3_E122.4_N37.3_20190805_L2A0004161911_9728_10752.png,val/labels/GF1_WFV3_E122.4_N37.3_20190805_L2A0004161911_9728_10752.txt,512,512,0,3,0.456484641638,0.684974093264,0.0324232081911,0.0373056994819,1.25,16.6006825939,19.1005181347,20.7508532423,23.8756476684,20.7508532423,23.8756476684,495.440060832,1.15058631034
val,val/images/GF1_WFV3_E122.4_N37.3_20190805_L2A0004161911_9728_11776.png,val/labels/GF1_WFV3_E122.4_N37.3_20190805_L2A0004161911_9728_11776.txt,512,512,0,0,0.609375,0.5888671875,0.03515625,0.048828125,1.25,18,25,22.5,31.25,22.5,31.25,703.125,1.38888888889
val,val/images/GF1_WFV3_E122.4_N37.3_20190805_L2A0004161911_9728_11776.png,val/labels/GF1_WFV3_E122.4_N37.3_20190805_L2A0004161911_9728_11776.txt,512,512,0,1,0.236348122867,0.185492227979,0.018771331058,0.0269430051813,1.25,9.61092150171,13.7948186528,12.0136518771,17.2435233161,12.0136518771,17.2435233161,207.157686254,1.43532736693
val,val/images/GF1_WFV3_E122.4_N37.3_20190805_L2A0004161911_9728_4608.png,val/labels/GF1_WFV3_E122.4_N37.3_20190805_L2A0004161911_9728_4608.txt,512,512,0,0,0.76953125,0.357421875,0.05078125,0.046875,1.25,26,24,32.5,30,30,32.5,975,1.08333333333
val,val/images/GF1_WFV3_E122.4_N37.3_20190805_L2A0004161911_9728_6144.png,val/labels/GF1_WFV3_E122.4_N37.3_20190805_L2A0004161911_9728_6144.txt,512,512,0,0,0.224609375,0.255859375,0.03515625,0.04296875,1.25,18,22,22.5,27.5,22.5,27.5,618.75,1.22222222222
val,val/images/GF1_WFV3_E122.4_N37.3_20190805_L2A0004161911_9728_6144.png,val/labels/GF1_WFV3_E122.4_N37.3_20190805_L2A0004161911_9728_6144.txt,512,512,0,1,0.1884765625,0.07421875,0.025390625,0.03125,1.25,13,16,16.25,20,16.25,20,325,1.23076923077
val,val/images/GF1_WFV3_E131.3_N17.2_20200630_L2A0004898201_4096_9216.png,val/labels/GF1_WFV3_E131.3_N17.2_20200630_L2A0004898201_4096_9216.txt,512,512,0,0,0.2685546875,0.7724609375,0.060546875,0.041015625,1.25,31,21,38.75,26.25,26.25,38.75,1017.1875,1.47619047619
val,val/images/GF1_WFV3_E131.3_N17.2_20200630_L2A0004898201_9728_11776.png,val/labels/GF1_WFV3_E131.3_N17.2_20200630_L2A0004898201_9728_11776.txt,512,512,0,0,0.8828125,0.30078125,0.05078125,0.05859375,1.25,26,30,32.5,37.5,32.5,37.5,1218.75,1.15384615385
val,val/images/GF1_WFV4_E109.8_N16.7_20200704_L2A0004904643_17920_13824.png,val/labels/GF1_WFV4_E109.8_N16.7_20200704_L2A0004904643_17920_13824.txt,512,512,0,0,0.2802734375,0.0302734375,0.064453125,0.060546875,1.25,33,31,41.25,38.75,38.75,41.25,1598.4375,1.06451612903
val,val/images/GF1_WFV4_E109.8_N16.7_20200704_L2A0004904643_512_11776.png,val/labels/GF1_WFV4_E109.8_N16.7_20200704_L2A0004904643_512_11776.txt,512,512,0,0,0.8583984375,0.3369140625,0.056640625,0.041015625,1.25,29,21,36.25,26.25,26.25,36.25,951.5625,1.38095238095
val,val/images/GF1_WFV4_E109.8_N16.7_20200704_L2A0004904643_8192_12800.png,val/labels/GF1_WFV4_E109.8_N16.7_20200704_L2A0004904643_8192_12800.txt,512,512,0,0,0.044921875,0.0830078125,0.04296875,0.041015625,1.25,22,21,27.5,26.25,26.25,27.5,721.875,1.04761904762
val,val/images/GF1_WFV4_E109.8_N16.7_20200704_L2A0004904643_9728_14336.png,val/labels/GF1_WFV4_E109.8_N16.7_20200704_L2A0004904643_9728_14336.txt,512,512,0,0,0.876953125,0.501953125,0.0390625,0.0703125,1.25,20,36,25,45,25,45,1125,1.8
val,val/images/GF1_WFV4_E110.2_N18.4_20200704_L2A0004904642_12288_14848.png,val/labels/GF1_WFV4_E110.2_N18.4_20200704_L2A0004904642_12288_14848.txt,512,512,0,0,0.4189453125,0.435546875,0.021484375,0.02734375,1.25,11,14,13.75,17.5,13.75,17.5,240.625,1.27272727273
val,val/images/GF1_WFV4_E110.2_N18.4_20200704_L2A0004904642_12288_7168.png,val/labels/GF1_WFV4_E110.2_N18.4_20200704_L2A0004904642_12288_7168.txt,512,512,0,0,0.2177734375,0.4794921875,0.033203125,0.033203125,1.25,17,17,21.25,21.25,21.25,21.25,451.5625,1
val,val/images/GF1_WFV4_E110.2_N18.4_20200704_L2A0004904642_12800_14336.png,val/labels/GF1_WFV4_E110.2_N18.4_20200704_L2A0004904642_12800_14336.txt,512,512,0,0,0.768771331058,0.951813471503,0.0409556313993,0.0383419689119,1.25,20.9692832765,19.6310880829,26.2116040956,24.5388601036,24.5388601036,26.2116040956,643.202885993,1.06816714325
val,val/images/GF1_WFV4_E110.2_N18.4_20200704_L2A0004904642_13312_14336.png,val/labels/GF1_WFV4_E110.2_N18.4_20200704_L2A0004904642_13312_14336.txt,512,512,0,0,0.3515625,0.5654296875,0.02734375,0.021484375,1.25,14,11,17.5,13.75,13.75,17.5,240.625,1.27272727273
val,val/images/GF1_WFV4_E110.2_N18.4_20200704_L2A0004904642_9728_11264.png,val/labels/GF1_WFV4_E110.2_N18.4_20200704_L2A0004904642_9728_11264.txt,512,512,0,0,0.18359375,0.4765625,0.0234375,0.02734375,1.25,12,14,15,17.5,15,17.5,262.5,1.16666666667
val,val/images/GF1_WFV4_E114.1_N21.0_20190806_L2A0004164437_3072_4096.png,val/labels/GF1_WFV4_E114.1_N21.0_20190806_L2A0004164437_3072_4096.txt,512,512,0,0,0.361328125,0.2470703125,0.05078125,0.044921875,1.25,26,23,32.5,28.75,28.75,32.5,934.375,1.13043478261
val,val/images/GF1_WFV4_E114.1_N21.0_20190806_L2A0004164437_3072_4096.png,val/labels/GF1_WFV4_E114.1_N21.0_20190806_L2A0004164437_3072_4096.txt,512,512,0,1,0.0712890625,0.3486328125,0.044921875,0.033203125,1.25,23,17,28.75,21.25,21.25,28.75,610.9375,1.35294117647
val,val/images/GF1_WFV4_E114.1_N21.0_20190806_L2A0004164437_5632_4608.png,val/labels/GF1_WFV4_E114.1_N21.0_20190806_L2A0004164437_5632_4608.txt,512,512,0,0,0.365234375,0.1796875,0.046875,0.05859375,1.25,24,30,30,37.5,30,37.5,1125,1.25
val,val/images/GF1_WFV4_E114.4_N21.8_20190806_L2A0004164425_10240_14336.png,val/labels/GF1_WFV4_E114.4_N21.8_20190806_L2A0004164425_10240_14336.txt,512,512,0,0,0.2509765625,0.9853515625,0.041015625,0.029296875,1.25,21,15,26.25,18.75,18.75,26.25,492.1875,1.4
val,val/images/GF1_WFV4_E114.4_N21.8_20190806_L2A0004164425_10240_5632.png,val/labels/GF1_WFV4_E114.4_N21.8_20190806_L2A0004164425_10240_5632.txt,512,512,0,0,0.622013651877,0.196373056995,0.037542662116,0.0487046632124,1.25,19.2218430034,24.9367875648,24.0273037543,31.170984456,24.0273037543,31.170984456,748.954711843,1.29731512011
val,val/images/GF1_WFV4_E114.4_N21.8_20190806_L2A0004164425_10240_8192.png,val/labels/GF1_WFV4_E114.4_N21.8_20190806_L2A0004164425_10240_8192.txt,512,512,0,0,0.09375,0.8828125,0.03515625,0.03125,1.25,18,16,22.5,20,20,22.5,450,1.125
val,val/images/GF1_WFV4_E114.4_N21.8_20190806_L2A0004164425_1024_11264.png,val/labels/GF1_WFV4_E114.4_N21.8_20190806_L2A0004164425_1024_11264.txt,512,512,0,0,0.9677734375,0.4326171875,0.064453125,0.060546875,1.25,33,31,41.25,38.75,38.75,41.25,1598.4375,1.06451612903
val,val/images/GF1_WFV4_E114.4_N21.8_20190806_L2A0004164425_11264_4096.png,val/labels/GF1_WFV4_E114.4_N21.8_20190806_L2A0004164425_11264_4096.txt,512,512,0,0,0.34765625,0.6025390625,0.0390625,0.041015625,1.25,20,21,25,26.25,25,26.25,656.25,1.05
val,val/images/GF1_WFV4_E114.4_N21.8_20190806_L2A0004164425_11264_4096.png,val/labels/GF1_WFV4_E114.4_N21.8_20190806_L2A0004164425_11264_4096.txt,512,512,0,1,0.026023890785,0.568393782383,0.0247440273038,0.0217616580311,1.25,12.6689419795,11.1419689119,15.8361774744,13.9274611399,13.9274611399,15.8361774744,220.557746379,1.13704696896
val,val/images/GF1_WFV4_E114.4_N21.8_20190806_L2A0004164425_11264_5120.png,val/labels/GF1_WFV4_E114.4_N21.8_20190806_L2A0004164425_11264_5120.txt,512,512,0,0,0.095703125,0.341796875,0.05078125,0.0390625,1.25,26,20,32.5,25,25,32.5,812.5,1.3
val,val/images/GF1_WFV4_E114.4_N21.8_20190806_L2A0004164425_12288_4608.png,val/labels/GF1_WFV4_E114.4_N21.8_20190806_L2A0004164425_12288_4608.txt,512,512,0,0,0.0358361774744,0.341968911917,0.0324232081911,0.020725388601,1.25,16.6006825939,10.6113989637,20.7508532423,13.2642487047,13.2642487047,20.7508532423,275.24447824,1.56441979522
val,val/images/GF1_WFV4_E114.4_N21.8_20190806_L2A0004164425_12288_6656.png,val/labels/GF1_WFV4_E114.4_N21.8_20190806_L2A0004164425_12288_6656.txt,512,512,0,0,0.841296928328,0.406735751295,0.0290102389078,0.0321243523316,1.25,14.8532423208,16.4476683938,18.566552901,20.5595854922,18.566552901,20.5595854922,381.720631665,1.10734532155
val,val/images/GF1_WFV4_E114.4_N21.8_20190806_L2A0004164425_13312_4096.png,val/labels/GF1_WFV4_E114.4_N21.8_20190806_L2A0004164425_13312_4096.txt,512,512,0,0,0.0439453125,0.7666015625,0.068359375,0.052734375,1.25,35,27,43.75,33.75,33.75,43.75,1476.5625,1.2962962963
val,val/images/GF1_WFV4_E114.4_N21.8_20190806_L2A0004164425_14336_3584.png,val/labels/GF1_WFV4_E114.4_N21.8_20190806_L2A0004164425_14336_3584.txt,512,512,0,0,0.783203125,0.048828125,0.0703125,0.046875,1.25,36,24,45,30,30,45,1350,1.5
val,val/images/GF1_WFV4_E114.4_N21.8_20190806_L2A0004164425_1536_9728.png,val/labels/GF1_WFV4_E114.4_N21.8_20190806_L2A0004164425_1536_9728.txt,512,512,0,0,0.5390625,0.5751953125,0.05859375,0.044921875,1.25,30,23,37.5,28.75,28.75,37.5,1078.125,1.30434782609
val,val/images/GF1_WFV4_E114.4_N21.8_20190806_L2A0004164425_1536_9728.png,val/labels/GF1_WFV4_E114.4_N21.8_20190806_L2A0004164425_1536_9728.txt,512,512,0,1,0.264078498294,0.674093264249,0.028156996587,0.019689119171,1.25,14.4163822526,10.0808290155,18.0204778157,12.6010362694,12.6010362694,18.0204778157,227.076694548,1.43007903718
val,val/images/GF1_WFV4_E114.4_N21.8_20190806_L2A0004164425_15533_3072.png,val/labels/GF1_WFV4_E114.4_N21.8_20190806_L2A0004164425_15533_3072.txt,512,512,0,0,0.9658203125,0.6611328125,0.041015625,0.033203125,1.25,21,17,26.25,21.25,21.25,26.25,557.8125,1.23529411765
val,val/images/GF1_WFV4_E114.4_N21.8_20190806_L2A0004164425_15533_3072.png,val/labels/GF1_WFV4_E114.4_N21.8_20190806_L2A0004164425_15533_3072.txt,512,512,0,1,0.306640625,0.2197265625,0.046875,0.041015625,1.25,24,21,30,26.25,26.25,30,787.5,1.14285714286
val,val/images/GF1_WFV4_E114.4_N21.8_20190806_L2A0004164425_15533_3072.png,val/labels/GF1_WFV4_E114.4_N21.8_20190806_L2A0004164425_15533_3072.txt,512,512,0,2,0.05078125,0.9658203125,0.046875,0.029296875,1.25,24,15,30,18.75,18.75,30,562.5,1.6
val,val/images/GF1_WFV4_E114.4_N21.8_20190806_L2A0004164425_15533_5120.png,val/labels/GF1_WFV4_E114.4_N21.8_20190806_L2A0004164425_15533_5120.txt,512,512,0,0,0.703125,0.1689453125,0.06640625,0.041015625,1.25,34,21,42.5,26.25,26.25,42.5,1115.625,1.61904761905
val,val/images/GF1_WFV4_E114.4_N21.8_20190806_L2A0004164425_17069_4608.png,val/labels/GF1_WFV4_E114.4_N21.8_20190806_L2A0004164425_17069_4608.txt,512,512,0,0,0.3095703125,0.3837890625,0.052734375,0.029296875,1.25,27,15,33.75,18.75,18.75,33.75,632.8125,1.8
val,val/images/GF1_WFV4_E114.4_N21.8_20190806_L2A0004164425_8192_8192.png,val/labels/GF1_WFV4_E114.4_N21.8_20190806_L2A0004164425_8192_8192.txt,512,512,0,0,0.932593856655,0.533160621762,0.0307167235495,0.0507772020725,1.25,15.7269624573,25.9979274611,19.6587030717,32.4974093264,19.6587030717,32.4974093264,638.856920547,1.65308002303
val,val/images/GF1_WFV4_E114.4_N21.8_20190806_L2A0004164425_8704_10752.png,val/labels/GF1_WFV4_E114.4_N21.8_20190806_L2A0004164425_8704_10752.txt,512,512,0,0,0.782849829352,0.954404145078,0.0469283276451,0.0414507772021,1.25,24.0273037543,21.2227979275,30.0341296928,26.5284974093,26.5284974093,30.0341296928,796.760331748,1.13214590444
val,val/images/GF1_WFV4_E124.0_N33.5_20131122_L1A0000115971_10464_9216.png,val/labels/GF1_WFV4_E124.0_N33.5_20131122_L1A0000115971_10464_9216.txt,512,512,0,0,0.9638671875,0.45703125,0.072265625,0.05078125,1.25,37,26,46.25,32.5,32.5,46.25,1503.125,1.42307692308
val,val/images/GF1_WFV4_E124.0_N33.5_20131122_L1A0000115971_10976_512.png,val/labels/GF1_WFV4_E124.0_N33.5_20131122_L1A0000115971_10976_512.txt,512,512,0,0,0.127986348123,0.324352331606,0.0290102389078,0.0414507772021,1.25,14.8532423208,21.2227979275,18.566552901,26.5284974093,18.566552901,26.5284974093,492.542750535,1.42883267297
val,val/images/GF1_WFV4_E124.0_N33.5_20131122_L1A0000115971_10976_512.png,val/labels/GF1_WFV4_E124.0_N33.5_20131122_L1A0000115971_10976_512.txt,512,512,0,1,0.467576791809,0.378756476684,0.0273037542662,0.0528497409326,1.25,13.9795221843,27.0590673575,17.4744027304,33.8238341969,17.4744027304,33.8238341969,591.051300642,1.93562176166
val,val/images/GF1_WFV4_E124.0_N33.5_20131122_L1A0000115971_10976_512.png,val/labels/GF1_WFV4_E124.0_N33.5_20131122_L1A0000115971_10976_512.txt,512,512,0,2,0.619880546075,0.359585492228,0.0230375426621,0.039378238342,1.25,11.795221843,20.1616580311,14.7440273038,25.2020725389,14.7440273038,25.2020725389,371.580045624,1.7093072347
val,val/images/GF1_WFV4_E124.0_N33.5_20131122_L1A0000115971_10976_512.png,val/labels/GF1_WFV4_E124.0_N33.5_20131122_L1A0000115971_10976_512.txt,512,512,0,3,0.657849829352,0.216580310881,0.0307167235495,0.0538860103627,1.25,15.7269624573,27.5896373057,19.6587030717,34.4870466321,19.6587030717,34.4870466321,677.97060956,1.75428900403
val,val/images/GF1_WFV4_E124.0_N33.5_20131122_L1A0000115971_3072_11776.png,val/labels/GF1_WFV4_E124.0_N33.5_20131122_L1A0000115971_3072_11776.txt,512,512,0,0,0.6875,0.0810546875,0.05078125,0.048828125,1.25,26,25,32.5,31.25,31.25,32.5,1015.625,1.04
val,val/images/GF1_WFV4_E124.0_N33.5_20131122_L1A0000115971_3072_11776.png,val/labels/GF1_WFV4_E124.0_N33.5_20131122_L1A0000115971_3072_11776.txt,512,512,0,1,0.9599609375,0.6630859375,0.052734375,0.048828125,1.25,27,25,33.75,31.25,31.25,33.75,1054.6875,1.08
val,val/images/GF1_WFV4_E124.0_N33.5_20131122_L1A0000115971_3072_11776.png,val/labels/GF1_WFV4_E124.0_N33.5_20131122_L1A0000115971_3072_11776.txt,512,512,0,2,0.0345563139932,0.0932642487047,0.0315699658703,0.0373056994819,1.25,16.1638225256,19.1005181347,20.204778157,23.8756476684,20.204778157,23.8756476684,482.402164495,1.18168323764
val,val/images/GF1_WFV4_E124.0_N33.5_20131122_L1A0000115971_3072_11776.png,val/labels/GF1_WFV4_E124.0_N33.5_20131122_L1A0000115971_3072_11776.txt,512,512,0,3,0.452218430034,0.822797927461,0.0358361774744,0.0414507772021,1.25,18.3481228669,21.2227979275,22.9351535836,26.5284974093,22.9351535836,26.5284974093,608.435162426,1.15667406859
val,val/images/GF1_WFV4_E124.0_N33.5_20131122_L1A0000115971_3584_11776.png,val/labels/GF1_WFV4_E124.0_N33.5_20131122_L1A0000115971_3584_11776.txt,512,512,0,0,0.509765625,0.61328125,0.05078125,0.05859375,1.25,26,30,32.5,37.5,32.5,37.5,1218.75,1.15384615385
val,val/images/GF1_WFV4_E124.0_N33.5_20131122_L1A0000115971_3584_11776.png,val/labels/GF1_WFV4_E124.0_N33.5_20131122_L1A0000115971_3584_11776.txt,512,512,0,1,0.255546075085,0.355958549223,0.0264505119454,0.0341968911917,1.25,13.542662116,17.5088082902,16.9283276451,21.8860103627,16.9283276451,21.8860103627,370.493554263,1.29286311215
val,val/images/GF1_WFV4_E124.0_N33.5_20131122_L1A0000115971_3584_11776.png,val/labels/GF1_WFV4_E124.0_N33.5_20131122_L1A0000115971_3584_11776.txt,512,512,0,2,0.299488054608,0.506735751295,0.0221843003413,0.0290155440415,1.25,11.3583617747,14.8559585492,14.1979522184,18.5699481865,14.1979522184,18.5699481865,263.655237051,1.30793144679
val,val/images/GF1_WFV4_E124.0_N33.5_20131122_L1A0000115971_4608_11264.png,val/labels/GF1_WFV4_E124.0_N33.5_20131122_L1A0000115971_4608_11264.txt,512,512,0,0,0.390784982935,0.369430051813,0.0238907849829,0.0341968911917,1.25,12.2320819113,17.5088082902,15.2901023891,21.8860103627,15.2901023891,21.8860103627,334.639339334,1.43138415988
val,val/images/GF1_WFV4_E124.0_N33.5_20131122_L1A0000115971_6144_11776.png,val/labels/GF1_WFV4_E124.0_N33.5_20131122_L1A0000115971_6144_11776.txt,512,512,0,0,0.0891638225256,0.219689119171,0.0264505119454,0.0373056994819,1.25,13.542662116,19.1005181347,16.9283276451,23.8756476684,16.9283276451,23.8756476684,404.174786468,1.41039612235
val,val/images/GF1_WFV4_E124.0_N33.5_20131122_L1A0000115971_6656_5120.png,val/labels/GF1_WFV4_E124.0_N33.5_20131122_L1A0000115971_6656_5120.txt,512,512,0,0,0.3505859375,0.080078125,0.052734375,0.0546875,1.25,27,28,33.75,35,33.75,35,1181.25,1.03703703704
val,val/images/GF1_WFV4_E124.0_N33.5_20131122_L1A0000115971_6656_5120.png,val/labels/GF1_WFV4_E124.0_N33.5_20131122_L1A0000115971_6656_5120.txt,512,512,0,1,0.794795221843,0.0694300518135,0.0162116040956,0.020725388601,1.25,8.30034129693,10.6113989637,10.3754266212,13.2642487047,10.3754266212,13.2642487047,137.62223912,1.27842923371
val,val/images/GF1_WFV4_E124.0_N33.5_20131122_L1A0000115971_8192_10240.png,val/labels/GF1_WFV4_E124.0_N33.5_20131122_L1A0000115971_8192_10240.txt,512,512,0,0,0.41015625,0.3984375,0.05859375,0.05859375,1.25,30,30,37.5,37.5,37.5,37.5,1406.25,1
val,val/images/GF1_WFV4_E124.0_N33.5_20131122_L1A0000115971_8192_3072.png,val/labels/GF1_WFV4_E124.0_N33.5_20131122_L1A0000115971_8192_3072.txt,512,512,0,0,0.869140625,0.599609375,0.0625,0.03125,1.25,32,16,40,20,20,40,800,2
val,val/images/GF1_WFV4_E124.0_N33.5_20131122_L1A0000115971_9216_1536.png,val/labels/GF1_WFV4_E124.0_N33.5_20131122_L1A0000115971_9216_1536.txt,512,512,0,0,0.740234375,0.4716796875,0.0546875,0.033203125,1.25,28,17,35,21.25,21.25,35,743.75,1.64705882353
val,val/images/GF1_WFV4_E124.0_N35.2_20200407_L1A0004724410_0_12800.png,val/labels/GF1_WFV4_E124.0_N35.2_20200407_L1A0004724410_0_12800.txt,512,512,0,0,0.98046875,0.2529296875,0.0390625,0.037109375,1.25,20,19,25,23.75,23.75,25,593.75,1.05263157895
val,val/images/GF1_WFV4_E124.0_N35.2_20200407_L1A0004724410_0_12800.png,val/labels/GF1_WFV4_E124.0_N35.2_20200407_L1A0004724410_0_12800.txt,512,512,0,1,0.8720703125,0.6044921875,0.041015625,0.037109375,1.25,21,19,26.25,23.75,23.75,26.25,623.4375,1.10526315789
val,val/images/GF1_WFV4_E124.0_N35.2_20200407_L1A0004724410_0_4096.png,val/labels/GF1_WFV4_E124.0_N35.2_20200407_L1A0004724410_0_4096.txt,512,512,0,0,0.0947265625,0.7265625,0.068359375,0.078125,1.25,35,40,43.75,50,43.75,50,2187.5,1.14285714286
val,val/images/GF1_WFV4_E124.0_N35.2_20200407_L1A0004724410_0_5120.png,val/labels/GF1_WFV4_E124.0_N35.2_20200407_L1A0004724410_0_5120.txt,512,512,0,0,0.9326171875,0.3642578125,0.052734375,0.056640625,1.25,27,29,33.75,36.25,33.75,36.25,1223.4375,1.07407407407
val,val/images/GF1_WFV4_E124.0_N35.2_20200407_L1A0004724410_0_7680.png,val/labels/GF1_WFV4_E124.0_N35.2_20200407_L1A0004724410_0_7680.txt,512,512,0,0,0.033203125,0.4970703125,0.0546875,0.041015625,1.25,28,21,35,26.25,26.25,35,918.75,1.33333333333
val,val/images/GF1_WFV4_E124.0_N35.2_20200407_L1A0004724410_0_7680.png,val/labels/GF1_WFV4_E124.0_N35.2_20200407_L1A0004724410_0_7680.txt,512,512,0,1,0.693359375,0.95703125,0.10546875,0.0390625,1.25,54,20,67.5,25,25,67.5,1687.5,2.7
val,val/images/GF1_WFV4_E124.0_N35.2_20200407_L1A0004724410_0_7680.png,val/labels/GF1_WFV4_E124.0_N35.2_20200407_L1A0004724410_0_7680.txt,512,512,0,2,0.8046875,0.7314453125,0.0546875,0.048828125,1.25,28,25,35,31.25,31.25,35,1093.75,1.12
val,val/images/GF1_WFV4_E124.0_N35.2_20200407_L1A0004724410_11488_10240.png,val/labels/GF1_WFV4_E124.0_N35.2_20200407_L1A0004724410_11488_10240.txt,512,512,0,0,0.813993174061,0.413471502591,0.0238907849829,0.0352331606218,1.25,12.2320819113,18.0393782383,15.2901023891,22.5492227979,15.2901023891,22.5492227979,344.779925374,1.47475943745
val,val/images/GF1_WFV4_E124.0_N35.2_20200407_L1A0004724410_1536_11776.png,val/labels/GF1_WFV4_E124.0_N35.2_20200407_L1A0004724410_1536_11776.txt,512,512,0,0,0.34375,0.0166015625,0.046875,0.033203125,1.25,24,17,30,21.25,21.25,30,637.5,1.41176470588
val,val/images/GF1_WFV4_E124.0_N35.2_20200407_L1A0004724410_512_0.png,val/labels/GF1_WFV4_E124.0_N35.2_20200407_L1A0004724410_512_0.txt,512,512,0,0,0.825938566553,0.835751295337,0.0409556313993,0.0694300518135,1.25,20.9692832765,35.5481865285,26.2116040956,44.4352331606,26.2116040956,44.4352331606,1164.7187395,1.69525043178
val,val/images/GF1_WFV4_E124.0_N35.2_20200407_L1A0004724410_512_12800.png,val/labels/GF1_WFV4_E124.0_N35.2_20200407_L1A0004724410_512_12800.txt,512,512,0,0,0.841296928328,0.668911917098,0.0290102389078,0.0507772020725,1.25,14.8532423208,25.9979274611,18.566552901,32.4974093264,18.566552901,32.4974093264,603.364869405,1.75032002438
val,val/images/GF1_WFV4_E124.0_N35.2_20200407_L1A0004724410_512_7680.png,val/labels/GF1_WFV4_E124.0_N35.2_20200407_L1A0004724410_512_7680.txt,512,512,0,0,0.1845703125,0.67578125,0.044921875,0.046875,1.25,23,24,28.75,30,28.75,30,862.5,1.04347826087
val,val/images/GF1_WFV4_E124.0_N35.2_20200407_L1A0004724410_512_7680.png,val/labels/GF1_WFV4_E124.0_N35.2_20200407_L1A0004724410_512_7680.txt,512,512,0,1,0.8232421875,0.6259765625,0.052734375,0.044921875,1.25,27,23,33.75,28.75,28.75,33.75,970.3125,1.17391304348
val,val/images/GF1_WFV4_E124.0_N35.2_20200407_L1A0004724410_512_7680.png,val/labels/GF1_WFV4_E124.0_N35.2_20200407_L1A0004724410_512_7680.txt,512,512,0,2,0.1201171875,0.9150390625,0.056640625,0.029296875,1.25,29,15,36.25,18.75,18.75,36.25,679.6875,1.93333333333
val,val/images/GF1_WFV4_E124.0_N35.2_20200407_L1A0004724410_512_7680.png,val/labels/GF1_WFV4_E124.0_N35.2_20200407_L1A0004724410_512_7680.txt,512,512,0,3,0.181640625,0.9453125,0.05859375,0.03125,1.25,30,16,37.5,20,20,37.5,750,1.875
val,val/images/GF1_WFV4_E124.0_N35.2_20200407_L1A0004724410_6144_7680.png,val/labels/GF1_WFV4_E124.0_N35.2_20200407_L1A0004724410_6144_7680.txt,512,512,0,0,0.138671875,0.7490234375,0.0625,0.064453125,1.25,32,33,40,41.25,40,41.25,1650,1.03125
val,val/images/GF1_WFV4_E124.0_N35.2_20200407_L1A0004724410_7168_5120.png,val/labels/GF1_WFV4_E124.0_N35.2_20200407_L1A0004724410_7168_5120.txt,512,512,0,0,0.91015625,0.35546875,0.0546875,0.05078125,1.25,28,26,35,32.5,32.5,35,1137.5,1.07692307692
val,val/images/GF1_WFV4_E124.0_N35.2_20200407_L1A0004724410_7680_9728.png,val/labels/GF1_WFV4_E124.0_N35.2_20200407_L1A0004724410_7680_9728.txt,512,512,0,0,0.14453125,0.6337890625,0.078125,0.037109375,1.25,40,19,50,23.75,23.75,50,1187.5,2.10526315789
val,val/images/GF1_WFV4_E124.0_N35.2_20200407_L1A0004724410_9728_4096.png,val/labels/GF1_WFV4_E124.0_N35.2_20200407_L1A0004724410_9728_4096.txt,512,512,0,0,0.373046875,0.7001953125,0.05859375,0.056640625,1.25,30,29,37.5,36.25,36.25,37.5,1359.375,1.03448275862
val,val/images/GF1_WFV4_E124.1_N33.5_20200812_L1A0004986999_4608_4096.png,val/labels/GF1_WFV4_E124.1_N33.5_20200812_L1A0004986999_4608_4096.txt,512,512,0,0,0.07421875,0.626953125,0.0546875,0.046875,1.25,28,24,35,30,30,35,1050,1.16666666667
val,val/images/GF1_WFV4_E124.1_N33.5_20200812_L1A0004986999_512_2048.png,val/labels/GF1_WFV4_E124.1_N33.5_20200812_L1A0004986999_512_2048.txt,512,512,0,0,0.720703125,0.046875,0.04296875,0.05859375,1.25,22,30,27.5,37.5,27.5,37.5,1031.25,1.36363636364
val,val/images/GF1_WFV4_E124.1_N35.2_20191206_L1A0004447282_2048_7168.png,val/labels/GF1_WFV4_E124.1_N35.2_20191206_L1A0004447282_2048_7168.txt,512,512,0,0,0.650390625,0.7998046875,0.0546875,0.048828125,1.25,28,25,35,31.25,31.25,35,1093.75,1.12
val,val/images/GF1_WFV4_E124.3_N33.5_20200926_L1A0005089385_0_6656.png,val/labels/GF1_WFV4_E124.3_N33.5_20200926_L1A0005089385_0_6656.txt,512,512,0,0,0.447265625,0.6650390625,0.05078125,0.052734375,1.25,26,27,32.5,33.75,32.5,33.75,1096.875,1.03846153846
val,val/images/GF1_WFV4_E124.3_N33.5_20200926_L1A0005089385_3584_6656.png,val/labels/GF1_WFV4_E124.3_N33.5_20200926_L1A0005089385_3584_6656.txt,512,512,0,0,0.490234375,0.552734375,0.0546875,0.05859375,1.25,28,30,35,37.5,35,37.5,1312.5,1.07142857143
val,val/images/GF1_WFV4_E124.3_N33.5_20200926_L1A0005089385_3584_6656.png,val/labels/GF1_WFV4_E124.3_N33.5_20200926_L1A0005089385_3584_6656.txt,512,512,0,1,0.459470989761,0.770984455959,0.0230375426621,0.0269430051813,1.25,11.795221843,13.7948186528,14.7440273038,17.2435233161,14.7440273038,17.2435233161,254.238978585,1.16952600269
val,val/images/GF1_WFV4_E124.3_N33.5_20200926_L1A0005089385_3584_6656.png,val/labels/GF1_WFV4_E124.3_N33.5_20200926_L1A0005089385_3584_6656.txt,512,512,0,2,0.482508532423,0.805699481865,0.0213310580205,0.0259067357513,1.25,10.9215017065,13.2642487047,13.6518771331,16.5803108808,13.6518771331,16.5803108808,226.352366974,1.21450777202
val,val/images/GF1_WFV4_E124.3_N33.5_20200926_L1A0005089385_4096_7680.png,val/labels/GF1_WFV4_E124.3_N33.5_20200926_L1A0005089385_4096_7680.txt,512,512,0,0,0.768344709898,0.534715025907,0.0179180887372,0.0248704663212,1.25,9.17406143345,12.7336787565,11.4675767918,15.9170984456,11.4675767918,15.9170984456,182.530548728,1.38800888231
val,val/images/GF1_WFV4_E124.3_N33.5_20200926_L1A0005089385_5120_2048.png,val/labels/GF1_WFV4_E124.3_N33.5_20200926_L1A0005089385_5120_2048.txt,512,512,0,0,0.318359375,0.2099609375,0.05859375,0.064453125,1.25,30,33,37.5,41.25,37.5,41.25,1546.875,1.1
val,val/images/GF1_WFV4_E124.3_N33.5_20200926_L1A0005089385_512_5120.png,val/labels/GF1_WFV4_E124.3_N33.5_20200926_L1A0005089385_512_5120.txt,512,512,0,0,0.871587030717,0.0487046632124,0.0315699658703,0.0435233160622,1.25,16.1638225256,22.2839378238,20.204778157,27.8549222798,20.204778157,27.8549222798,562.802525244,1.37863044392
val,val/images/GF1_WFV4_E124.3_N33.5_20200926_L1A0005089385_6144_512.png,val/labels/GF1_WFV4_E124.3_N33.5_20200926_L1A0005089385_6144_512.txt,512,512,0,0,0.1103515625,0.82421875,0.064453125,0.03125,1.25,33,16,41.25,20,20,41.25,825,2.0625
val,val/images/GF1_WFV4_E124.3_N33.5_20200926_L1A0005089385_6144_6144.png,val/labels/GF1_WFV4_E124.3_N33.5_20200926_L1A0005089385_6144_6144.txt,512,512,0,0,0.3603515625,0.3564453125,0.087890625,0.060546875,1.25,45,31,56.25,38.75,38.75,56.25,2179.6875,1.45161290323
val,val/images/GF1_WFV4_E124.3_N33.5_20200926_L1A0005089385_7680_1024.png,val/labels/GF1_WFV4_E124.3_N33.5_20200926_L1A0005089385_7680_1024.txt,512,512,0,0,0.301194539249,0.939896373057,0.0273037542662,0.0414507772021,1.25,13.9795221843,21.2227979275,17.4744027304,26.5284974093,17.4744027304,26.5284974093,463.569647562,1.51813471503
val,val/images/GF1_WFV4_E124.3_N33.5_20200926_L1A0005089385_9728_11264.png,val/labels/GF1_WFV4_E124.3_N33.5_20200926_L1A0005089385_9728_11264.txt,512,512,0,0,0.240234375,0.1494140625,0.05859375,0.044921875,1.25,30,23,37.5,28.75,28.75,37.5,1078.125,1.30434782609
val,val/images/GF1_WFV4_E124.3_N33.5_20200926_L1A0005089385_9728_2560.png,val/labels/GF1_WFV4_E124.3_N33.5_20200926_L1A0005089385_9728_2560.txt,512,512,0,0,0.6484375,0.2607421875,0.078125,0.033203125,1.25,40,17,50,21.25,21.25,50,1062.5,2.35294117647
val,val/images/GF1_WFV4_E124.3_N33.5_20200926_L1A0005089385_9952_3072.png,val/labels/GF1_WFV4_E124.3_N33.5_20200926_L1A0005089385_9952_3072.txt,512,512,0,0,0.6103515625,0.9228515625,0.068359375,0.033203125,1.25,35,17,43.75,21.25,21.25,43.75,929.6875,2.05882352941
val,val/images/GF1_WFV4_E124.5_N35.2_20200922_L1A0005079948_10464_2048.png,val/labels/GF1_WFV4_E124.5_N35.2_20200922_L1A0005079948_10464_2048.txt,512,512,0,0,0.587883959044,0.570984455959,0.0221843003413,0.0331606217617,1.25,11.3583617747,16.978238342,14.1979522184,21.2227979275,14.1979522184,21.2227979275,301.320270915,1.49477879633
val,val/images/GF1_WFV4_E124.5_N35.2_20200922_L1A0005079948_10464_3072.png,val/labels/GF1_WFV4_E124.5_N35.2_20200922_L1A0005079948_10464_3072.txt,512,512,0,0,0.125,0.576171875,0.046875,0.0390625,1.25,24,20,30,25,25,30,750,1.2
val,val/images/GF1_WFV4_E124.5_N35.2_20200922_L1A0005079948_10464_3072.png,val/labels/GF1_WFV4_E124.5_N35.2_20200922_L1A0005079948_10464_3072.txt,512,512,0,1,0.71875,0.70703125,0.0546875,0.0546875,1.25,28,28,35,35,35,35,1225,1
val,val/images/GF1_WFV4_E124.5_N35.2_20200922_L1A0005079948_11488_10752.png,val/labels/GF1_WFV4_E124.5_N35.2_20200922_L1A0005079948_11488_10752.txt,512,512,0,0,0.5126953125,0.25,0.052734375,0.0390625,1.25,27,20,33.75,25,25,33.75,843.75,1.35
val,val/images/GF1_WFV4_E124.5_N35.2_20200922_L1A0005079948_1536_10240.png,val/labels/GF1_WFV4_E124.5_N35.2_20200922_L1A0005079948_1536_10240.txt,512,512,0,0,0.748293515358,0.343005181347,0.0273037542662,0.0331606217617,1.25,13.9795221843,16.978238342,17.4744027304,21.2227979275,17.4744027304,21.2227979275,370.85571805,1.21450777202
val,val/images/GF1_WFV4_E124.5_N35.2_20200922_L1A0005079948_1536_10240.png,val/labels/GF1_WFV4_E124.5_N35.2_20200922_L1A0005079948_1536_10240.txt,512,512,0,1,0.918515358362,0.515544041451,0.0196245733788,0.0300518134715,1.25,10.04778157,15.3865284974,12.5597269625,19.2331606218,12.5597269625,19.2331606218,241.563246034,1.53133588646
val,val/images/GF1_WFV4_E124.5_N35.2_20200922_L1A0005079948_3072_2048.png,val/labels/GF1_WFV4_E124.5_N35.2_20200922_L1A0005079948_3072_2048.txt,512,512,0,0,0.36433447099,0.0626943005181,0.0392491467577,0.0466321243523,1.25,20.0955631399,23.8756476684,25.1194539249,29.8445595855,25.1194539249,29.8445595855,749.679039417,1.18810542915
val,val/images/GF1_WFV4_E124.5_N35.2_20200922_L1A0005079948_4608_7680.png,val/labels/GF1_WFV4_E124.5_N35.2_20200922_L1A0005079948_4608_7680.txt,512,512,0,0,0.199232081911,0.379274611399,0.0366894197952,0.0559585492228,1.25,18.7849829352,28.6507772021,23.4812286689,35.8134715026,23.4812286689,35.8134715026,840.944313781,1.52519580672
val,val/images/GF1_WFV4_E124.5_N35.2_20200922_L1A0005079948_5120_3584.png,val/labels/GF1_WFV4_E124.5_N35.2_20200922_L1A0005079948_5120_3584.txt,512,512,0,0,0.283703071672,0.753886010363,0.0332764505119,0.0341968911917,1.25,17.0375426621,17.5088082902,21.2969283276,21.8860103627,21.2969283276,21.8860103627,466.104794072,1.02766042248
val,val/images/GF1_WFV4_E124.5_N35.2_20200922_L1A0005079948_512_6656.png,val/labels/GF1_WFV4_E124.5_N35.2_20200922_L1A0005079948_512_6656.txt,512,512,0,0,0.197098976109,0.142487046632,0.0204778156997,0.0300518134715,1.25,10.4846416382,15.3865284974,13.1058020478,19.2331606218,13.1058020478,19.2331606218,252.065995862,1.46753022453
val,val/images/GF1_WFV4_E124.5_N35.2_20200922_L1A0005079948_8192_10240.png,val/labels/GF1_WFV4_E124.5_N35.2_20200922_L1A0005079948_8192_10240.txt,512,512,0,0,0.707337883959,0.180310880829,0.0221843003413,0.0269430051813,1.25,11.3583617747,13.7948186528,14.1979522184,17.2435233161,14.1979522184,17.2435233161,244.822720119,1.21450777202
val,val/images/GF1_WFV4_E124.5_N35.2_20200922_L1A0005079948_8704_11776.png,val/labels/GF1_WFV4_E124.5_N35.2_20200922_L1A0005079948_8704_11776.txt,512,512,0,0,0.279863481229,0.706735751295,0.0358361774744,0.0331606217617,1.25,18.3481228669,16.978238342,22.9351535836,21.2227979275,21.2227979275,22.9351535836,486.74812994,1.08068472696
val,val/images/GF1_WFV4_E124.5_N35.2_20200922_L1A0005079948_9216_2560.png,val/labels/GF1_WFV4_E124.5_N35.2_20200922_L1A0005079948_9216_2560.txt,512,512,0,0,0.7978515625,0.439453125,0.060546875,0.0546875,1.25,31,28,38.75,35,35,38.75,1356.25,1.10714285714
val,val/images/GF1_WFV4_E124.5_N36.8_20190805_L2A0004161899_11776_7168.png,val/labels/GF1_WFV4_E124.5_N36.8_20190805_L2A0004161899_11776_7168.txt,512,512,0,0,0.348976109215,0.383419689119,0.0460750853242,0.0352331606218,1.25,23.590443686,18.0393782383,29.4880546075,22.5492227979,22.5492227979,29.4880546075,664.932713222,1.30771933347
val,val/images/GF1_WFV4_E124.5_N36.8_20190805_L2A0004161899_13824_7168.png,val/labels/GF1_WFV4_E124.5_N36.8_20190805_L2A0004161899_13824_7168.txt,512,512,0,0,0.3232421875,0.8857421875,0.076171875,0.037109375,1.25,39,19,48.75,23.75,23.75,48.75,1157.8125,2.05263157895
val,val/images/GF1_WFV4_E124.5_N36.8_20190805_L2A0004161899_15969_5120.png,val/labels/GF1_WFV4_E124.5_N36.8_20190805_L2A0004161899_15969_5120.txt,512,512,0,0,0.6103515625,0.47265625,0.060546875,0.04296875,1.25,31,22,38.75,27.5,27.5,38.75,1065.625,1.40909090909
val,val/images/GF1_WFV4_E124.5_N36.8_20190805_L2A0004161899_4096_3072.png,val/labels/GF1_WFV4_E124.5_N36.8_20190805_L2A0004161899_4096_3072.txt,512,512,0,0,0.0380859375,0.60546875,0.044921875,0.03515625,1.25,23,18,28.75,22.5,22.5,28.75,646.875,1.27777777778
val,val/images/GF1_WFV4_E124.5_N36.8_20190805_L2A0004161899_4608_10752.png,val/labels/GF1_WFV4_E124.5_N36.8_20190805_L2A0004161899_4608_10752.txt,512,512,0,0,0.3193359375,0.3876953125,0.060546875,0.048828125,1.25,31,25,38.75,31.25,31.25,38.75,1210.9375,1.24
val,val/images/GF1_WFV4_E124.5_N36.8_20190805_L2A0004161899_6144_5632.png,val/labels/GF1_WFV4_E124.5_N36.8_20190805_L2A0004161899_6144_5632.txt,512,512,0,0,0.3603515625,0.896484375,0.048828125,0.05078125,1.25,25,26,31.25,32.5,31.25,32.5,1015.625,1.04
val,val/images/GF6_WFV_E131.2_N35.8_20200910_L1A1120034678-2_12288_5632.png,val/labels/GF6_WFV_E131.2_N35.8_20200910_L1A1120034678-2_12288_5632.txt,512,512,0,0,0.365614334471,0.323316062176,0.0622866894198,0.0683937823834,1.25,31.8907849829,35.0176165803,39.8634812287,43.7720207254,39.8634812287,43.7720207254,1744.90512653,1.09804812265
val,val/images/GF6_WFV_E131.2_N35.8_20200910_L1A1120034678-2_13824_15872.png,val/labels/GF6_WFV_E131.2_N35.8_20200910_L1A1120034678-2_13824_15872.txt,512,512,0,0,0.2265625,0.23046875,0.05078125,0.03515625,1.25,26,18,32.5,22.5,22.5,32.5,731.25,1.44444444444
val,val/images/GF6_WFV_E131.2_N35.8_20200910_L1A1120034678-2_13824_15872.png,val/labels/GF6_WFV_E131.2_N35.8_20200910_L1A1120034678-2_13824_15872.txt,512,512,0,1,0.2939453125,0.9072265625,0.037109375,0.029296875,1.25,19,15,23.75,18.75,18.75,23.75,445.3125,1.26666666667
val,val/images/GF6_WFV_E131.2_N35.8_20200910_L1A1120034678-2_16384_14336.png,val/labels/GF6_WFV_E131.2_N35.8_20200910_L1A1120034678-2_16384_14336.txt,512,512,0,0,0.8740234375,0.5537109375,0.044921875,0.037109375,1.25,23,19,28.75,23.75,23.75,28.75,682.8125,1.21052631579
val,val/images/GF6_WFV_E131.2_N35.8_20200910_L1A1120034678-2_16384_6144.png,val/labels/GF6_WFV_E131.2_N35.8_20200910_L1A1120034678-2_16384_6144.txt,512,512,0,0,0.0400390625,0.650390625,0.060546875,0.05078125,1.25,31,26,38.75,32.5,32.5,38.75,1259.375,1.19230769231
val,val/images/GF6_WFV_E131.2_N35.8_20200910_L1A1120034678-2_16896_11776.png,val/labels/GF6_WFV_E131.2_N35.8_20200910_L1A1120034678-2_16896_11776.txt,512,512,0,0,0.933020477816,0.20518134715,0.0196245733788,0.0290155440415,1.25,10.04778157,14.8559585492,12.5597269625,18.5699481865,12.5597269625,18.5699481865,233.23347893,1.47853120072
val,val/images/GF6_WFV_E131.2_N35.8_20200910_L1A1120034678-2_16896_8192.png,val/labels/GF6_WFV_E131.2_N35.8_20200910_L1A1120034678-2_16896_8192.txt,512,512,0,0,0.3095703125,0.8134765625,0.060546875,0.052734375,1.25,31,27,38.75,33.75,33.75,38.75,1307.8125,1.14814814815
val,val/images/GF6_WFV_E131.2_N35.8_20200910_L1A1120034678-2_17408_10752.png,val/labels/GF6_WFV_E131.2_N35.8_20200910_L1A1120034678-2_17408_10752.txt,512,512,0,0,0.171875,0.0146484375,0.05859375,0.029296875,1.25,30,15,37.5,18.75,18.75,37.5,703.125,2
val,val/images/GF6_WFV_E131.2_N35.8_20200910_L1A1120034678-2_18432_11264.png,val/labels/GF6_WFV_E131.2_N35.8_20200910_L1A1120034678-2_18432_11264.txt,512,512,0,0,0.142064846416,0.627461139896,0.0298634812287,0.0424870466321,1.25,15.2901023891,21.7533678756,19.1126279863,27.1917098446,19.1126279863,27.1917098446,519.705034572,1.42270910437
val,val/images/GF6_WFV_E131.2_N35.8_20200910_L1A1120034678-2_2048_1536.png,val/labels/GF6_WFV_E131.2_N35.8_20200910_L1A1120034678-2_2048_1536.txt,512,512,0,0,0.82252559727,0.0751295336788,0.0341296928328,0.0300518134715,1.25,17.4744027304,15.3865284974,21.843003413,19.2331606218,19.2331606218,21.843003413,420.109993103,1.13569495116
val,val/images/GF6_WFV_E131.2_N35.8_20200910_L1A1120034678-2_22928_6656.png,val/labels/GF6_WFV_E131.2_N35.8_20200910_L1A1120034678-2_22928_6656.txt,512,512,0,0,0.901023890785,0.0689119170984,0.0409556313993,0.0383419689119,1.25,20.9692832765,19.6310880829,26.2116040956,24.5388601036,24.5388601036,26.2116040956,643.202885993,1.06816714325
val,val/images/GF6_WFV_E131.2_N35.8_20200910_L1A1120034678-2_22928_6656.png,val/labels/GF6_WFV_E131.2_N35.8_20200910_L1A1120034678-2_22928_6656.txt,512,512,0,1,0.834897610922,0.0772020725389,0.0418088737201,0.0362694300518,1.25,21.4061433447,18.5699481865,26.7576791809,23.2124352332,23.2124352332,26.7576791809,621.110894976,1.15273037543
val,val/images/GF6_WFV_E131.2_N35.8_20200910_L1A1120034678-2_4608_1536.png,val/labels/GF6_WFV_E131.2_N35.8_20200910_L1A1120034678-2_4608_1536.txt,512,512,0,0,0.259385665529,0.0502590673575,0.0290102389078,0.0466321243523,1.25,14.8532423208,23.8756476684,18.566552901,29.8445595855,18.566552901,29.8445595855,554.110594352,1.60743675709
val,val/images/GF6_WFV_E131.2_N35.8_20200910_L1A1120034678-2_4608_2048.png,val/labels/GF6_WFV_E131.2_N35.8_20200910_L1A1120034678-2_4608_2048.txt,512,512,0,0,0.1435546875,0.9716796875,0.072265625,0.056640625,1.25,37,29,46.25,36.25,36.25,46.25,1676.5625,1.27586206897
val,val/images/GF6_WFV_E131.2_N35.8_20200910_L1A1120034678-2_4608_2048.png,val/labels/GF6_WFV_E131.2_N35.8_20200910_L1A1120034678-2_4608_2048.txt,512,512,0,1,0.293941979522,0.980829015544,0.0230375426621,0.0321243523316,1.25,11.795221843,16.4476683938,14.7440273038,20.5595854922,14.7440273038,20.5595854922,303.131089851,1.39443484936
val,val/images/GF6_WFV_E131.2_N35.8_20200910_L1A1120034678-2_512_512.png,val/labels/GF6_WFV_E131.2_N35.8_20200910_L1A1120034678-2_512_512.txt,512,512,0,0,0.2704778157,0.516580310881,0.0204778156997,0.0259067357513,1.25,10.4846416382,13.2642487047,13.1058020478,16.5803108808,13.1058020478,16.5803108808,217.298272295,1.26511226252
val,val/images/GF6_WFV_E131.2_N35.8_20200910_L1A1120034678-2_5632_0.png,val/labels/GF6_WFV_E131.2_N35.8_20200910_L1A1120034678-2_5632_0.txt,512,512,0,0,0.288822525597,0.450259067358,0.0418088737201,0.0549222797927,1.25,21.4061433447,28.1202072539,26.7576791809,35.1502590674,26.7576791809,35.1502590674,940.539355249,1.31365126361
val,val/images/GF6_WFV_E131.2_N35.8_20200910_L1A1120034678-3_1024_15360.png,val/labels/GF6_WFV_E131.2_N35.8_20200910_L1A1120034678-3_1024_15360.txt,512,512,0,0,0.13671875,0.63671875,0.05859375,0.03125,1.25,30,16,37.5,20,20,37.5,750,1.875
val,val/images/GF6_WFV_E131.2_N35.8_20200910_L1A1120034678-3_1024_15360.png,val/labels/GF6_WFV_E131.2_N35.8_20200910_L1A1120034678-3_1024_15360.txt,512,512,0,1,0.77734375,0.6640625,0.0546875,0.0390625,1.25,28,20,35,25,25,35,875,1.4
val,val/images/GF6_WFV_E131.2_N35.8_20200910_L1A1120034678-3_1024_15360.png,val/labels/GF6_WFV_E131.2_N35.8_20200910_L1A1120034678-3_1024_15360.txt,512,512,0,2,0.818359375,0.8271484375,0.0625,0.033203125,1.25,32,17,40,21.25,21.25,40,850,1.88235294118
val,val/images/GF6_WFV_E131.2_N35.8_20200910_L1A1120034678-3_1024_16384.png,val/labels/GF6_WFV_E131.2_N35.8_20200910_L1A1120034678-3_1024_16384.txt,512,512,0,0,0.89453125,0.953125,0.05078125,0.0390625,1.25,26,20,32.5,25,25,32.5,812.5,1.3
val,val/images/GF6_WFV_E131.2_N35.8_20200910_L1A1120034678-3_1024_16896.png,val/labels/GF6_WFV_E131.2_N35.8_20200910_L1A1120034678-3_1024_16896.txt,512,512,0,0,0.523464163823,0.455958549223,0.0315699658703,0.039378238342,1.25,16.1638225256,20.1616580311,20.204778157,25.2020725389,20.204778157,25.2020725389,509.202284744,1.2473323064
val,val/images/GF6_WFV_E131.2_N35.8_20200910_L1A1120034678-3_1024_16896.png,val/labels/GF6_WFV_E131.2_N35.8_20200910_L1A1120034678-3_1024_16896.txt,512,512,0,1,0.422781569966,0.59585492228,0.0332764505119,0.039378238342,1.25,17.0375426621,20.1616580311,21.2969283276,25.2020725389,21.2969283276,25.2020725389,536.726732568,1.1833665471
val,val/images/GF6_WFV_E131.2_N35.8_20200910_L1A1120034678-3_1024_16896.png,val/labels/GF6_WFV_E131.2_N35.8_20200910_L1A1120034678-3_1024_16896.txt,512,512,0,2,0.860921501706,0.613471502591,0.0358361774744,0.0352331606218,1.25,18.3481228669,18.0393782383,22.9351535836,22.5492227979,22.5492227979,22.9351535836,517.169888062,1.01711503714
val,val/images/GF6_WFV_E131.2_N35.8_20200910_L1A1120034678-3_1024_16896.png,val/labels/GF6_WFV_E131.2_N35.8_20200910_L1A1120034678-3_1024_16896.txt,512,512,0,3,0.779010238908,0.0787564766839,0.0341296928328,0.039378238342,1.25,17.4744027304,20.1616580311,21.843003413,25.2020725389,21.843003413,25.2020725389,550.48895648,1.15378238342
val,val/images/GF6_WFV_E131.2_N35.8_20200910_L1A1120034678-3_1536_16384.png,val/labels/GF6_WFV_E131.2_N35.8_20200910_L1A1120034678-3_1536_16384.txt,512,512,0,0,0.4814453125,0.080078125,0.044921875,0.05078125,1.25,23,26,28.75,32.5,28.75,32.5,934.375,1.13043478261
val,val/images/GF6_WFV_E131.2_N35.8_20200910_L1A1120034678-3_1536_16384.png,val/labels/GF6_WFV_E131.2_N35.8_20200910_L1A1120034678-3_1536_16384.txt,512,512,0,1,0.021484375,0.654296875,0.04296875,0.03515625,1.25,22,18,27.5,22.5,22.5,27.5,618.75,1.22222222222
val,val/images/GF6_WFV_E131.2_N35.8_20200910_L1A1120034678-3_1536_16384.png,val/labels/GF6_WFV_E131.2_N35.8_20200910_L1A1120034678-3_1536_16384.txt,512,512,0,2,0.1796875,0.6025390625,0.046875,0.033203125,1.25,24,17,30,21.25,21.25,30,637.5,1.41176470588
val,val/images/GF6_WFV_E131.2_N35.8_20200910_L1A1120034678-3_1536_16384.png,val/labels/GF6_WFV_E131.2_N35.8_20200910_L1A1120034678-3_1536_16384.txt,512,512,0,3,0.705078125,0.123046875,0.046875,0.03125,1.25,24,16,30,20,20,30,600,1.5
val,val/images/GF6_WFV_E131.2_N35.8_20200910_L1A1120034678-3_1536_17285.png,val/labels/GF6_WFV_E131.2_N35.8_20200910_L1A1120034678-3_1536_17285.txt,512,512,0,0,0.122440273038,0.425906735751,0.028156996587,0.0310880829016,1.25,14.4163822526,15.9170984456,18.0204778157,19.896373057,18.0204778157,19.896373057,358.542149286,1.10409797456
val,val/images/GF6_WFV_E131.2_N35.8_20200910_L1A1120034678-3_1536_17285.png,val/labels/GF6_WFV_E131.2_N35.8_20200910_L1A1120034678-3_1536_17285.txt,512,512,0,1,0.642064846416,0.247150259067,0.0230375426621,0.0279792746114,1.25,11.795221843,14.325388601,14.7440273038,17.9067357513,14.7440273038,17.9067357513,264.017400838,1.21450777202
val,val/images/GF6_WFV_E131.2_N35.8_20200910_L1A1120034678-3_2560_15360.png,val/labels/GF6_WFV_E131.2_N35.8_20200910_L1A1120034678-3_2560_15360.txt,512,512,0,0,0.8505859375,0.4111328125,0.064453125,0.044921875,1.25,33,23,41.25,28.75,28.75,41.25,1185.9375,1.4347826087
val,val/images/GF6_WFV_E131.2_N35.8_20200910_L1A1120034678-3_2560_15360.png,val/labels/GF6_WFV_E131.2_N35.8_20200910_L1A1120034678-3_2560_15360.txt,512,512,0,1,0.390625,0.96484375,0.0546875,0.02734375,1.25,28,14,35,17.5,17.5,35,612.5,2
val,val/images/GF6_WFV_E131.2_N35.8_20200910_L1A1120034678-3_3584_4608.png,val/labels/GF6_WFV_E131.2_N35.8_20200910_L1A1120034678-3_3584_4608.txt,512,512,0,0,0.392064846416,0.333678756477,0.0315699658703,0.0310880829016,1.25,16.1638225256,15.9170984456,20.204778157,19.896373057,19.896373057,20.204778157,402.001803745,1.01550056883
val,val/images/GF6_WFV_E131.2_N35.8_20200910_L1A1120034678-3_4608_3072.png,val/labels/GF6_WFV_E131.2_N35.8_20200910_L1A1120034678-3_4608_3072.txt,512,512,0,0,0.60366894198,0.443005181347,0.0349829351536,0.0341968911917,1.25,17.9112627986,17.5088082902,22.3890784983,21.8860103627,21.8860103627,22.3890784983,490.007604025,1.02298583101
val,val/images/GF6_WFV_E131.2_N35.8_20200910_L1A1120034678-3_512_15872.png,val/labels/GF6_WFV_E131.2_N35.8_20200910_L1A1120034678-3_512_15872.txt,512,512,0,0,0.307167235495,0.365284974093,0.0255972696246,0.0238341968912,1.25,13.1058020478,12.2031088083,16.3822525597,15.2538860104,15.2538860104,16.3822525597,249.893013139,1.07397239947
val,val/images/GF6_WFV_E131.4_N22.4_20200530_L1A1120002374-2_20992_16896.png,val/labels/GF6_WFV_E131.4_N22.4_20200530_L1A1120002374-2_20992_16896.txt,512,512,0,0,0.9228515625,0.830078125,0.064453125,0.046875,1.25,33,24,41.25,30,30,41.25,1237.5,1.375
val,val/images/GF6_WFV_E131.4_N22.4_20200530_L1A1120002374-3_9216_15360.png,val/labels/GF6_WFV_E131.4_N22.4_20200530_L1A1120002374-3_9216_15360.txt,512,512,0,0,0.970703125,0.66015625,0.05859375,0.05859375,1.25,30,30,37.5,37.5,37.5,37.5,1406.25,1
val,val/images/GF6_WFV_E131.6_N24.9_20190302_L1A1119852281-1_2048_1536.png,val/labels/GF6_WFV_E131.6_N24.9_20190302_L1A1119852281-1_2048_1536.txt,512,512,0,0,0.255859375,0.2919921875,0.03515625,0.041015625,1.25,18,21,22.5,26.25,22.5,26.25,590.625,1.16666666667
val,val/images/GF6_WFV_E131.6_N24.9_20190302_L1A1119852281-2_12288_4096.png,val/labels/GF6_WFV_E131.6_N24.9_20190302_L1A1119852281-2_12288_4096.txt,512,512,0,0,0.3212890625,0.318359375,0.052734375,0.05859375,1.25,27,30,33.75,37.5,33.75,37.5,1265.625,1.11111111111
val,val/images/GF6_WFV_E131.6_N24.9_20190302_L1A1119852281-2_3584_12800.png,val/labels/GF6_WFV_E131.6_N24.9_20190302_L1A1119852281-2_3584_12800.txt,512,512,0,0,0.1962890625,0.2822265625,0.037109375,0.048828125,1.25,19,25,23.75,31.25,23.75,31.25,742.1875,1.31578947368
val,val/images/GF6_WFV_E131.6_N24.9_20190302_L1A1119852281-2_512_14848.png,val/labels/GF6_WFV_E131.6_N24.9_20190302_L1A1119852281-2_512_14848.txt,512,512,0,0,0.369140625,0.9716796875,0.0625,0.048828125,1.25,32,25,40,31.25,31.25,40,1250,1.28
val,val/images/GF6_WFV_E131.8_N31.4_20200918_L1A1120036753-2_12800_17285.png,val/labels/GF6_WFV_E131.8_N31.4_20200918_L1A1120036753-2_12800_17285.txt,512,512,0,0,0.974609375,0.4501953125,0.05078125,0.060546875,1.25,26,31,32.5,38.75,32.5,38.75,1259.375,1.19230769231
val,val/images/GF6_WFV_E131.8_N31.4_20200918_L1A1120036753-2_20992_14848.png,val/labels/GF6_WFV_E131.8_N31.4_20200918_L1A1120036753-2_20992_14848.txt,512,512,0,0,0.59375,0.9091796875,0.0390625,0.037109375,1.25,20,19,25,23.75,23.75,25,593.75,1.05263157895
val,val/images/GF6_WFV_E131.8_N31.4_20200918_L1A1120036753-2_22016_512.png,val/labels/GF6_WFV_E131.8_N31.4_20200918_L1A1120036753-2_22016_512.txt,512,512,0,0,0.119140625,0.4140625,0.04296875,0.046875,1.25,22,24,27.5,30,27.5,30,825,1.09090909091
val,val/images/GF6_WFV_E131.8_N31.4_20200918_L1A1120036753-2_23440_9216.png,val/labels/GF6_WFV_E131.8_N31.4_20200918_L1A1120036753-2_23440_9216.txt,512,512,0,0,0.741040955631,0.039896373057,0.0247440273038,0.0424870466321,1.25,12.6689419795,21.7533678756,15.8361774744,27.1917098446,15.8361774744,27.1917098446,430.612742931,1.71706271217
val,val/images/GF6_WFV_E131.8_N31.4_20200918_L1A1120036753-2_5120_12288.png,val/labels/GF6_WFV_E131.8_N31.4_20200918_L1A1120036753-2_5120_12288.txt,512,512,0,0,0.69140625,0.8447265625,0.0546875,0.041015625,1.25,28,21,35,26.25,26.25,35,918.75,1.33333333333
val,val/images/GF6_WFV_E131.8_N31.4_20200918_L1A1120036753-2_5120_12288.png,val/labels/GF6_WFV_E131.8_N31.4_20200918_L1A1120036753-2_5120_12288.txt,512,512,0,1,0.9716796875,0.7490234375,0.041015625,0.033203125,1.25,21,17,26.25,21.25,21.25,26.25,557.8125,1.23529411765
val,val/images/GF6_WFV_E131.8_N31.4_20200918_L1A1120036753-2_5120_12800.png,val/labels/GF6_WFV_E131.8_N31.4_20200918_L1A1120036753-2_5120_12800.txt,512,512,0,0,0.748046875,0.572265625,0.05859375,0.04296875,1.25,30,22,37.5,27.5,27.5,37.5,1031.25,1.36363636364
val,val/images/GF6_WFV_E131.8_N31.4_20200918_L1A1120036753-2_5120_12800.png,val/labels/GF6_WFV_E131.8_N31.4_20200918_L1A1120036753-2_5120_12800.txt,512,512,0,1,0.2490234375,0.7919921875,0.044921875,0.033203125,1.25,23,17,28.75,21.25,21.25,28.75,610.9375,1.35294117647
val,val/images/GF6_WFV_E131.8_N38.0_20200910_L1A1120034675-1_0_16896.png,val/labels/GF6_WFV_E131.8_N38.0_20200910_L1A1120034675-1_0_16896.txt,512,512,0,0,0.6162109375,0.658203125,0.033203125,0.0390625,1.25,17,20,21.25,25,21.25,25,531.25,1.17647058824
val,val/images/GF6_WFV_E131.8_N38.0_20200910_L1A1120034675-1_0_16896.png,val/labels/GF6_WFV_E131.8_N38.0_20200910_L1A1120034675-1_0_16896.txt,512,512,0,1,0.6240234375,0.76953125,0.044921875,0.046875,1.25,23,24,28.75,30,28.75,30,862.5,1.04347826087
val,val/images/GF6_WFV_E131.8_N38.0_20200910_L1A1120034675-1_12928_15360.png,val/labels/GF6_WFV_E131.8_N38.0_20200910_L1A1120034675-1_12928_15360.txt,512,512,0,0,0.7373046875,0.451171875,0.029296875,0.03125,1.25,15,16,18.75,20,18.75,20,375,1.06666666667
val,val/images/GF6_WFV_E131.8_N38.0_20200910_L1A1120034675-1_13440_13824.png,val/labels/GF6_WFV_E131.8_N38.0_20200910_L1A1120034675-1_13440_13824.txt,512,512,0,0,0.3203125,0.9853515625,0.0625,0.025390625,1.25,32,13,40,16.25,16.25,40,650,2.46153846154
val,val/images/GF6_WFV_E131.8_N38.0_20200910_L1A1120034675-1_512_17285.png,val/labels/GF6_WFV_E131.8_N38.0_20200910_L1A1120034675-1_512_17285.txt,512,512,0,0,0.769624573379,0.112435233161,0.0392491467577,0.0238341968912,1.25,20.0955631399,12.2031088083,25.1194539249,15.2538860104,15.2538860104,25.1194539249,383.169286813,1.64675767918
val,val/images/GF6_WFV_E131.8_N38.0_20200910_L1A1120034675-1_512_17285.png,val/labels/GF6_WFV_E131.8_N38.0_20200910_L1A1120034675-1_512_17285.txt,512,512,0,1,0.83361774744,0.10621761658,0.042662116041,0.0176165803109,1.25,21.843003413,9.01968911917,27.3037542662,11.274611399,11.274611399,27.3037542662,307.839219084,2.42170246938
val,val/images/GF6_WFV_E131.8_N38.0_20200910_L1A1120034675-1_512_17285.png,val/labels/GF6_WFV_E131.8_N38.0_20200910_L1A1120034675-1_512_17285.txt,512,512,0,2,0.716296928328,0.20414507772,0.0298634812287,0.0248704663212,1.25,15.2901023891,12.7336787565,19.1126279863,15.9170984456,15.9170984456,19.1126279863,304.217581213,1.20076080774
val,val/images/GF6_WFV_E131.8_N38.0_20200910_L1A1120034675-1_512_17285.png,val/labels/GF6_WFV_E131.8_N38.0_20200910_L1A1120034675-1_512_17285.txt,512,512,0,3,0.587030716724,0.264766839378,0.0307167235495,0.0259067357513,1.25,15.7269624573,13.2642487047,19.6587030717,16.5803108808,16.5803108808,19.6587030717,325.947408442,1.18566552901
val,val/images/GF6_WFV_E131.8_N38.0_20200910_L1A1120034675-2_1024_4608.png,val/labels/GF6_WFV_E131.8_N38.0_20200910_L1A1120034675-2_1024_4608.txt,512,512,0,0,0.595703125,0.9794921875,0.03515625,0.033203125,1.25,18,17,22.5,21.25,21.25,22.5,478.125,1.05882352941
val,val/images/GF6_WFV_E131.8_N38.0_20200910_L1A1120034675-2_13312_4608.png,val/labels/GF6_WFV_E131.8_N38.0_20200910_L1A1120034675-2_13312_4608.txt,512,512,0,0,0.0205078125,0.2724609375,0.041015625,0.033203125,1.25,21,17,26.25,21.25,21.25,26.25,557.8125,1.23529411765
val,val/images/GF6_WFV_E131.8_N38.0_20200910_L1A1120034675-2_14848_15360.png,val/labels/GF6_WFV_E131.8_N38.0_20200910_L1A1120034675-2_14848_15360.txt,512,512,0,0,0.0439453125,0.35546875,0.037109375,0.03515625,1.25,19,18,23.75,22.5,22.5,23.75,534.375,1.05555555556
val,val/images/GF6_WFV_E131.8_N38.0_20200910_L1A1120034675-2_16896_15872.png,val/labels/GF6_WFV_E131.8_N38.0_20200910_L1A1120034675-2_16896_15872.txt,512,512,0,0,0.578924914676,0.0834196891192,0.0418088737201,0.0507772020725,1.25,21.4061433447,25.9979274611,26.7576791809,32.4974093264,26.7576791809,32.4974093264,869.555252966,1.21450777202
val,val/images/GF6_WFV_E131.8_N38.0_20200910_L1A1120034675-2_18432_14848.png,val/labels/GF6_WFV_E131.8_N38.0_20200910_L1A1120034675-2_18432_14848.txt,512,512,0,0,0.1748046875,0.572265625,0.048828125,0.04296875,1.25,25,22,31.25,27.5,27.5,31.25,859.375,1.13636363636
val,val/images/GF6_WFV_E131.8_N38.0_20200910_L1A1120034675-2_20480_3072.png,val/labels/GF6_WFV_E131.8_N38.0_20200910_L1A1120034675-2_20480_3072.txt,512,512,0,0,0.9345703125,0.298828125,0.052734375,0.046875,1.25,27,24,33.75,30,30,33.75,1012.5,1.125
val,val/images/GF6_WFV_E131.8_N38.0_20200910_L1A1120034675-2_2048_14848.png,val/labels/GF6_WFV_E131.8_N38.0_20200910_L1A1120034675-2_2048_14848.txt,512,512,0,0,0.935546875,0.8974609375,0.03125,0.029296875,1.25,16,15,20,18.75,18.75,20,375,1.06666666667
val,val/images/GF6_WFV_E131.8_N38.0_20200910_L1A1120034675-2_23440_13312.png,val/labels/GF6_WFV_E131.8_N38.0_20200910_L1A1120034675-2_23440_13312.txt,512,512,0,0,0.44140625,0.9462890625,0.046875,0.041015625,1.25,24,21,30,26.25,26.25,30,787.5,1.14285714286
val,val/images/GF6_WFV_E131.8_N38.0_20200910_L1A1120034675-2_4608_16773.png,val/labels/GF6_WFV_E131.8_N38.0_20200910_L1A1120034675-2_4608_16773.txt,512,512,0,0,0.921875,0.8896484375,0.0390625,0.048828125,1.25,20,25,25,31.25,25,31.25,781.25,1.25
val,val/images/GF6_WFV_E131.8_N38.0_20200910_L1A1120034675-2_512_16896.png,val/labels/GF6_WFV_E131.8_N38.0_20200910_L1A1120034675-2_512_16896.txt,512,512,0,0,0.2666015625,0.9736328125,0.025390625,0.025390625,1.25,13,13,16.25,16.25,16.25,16.25,264.0625,1
val,val/images/GF6_WFV_E131.9_N22.4_20190604_L1A1119887740-2_17408_2560.png,val/labels/GF6_WFV_E131.9_N22.4_20190604_L1A1119887740-2_17408_2560.txt,512,512,0,0,0.3974609375,0.48828125,0.037109375,0.046875,1.25,19,24,23.75,30,23.75,30,712.5,1.26315789474
val,val/images/GF6_WFV_E131.9_N22.4_20190604_L1A1119887740-3_8192_9728.png,val/labels/GF6_WFV_E131.9_N22.4_20190604_L1A1119887740-3_8192_9728.txt,512,512,0,0,0.982421875,0.810546875,0.03515625,0.05078125,1.25,18,26,22.5,32.5,22.5,32.5,731.25,1.44444444444
val,val/images/GF6_WFV_E131.9_N26.9_20190523_L1A1119882283-1_1536_16896.png,val/labels/GF6_WFV_E131.9_N26.9_20190523_L1A1119882283-1_1536_16896.txt,512,512,0,0,0.548634812287,0.709844559585,0.0324232081911,0.0290155440415,1.25,16.6006825939,14.8559585492,20.7508532423,18.5699481865,18.5699481865,20.7508532423,385.342269536,1.11744271087
val,val/images/GF6_WFV_E131.9_N26.9_20190523_L1A1119882283-1_2560_16777.png,val/labels/GF6_WFV_E131.9_N26.9_20190523_L1A1119882283-1_2560_16777.txt,512,512,0,0,0.373046875,0.5390625,0.046875,0.0390625,1.25,24,20,30,25,25,30,750,1.2
val,val/images/GF6_WFV_E131.9_N26.9_20190523_L1A1119882283-1_5632_7168.png,val/labels/GF6_WFV_E131.9_N26.9_20190523_L1A1119882283-1_5632_7168.txt,512,512,0,0,0.650390625,0.8857421875,0.03515625,0.041015625,1.25,18,21,22.5,26.25,22.5,26.25,590.625,1.16666666667
val,val/images/GF6_WFV_E131.9_N26.9_20190523_L1A1119882283-1_8704_0.png,val/labels/GF6_WFV_E131.9_N26.9_20190523_L1A1119882283-1_8704_0.txt,512,512,0,0,0.04296875,0.2646484375,0.04296875,0.052734375,1.25,22,27,27.5,33.75,27.5,33.75,928.125,1.22727272727
val,val/images/GF6_WFV_E131.9_N26.9_20190523_L1A1119882283-1_9728_11776.png,val/labels/GF6_WFV_E131.9_N26.9_20190523_L1A1119882283-1_9728_11776.txt,512,512,0,0,0.0869140625,0.7509765625,0.052734375,0.056640625,1.25,27,29,33.75,36.25,33.75,36.25,1223.4375,1.07407407407
val,val/images/GF6_WFV_E131.9_N26.9_20190523_L1A1119882283-2_1536_10240.png,val/labels/GF6_WFV_E131.9_N26.9_20190523_L1A1119882283-2_1536_10240.txt,512,512,0,0,0.1201171875,0.8115234375,0.044921875,0.052734375,1.25,23,27,28.75,33.75,28.75,33.75,970.3125,1.17391304348
val,val/images/GF6_WFV_E131.9_N26.9_20190523_L1A1119882283-2_2048_0.png,val/labels/GF6_WFV_E131.9_N26.9_20190523_L1A1119882283-2_2048_0.txt,512,512,0,0,0.7080078125,0.7880859375,0.044921875,0.044921875,1.25,23,23,28.75,28.75,28.75,28.75,826.5625,1
val,val/images/GF6_WFV_E131.9_N26.9_20190523_L1A1119882283-2_512_5632.png,val/labels/GF6_WFV_E131.9_N26.9_20190523_L1A1119882283-2_512_5632.txt,512,512,0,0,0.67578125,0.0400390625,0.04296875,0.048828125,1.25,22,25,27.5,31.25,27.5,31.25,859.375,1.13636363636
val,val/images/GF6_WFV_E132.0_N24.7_20200530_L1A1120002373-2_9216_16896.png,val/labels/GF6_WFV_E132.0_N24.7_20200530_L1A1120002373-2_9216_16896.txt,512,512,0,0,0.2392578125,0.3251953125,0.041015625,0.044921875,1.25,21,23,26.25,28.75,26.25,28.75,754.6875,1.09523809524
val,val/images/GF6_WFV_E132.0_N26.9_20190302_L1A1119852268-1_6656_17289.png,val/labels/GF6_WFV_E132.0_N26.9_20190302_L1A1119852268-1_6656_17289.txt,512,512,0,0,0.3984375,0.1123046875,0.046875,0.044921875,1.25,24,23,30,28.75,28.75,30,862.5,1.04347826087
val,val/images/GF6_WFV_E132.0_N26.9_20190703_L1A1119896315-2_20992_0.png,val/labels/GF6_WFV_E132.0_N26.9_20190703_L1A1119896315-2_20992_0.txt,512,512,0,0,0.122013651877,0.902590673575,0.0221843003413,0.0559585492228,1.25,11.3583617747,28.6507772021,14.1979522184,35.8134715026,14.1979522184,35.8134715026,508.47795717,2.52243921881
val,val/images/GF6_WFV_E132.0_N26.9_20190703_L1A1119896315-2_2560_1024.png,val/labels/GF6_WFV_E132.0_N26.9_20190703_L1A1119896315-2_2560_1024.txt,512,512,0,0,0.503839590444,0.943005181347,0.0401023890785,0.0476683937824,1.25,20.5324232082,24.4062176166,25.6655290102,30.5077720207,25.6655290102,30.5077720207,782.998107836,1.18866718113
val,val/images/GF6_WFV_E132.0_N26.9_20190703_L1A1119896315-3_11281_17408.png,val/labels/GF6_WFV_E132.0_N26.9_20190703_L1A1119896315-3_11281_17408.txt,512,512,0,0,0.908203125,0.8525390625,0.03515625,0.044921875,1.25,18,23,22.5,28.75,22.5,28.75,646.875,1.27777777778
val,val/images/GF6_WFV_E132.4_N24.7_20190604_L1A1119887742-2_1536_3072.png,val/labels/GF6_WFV_E132.4_N24.7_20190604_L1A1119887742-2_1536_3072.txt,512,512,0,0,0.43359375,0.1259765625,0.046875,0.048828125,1.25,24,25,30,31.25,30,31.25,937.5,1.04166666667
val,val/images/GF6_WFV_E132.4_N35.8_20200914_L1A1120035552-1_10240_13312.png,val/labels/GF6_WFV_E132.4_N35.8_20200914_L1A1120035552-1_10240_13312.txt,512,512,0,0,0.275390625,0.1796875,0.02734375,0.03515625,1.25,14,18,17.5,22.5,17.5,22.5,393.75,1.28571428571
val,val/images/GF6_WFV_E132.4_N35.8_20200914_L1A1120035552-1_10240_13824.png,val/labels/GF6_WFV_E132.4_N35.8_20200914_L1A1120035552-1_10240_13824.txt,512,512,0,0,0.205078125,0.91796875,0.05078125,0.0390625,1.25,26,20,32.5,25,25,32.5,812.5,1.3
val,val/images/GF6_WFV_E132.4_N35.8_20200914_L1A1120035552-1_10240_14848.png,val/labels/GF6_WFV_E132.4_N35.8_20200914_L1A1120035552-1_10240_14848.txt,512,512,0,0,0.7548828125,0.291015625,0.037109375,0.03125,1.25,19,16,23.75,20,20,23.75,475,1.1875
val,val/images/GF6_WFV_E132.4_N35.8_20200914_L1A1120035552-1_10240_14848.png,val/labels/GF6_WFV_E132.4_N35.8_20200914_L1A1120035552-1_10240_14848.txt,512,512,0,1,0.986328125,0.8037109375,0.02734375,0.029296875,1.25,14,15,17.5,18.75,17.5,18.75,328.125,1.07142857143
val,val/images/GF6_WFV_E132.4_N35.8_20200914_L1A1120035552-1_10240_2048.png,val/labels/GF6_WFV_E132.4_N35.8_20200914_L1A1120035552-1_10240_2048.txt,512,512,0,0,0.3447265625,0.564453125,0.033203125,0.03125,1.25,17,16,21.25,20,20,21.25,425,1.0625
val,val/images/GF6_WFV_E132.4_N35.8_20200914_L1A1120035552-1_10752_14336.png,val/labels/GF6_WFV_E132.4_N35.8_20200914_L1A1120035552-1_10752_14336.txt,512,512,0,0,0.9248046875,0.8427734375,0.041015625,0.044921875,1.25,21,23,26.25,28.75,26.25,28.75,754.6875,1.09523809524
val,val/images/GF6_WFV_E132.4_N35.8_20200914_L1A1120035552-1_10752_14336.png,val/labels/GF6_WFV_E132.4_N35.8_20200914_L1A1120035552-1_10752_14336.txt,512,512,0,1,0.9580078125,0.3759765625,0.052734375,0.029296875,1.25,27,15,33.75,18.75,18.75,33.75,632.8125,1.8
val,val/images/GF6_WFV_E132.4_N35.8_20200914_L1A1120035552-1_10752_14336.png,val/labels/GF6_WFV_E132.4_N35.8_20200914_L1A1120035552-1_10752_14336.txt,512,512,0,2,0.1943359375,0.04296875,0.041015625,0.0234375,1.25,21,12,26.25,15,15,26.25,393.75,1.75
val,val/images/GF6_WFV_E132.4_N35.8_20200914_L1A1120035552-1_10752_14336.png,val/labels/GF6_WFV_E132.4_N35.8_20200914_L1A1120035552-1_10752_14336.txt,512,512,0,3,0.0888671875,0.84765625,0.029296875,0.046875,1.25,15,24,18.75,30,18.75,30,562.5,1.6
val,val/images/GF6_WFV_E132.4_N35.8_20200914_L1A1120035552-1_10752_2048.png,val/labels/GF6_WFV_E132.4_N35.8_20200914_L1A1120035552-1_10752_2048.txt,512,512,0,0,0.501953125,0.814453125,0.03515625,0.0390625,1.25,18,20,22.5,25,22.5,25,562.5,1.11111111111
val,val/images/GF6_WFV_E132.4_N35.8_20200914_L1A1120035552-1_10752_2048.png,val/labels/GF6_WFV_E132.4_N35.8_20200914_L1A1120035552-1_10752_2048.txt,512,512,0,1,0.9345703125,0.4326171875,0.037109375,0.037109375,1.25,19,19,23.75,23.75,23.75,23.75,564.0625,1
val,val/images/GF6_WFV_E132.4_N35.8_20200914_L1A1120035552-1_11264_13824.png,val/labels/GF6_WFV_E132.4_N35.8_20200914_L1A1120035552-1_11264_13824.txt,512,512,0,0,0.1943359375,0.5693359375,0.044921875,0.029296875,1.25,23,15,28.75,18.75,18.75,28.75,539.0625,1.53333333333
val,val/images/GF6_WFV_E132.4_N35.8_20200914_L1A1120035552-1_11264_15872.png,val/labels/GF6_WFV_E132.4_N35.8_20200914_L1A1120035552-1_11264_15872.txt,512,512,0,0,0.5,0.255859375,0.02734375,0.02734375,1.25,14,14,17.5,17.5,17.5,17.5,306.25,1
val,val/images/GF6_WFV_E132.4_N35.8_20200914_L1A1120035552-1_11264_15872.png,val/labels/GF6_WFV_E132.4_N35.8_20200914_L1A1120035552-1_11264_15872.txt,512,512,0,1,0.48828125,0.2900390625,0.03515625,0.029296875,1.25,18,15,22.5,18.75,18.75,22.5,421.875,1.2
val,val/images/GF6_WFV_E132.4_N35.8_20200914_L1A1120035552-1_11264_15872.png,val/labels/GF6_WFV_E132.4_N35.8_20200914_L1A1120035552-1_11264_15872.txt,512,512,0,2,0.5986328125,0.873046875,0.041015625,0.0546875,1.25,21,28,26.25,35,26.25,35,918.75,1.33333333333
val,val/images/GF6_WFV_E132.4_N35.8_20200914_L1A1120035552-1_11264_16384.png,val/labels/GF6_WFV_E132.4_N35.8_20200914_L1A1120035552-1_11264_16384.txt,512,512,0,0,0.744140625,0.2587890625,0.06640625,0.056640625,1.25,34,29,42.5,36.25,36.25,42.5,1540.625,1.1724137931
val,val/images/GF6_WFV_E132.4_N35.8_20200914_L1A1120035552-1_11264_7168.png,val/labels/GF6_WFV_E132.4_N35.8_20200914_L1A1120035552-1_11264_7168.txt,512,512,0,0,0.3916015625,0.0224609375,0.037109375,0.041015625,1.25,19,21,23.75,26.25,23.75,26.25,623.4375,1.10526315789
val,val/images/GF6_WFV_E132.4_N35.8_20200914_L1A1120035552-1_11776_13312.png,val/labels/GF6_WFV_E132.4_N35.8_20200914_L1A1120035552-1_11776_13312.txt,512,512,0,0,0.21484375,0.3115234375,0.046875,0.037109375,1.25,24,19,30,23.75,23.75,30,712.5,1.26315789474
val,val/images/GF6_WFV_E132.4_N35.8_20200914_L1A1120035552-1_11904_13824.png,val/labels/GF6_WFV_E132.4_N35.8_20200914_L1A1120035552-1_11904_13824.txt,512,512,0,0,0.357421875,0.03515625,0.05859375,0.05078125,1.25,30,26,37.5,32.5,32.5,37.5,1218.75,1.15384615385
val,val/images/GF6_WFV_E132.4_N35.8_20200914_L1A1120035552-1_12416_11776.png,val/labels/GF6_WFV_E132.4_N35.8_20200914_L1A1120035552-1_12416_11776.txt,512,512,0,0,0.3564453125,0.8466796875,0.033203125,0.044921875,1.25,17,23,21.25,28.75,21.25,28.75,610.9375,1.35294117647
val,val/images/GF6_WFV_E132.4_N35.8_20200914_L1A1120035552-1_12416_15360.png,val/labels/GF6_WFV_E132.4_N35.8_20200914_L1A1120035552-1_12416_15360.txt,512,512,0,0,0.349609375,0.208984375,0.0390625,0.0625,1.25,20,32,25,40,25,40,1000,1.6
val,val/images/GF6_WFV_E132.4_N35.8_20200914_L1A1120035552-1_6656_17285.png,val/labels/GF6_WFV_E132.4_N35.8_20200914_L1A1120035552-1_6656_17285.txt,512,512,0,0,0.0244140625,0.7373046875,0.033203125,0.029296875,1.25,17,15,21.25,18.75,18.75,21.25,398.4375,1.13333333333
val,val/images/GF6_WFV_E132.4_N35.8_20200914_L1A1120035552-1_6656_17285.png,val/labels/GF6_WFV_E132.4_N35.8_20200914_L1A1120035552-1_6656_17285.txt,512,512,0,1,0.0703125,0.9892578125,0.02734375,0.017578125,1.25,14,9,17.5,11.25,11.25,17.5,196.875,1.55555555556
val,val/images/GF6_WFV_E132.4_N35.8_20200914_L1A1120035552-1_6656_17285.png,val/labels/GF6_WFV_E132.4_N35.8_20200914_L1A1120035552-1_6656_17285.txt,512,512,0,2,0.576171875,0.7734375,0.03515625,0.03125,1.25,18,16,22.5,20,20,22.5,450,1.125
val,val/images/GF6_WFV_E132.4_N35.8_20200914_L1A1120035552-1_6656_17285.png,val/labels/GF6_WFV_E132.4_N35.8_20200914_L1A1120035552-1_6656_17285.txt,512,512,0,3,0.6943359375,0.712890625,0.033203125,0.0234375,1.25,17,12,21.25,15,15,21.25,318.75,1.41666666667
val,val/images/GF6_WFV_E132.4_N35.8_20200914_L1A1120035552-1_6656_17285.png,val/labels/GF6_WFV_E132.4_N35.8_20200914_L1A1120035552-1_6656_17285.txt,512,512,0,4,0.7236328125,0.5732421875,0.037109375,0.037109375,1.25,19,19,23.75,23.75,23.75,23.75,564.0625,1
val,val/images/GF6_WFV_E132.4_N35.8_20200914_L1A1120035552-1_6656_17285.png,val/labels/GF6_WFV_E132.4_N35.8_20200914_L1A1120035552-1_6656_17285.txt,512,512,0,5,0.8349609375,0.5400390625,0.033203125,0.029296875,1.25,17,15,21.25,18.75,18.75,21.25,398.4375,1.13333333333
val,val/images/GF6_WFV_E132.4_N35.8_20200914_L1A1120035552-1_6656_17285.png,val/labels/GF6_WFV_E132.4_N35.8_20200914_L1A1120035552-1_6656_17285.txt,512,512,0,6,0.951171875,0.498046875,0.0390625,0.03515625,1.25,20,18,25,22.5,22.5,25,562.5,1.11111111111
val,val/images/GF6_WFV_E132.4_N35.8_20200914_L1A1120035552-1_6656_17285.png,val/labels/GF6_WFV_E132.4_N35.8_20200914_L1A1120035552-1_6656_17285.txt,512,512,0,7,0.6689453125,0.978515625,0.025390625,0.02734375,1.25,13,14,16.25,17.5,16.25,17.5,284.375,1.07692307692
val,val/images/GF6_WFV_E132.4_N35.8_20200914_L1A1120035552-1_8192_4096.png,val/labels/GF6_WFV_E132.4_N35.8_20200914_L1A1120035552-1_8192_4096.txt,512,512,0,0,0.0302734375,0.615234375,0.025390625,0.03125,1.25,13,16,16.25,20,16.25,20,325,1.23076923077
val,val/images/GF6_WFV_E132.4_N35.8_20200914_L1A1120035552-1_8192_5632.png,val/labels/GF6_WFV_E132.4_N35.8_20200914_L1A1120035552-1_8192_5632.txt,512,512,0,0,0.490234375,0.5537109375,0.03125,0.037109375,1.25,16,19,20,23.75,20,23.75,475,1.1875
val,val/images/GF6_WFV_E132.4_N35.8_20200914_L1A1120035552-1_8704_13312.png,val/labels/GF6_WFV_E132.4_N35.8_20200914_L1A1120035552-1_8704_13312.txt,512,512,0,0,0.9453125,0.9365234375,0.0234375,0.029296875,1.25,12,15,15,18.75,15,18.75,281.25,1.25
val,val/images/GF6_WFV_E132.4_N35.8_20200914_L1A1120035552-1_8704_13312.png,val/labels/GF6_WFV_E132.4_N35.8_20200914_L1A1120035552-1_8704_13312.txt,512,512,0,1,0.8740234375,0.6455078125,0.029296875,0.048828125,1.25,15,25,18.75,31.25,18.75,31.25,585.9375,1.66666666667
val,val/images/GF6_WFV_E132.4_N35.8_20200914_L1A1120035552-1_8704_13312.png,val/labels/GF6_WFV_E132.4_N35.8_20200914_L1A1120035552-1_8704_13312.txt,512,512,0,2,0.9931640625,0.9306640625,0.013671875,0.025390625,1.25,7,13,8.75,16.25,8.75,16.25,142.1875,1.85714285714
val,val/images/GF6_WFV_E132.4_N35.8_20200914_L1A1120035552-1_8704_13312.png,val/labels/GF6_WFV_E132.4_N35.8_20200914_L1A1120035552-1_8704_13312.txt,512,512,0,3,0.9658203125,0.8623046875,0.021484375,0.025390625,1.25,11,13,13.75,16.25,13.75,16.25,223.4375,1.18181818182
val,val/images/GF6_WFV_E132.4_N35.8_20200914_L1A1120035552-1_8704_13312.png,val/labels/GF6_WFV_E132.4_N35.8_20200914_L1A1120035552-1_8704_13312.txt,512,512,0,4,0.9912109375,0.8330078125,0.017578125,0.025390625,1.25,9,13,11.25,16.25,11.25,16.25,182.8125,1.44444444444
val,val/images/GF6_WFV_E132.4_N35.8_20200914_L1A1120035552-1_8704_13312.png,val/labels/GF6_WFV_E132.4_N35.8_20200914_L1A1120035552-1_8704_13312.txt,512,512,0,5,0.9921875,0.859375,0.015625,0.0234375,1.25,8,12,10,15,10,15,150,1.5
val,val/images/GF6_WFV_E132.4_N35.8_20200914_L1A1120035552-1_8704_13312.png,val/labels/GF6_WFV_E132.4_N35.8_20200914_L1A1120035552-1_8704_13312.txt,512,512,0,6,0.888671875,0.740234375,0.01953125,0.02734375,1.25,10,14,12.5,17.5,12.5,17.5,218.75,1.4
val,val/images/GF6_WFV_E132.4_N35.8_20200914_L1A1120035552-1_8704_13312.png,val/labels/GF6_WFV_E132.4_N35.8_20200914_L1A1120035552-1_8704_13312.txt,512,512,0,7,0.9375,0.806640625,0.0234375,0.02734375,1.25,12,14,15,17.5,15,17.5,262.5,1.16666666667
val,val/images/GF6_WFV_E132.4_N35.8_20200914_L1A1120035552-1_8704_13312.png,val/labels/GF6_WFV_E132.4_N35.8_20200914_L1A1120035552-1_8704_13312.txt,512,512,0,8,0.924061433447,0.70932642487,0.0204778156997,0.0279792746114,1.25,10.4846416382,14.325388601,13.1058020478,17.9067357513,13.1058020478,17.9067357513,234.682134078,1.36632124352
val,val/images/GF6_WFV_E132.4_N35.8_20200914_L1A1120035552-1_8704_13824.png,val/labels/GF6_WFV_E132.4_N35.8_20200914_L1A1120035552-1_8704_13824.txt,512,512,0,0,0.984375,0.662109375,0.01953125,0.0234375,1.25,10,12,12.5,15,12.5,15,187.5,1.2
val,val/images/GF6_WFV_E132.4_N35.8_20200914_L1A1120035552-1_8704_13824.png,val/labels/GF6_WFV_E132.4_N35.8_20200914_L1A1120035552-1_8704_13824.txt,512,512,0,1,0.9736328125,0.107421875,0.017578125,0.03125,1.25,9,16,11.25,20,11.25,20,225,1.77777777778
val,val/images/GF6_WFV_E132.4_N35.8_20200914_L1A1120035552-1_8704_13824.png,val/labels/GF6_WFV_E132.4_N35.8_20200914_L1A1120035552-1_8704_13824.txt,512,512,0,2,0.9892578125,0.021484375,0.021484375,0.0234375,1.25,11,12,13.75,15,13.75,15,206.25,1.09090909091
val,val/images/GF6_WFV_E132.4_N35.8_20200914_L1A1120035552-1_8704_13824.png,val/labels/GF6_WFV_E132.4_N35.8_20200914_L1A1120035552-1_8704_13824.txt,512,512,0,3,0.949658703072,0.0502590673575,0.0136518771331,0.0300518134715,1.25,6.98976109215,15.3865284974,8.73720136519,19.2331606218,8.73720136519,19.2331606218,168.043997241,2.20129533679
val,val/images/GF6_WFV_E132.4_N35.8_20200914_L1A1120035552-1_8704_13824.png,val/labels/GF6_WFV_E132.4_N35.8_20200914_L1A1120035552-1_8704_13824.txt,512,512,0,4,0.959470989761,0.104663212435,0.0179180887372,0.0414507772021,1.25,9.17406143345,21.2227979275,11.4675767918,26.5284974093,11.4675767918,26.5284974093,304.217581213,2.31334813718
val,val/images/GF6_WFV_E132.4_N35.8_20200914_L1A1120035552-1_8704_13824.png,val/labels/GF6_WFV_E132.4_N35.8_20200914_L1A1120035552-1_8704_13824.txt,512,512,0,5,0.942406143345,0.0124352331606,0.0145051194539,0.020725388601,1.25,7.42662116041,10.6113989637,9.28327645051,13.2642487047,9.28327645051,13.2642487047,123.135687634,1.42883267297
val,val/images/GF6_WFV_E132.4_N35.8_20200914_L1A1120035552-1_8704_5120.png,val/labels/GF6_WFV_E132.4_N35.8_20200914_L1A1120035552-1_8704_5120.txt,512,512,0,0,0.69921875,0.1337890625,0.03125,0.037109375,1.25,16,19,20,23.75,20,23.75,475,1.1875
val,val/images/GF6_WFV_E132.4_N35.8_20200914_L1A1120035552-1_9216_15360.png,val/labels/GF6_WFV_E132.4_N35.8_20200914_L1A1120035552-1_9216_15360.txt,512,512,0,0,0.4677734375,0.4931640625,0.029296875,0.041015625,1.25,15,21,18.75,26.25,18.75,26.25,492.1875,1.4
val,val/images/GF6_WFV_E132.4_N35.8_20200914_L1A1120035552-1_9216_15360.png,val/labels/GF6_WFV_E132.4_N35.8_20200914_L1A1120035552-1_9216_15360.txt,512,512,0,1,0.9228515625,0.888671875,0.029296875,0.0390625,1.25,15,20,18.75,25,18.75,25,468.75,1.33333333333
val,val/images/GF6_WFV_E132.4_N35.8_20200914_L1A1120035552-1_9216_15360.png,val/labels/GF6_WFV_E132.4_N35.8_20200914_L1A1120035552-1_9216_15360.txt,512,512,0,2,0.21875,0.24609375,0.0234375,0.02734375,1.25,12,14,15,17.5,15,17.5,262.5,1.16666666667
val,val/images/GF6_WFV_E132.4_N35.8_20200914_L1A1120035552-1_9216_15360.png,val/labels/GF6_WFV_E132.4_N35.8_20200914_L1A1120035552-1_9216_15360.txt,512,512,0,3,0.2578125,0.376953125,0.02734375,0.01953125,1.25,14,10,17.5,12.5,12.5,17.5,218.75,1.4
val,val/images/GF6_WFV_E132.4_N35.8_20200914_L1A1120035552-1_9728_15872.png,val/labels/GF6_WFV_E132.4_N35.8_20200914_L1A1120035552-1_9728_15872.txt,512,512,0,0,0.89453125,0.7490234375,0.03125,0.033203125,1.25,16,17,20,21.25,20,21.25,425,1.0625
val,val/images/GF6_WFV_E132.4_N35.8_20200914_L1A1120035552-1_9728_15872.png,val/labels/GF6_WFV_E132.4_N35.8_20200914_L1A1120035552-1_9728_15872.txt,512,512,0,1,0.1279296875,0.36328125,0.025390625,0.0234375,1.25,13,12,16.25,15,15,16.25,243.75,1.08333333333
val,val/images/GF6_WFV_E132.4_N35.8_20200914_L1A1120035552-1_9728_16773.png,val/labels/GF6_WFV_E132.4_N35.8_20200914_L1A1120035552-1_9728_16773.txt,512,512,0,0,0.8525390625,0.0322265625,0.037109375,0.033203125,1.25,19,17,23.75,21.25,21.25,23.75,504.6875,1.11764705882
val,val/images/GF6_WFV_E132.4_N35.8_20200914_L1A1120035552-1_9728_16773.png,val/labels/GF6_WFV_E132.4_N35.8_20200914_L1A1120035552-1_9728_16773.txt,512,512,0,1,0.818359375,0.189453125,0.03125,0.0234375,1.25,16,12,20,15,15,20,300,1.33333333333
val,val/images/GF6_WFV_E132.4_N35.8_20200914_L1A1120035552-1_9728_16773.png,val/labels/GF6_WFV_E132.4_N35.8_20200914_L1A1120035552-1_9728_16773.txt,512,512,0,2,0.1748046875,0.0771484375,0.037109375,0.029296875,1.25,19,15,23.75,18.75,18.75,23.75,445.3125,1.26666666667
val,val/images/GF6_WFV_E132.4_N35.8_20200914_L1A1120035552-2_1024_10752.png,val/labels/GF6_WFV_E132.4_N35.8_20200914_L1A1120035552-2_1024_10752.txt,512,512,0,0,0.73828125,0.578125,0.05078125,0.05078125,1.25,26,26,32.5,32.5,32.5,32.5,1056.25,1
val,val/images/GF6_WFV_E132.4_N35.8_20200914_L1A1120035552-2_11264_512.png,val/labels/GF6_WFV_E132.4_N35.8_20200914_L1A1120035552-2_11264_512.txt,512,512,0,0,0.1025390625,0.53515625,0.044921875,0.04296875,1.25,23,22,28.75,27.5,27.5,28.75,790.625,1.04545454545
val,val/images/GF6_WFV_E132.4_N35.8_20200914_L1A1120035552-2_512_15872.png,val/labels/GF6_WFV_E132.4_N35.8_20200914_L1A1120035552-2_512_15872.txt,512,512,0,0,0.611328125,0.568359375,0.04296875,0.04296875,1.25,22,22,27.5,27.5,27.5,27.5,756.25,1
val,val/images/GF6_WFV_E132.4_N35.8_20200914_L1A1120035552-2_8704_16384.png,val/labels/GF6_WFV_E132.4_N35.8_20200914_L1A1120035552-2_8704_16384.txt,512,512,0,0,0.634765625,0.03125,0.03125,0.03125,1.25,16,16,20,20,20,20,400,1
val,val/images/GF6_WFV_E132.4_N35.8_20200914_L1A1120035552-3_10240_14848.png,val/labels/GF6_WFV_E132.4_N35.8_20200914_L1A1120035552-3_10240_14848.txt,512,512,0,0,0.9453125,0.2705078125,0.02734375,0.029296875,1.25,14,15,17.5,18.75,17.5,18.75,328.125,1.07142857143
val,val/images/GF6_WFV_E132.4_N35.8_20200914_L1A1120035552-3_10752_7168.png,val/labels/GF6_WFV_E132.4_N35.8_20200914_L1A1120035552-3_10752_7168.txt,512,512,0,0,0.986328125,0.6396484375,0.02734375,0.064453125,1.25,14,33,17.5,41.25,17.5,41.25,721.875,2.35714285714
val,val/images/GF6_WFV_E132.4_N35.8_20200914_L1A1120035552-3_10752_7168.png,val/labels/GF6_WFV_E132.4_N35.8_20200914_L1A1120035552-3_10752_7168.txt,512,512,0,1,0.7216796875,0.7353515625,0.025390625,0.037109375,1.25,13,19,16.25,23.75,16.25,23.75,385.9375,1.46153846154
val,val/images/GF6_WFV_E132.4_N35.8_20200914_L1A1120035552-3_10752_7168.png,val/labels/GF6_WFV_E132.4_N35.8_20200914_L1A1120035552-3_10752_7168.txt,512,512,0,2,0.3251953125,0.1474609375,0.029296875,0.029296875,1.25,15,15,18.75,18.75,18.75,18.75,351.5625,1
val,val/images/GF6_WFV_E132.4_N35.8_20200914_L1A1120035552-3_10769_15360.png,val/labels/GF6_WFV_E132.4_N35.8_20200914_L1A1120035552-3_10769_15360.txt,512,512,0,0,0.5654296875,0.6953125,0.029296875,0.0234375,1.25,15,12,18.75,15,15,18.75,281.25,1.25
val,val/images/GF6_WFV_E132.4_N35.8_20200914_L1A1120035552-3_10769_15872.png,val/labels/GF6_WFV_E132.4_N35.8_20200914_L1A1120035552-3_10769_15872.txt,512,512,0,0,0.2822265625,0.1953125,0.025390625,0.0234375,1.25,13,12,16.25,15,15,16.25,243.75,1.08333333333
val,val/images/GF6_WFV_E132.4_N35.8_20200914_L1A1120035552-3_11264_7680.png,val/labels/GF6_WFV_E132.4_N35.8_20200914_L1A1120035552-3_11264_7680.txt,512,512,0,0,0.6572265625,0.1142578125,0.029296875,0.033203125,1.25,15,17,18.75,21.25,18.75,21.25,398.4375,1.13333333333
val,val/images/GF6_WFV_E132.4_N35.8_20200914_L1A1120035552-3_11264_7680.png,val/labels/GF6_WFV_E132.4_N35.8_20200914_L1A1120035552-3_11264_7680.txt,512,512,0,1,0.7763671875,0.01171875,0.025390625,0.0234375,1.25,13,12,16.25,15,15,16.25,243.75,1.08333333333
val,val/images/GF6_WFV_E132.4_N35.8_20200914_L1A1120035552-3_11264_7680.png,val/labels/GF6_WFV_E132.4_N35.8_20200914_L1A1120035552-3_11264_7680.txt,512,512,0,2,0.943359375,0.0712890625,0.02734375,0.041015625,1.25,14,21,17.5,26.25,17.5,26.25,459.375,1.5
val,val/images/GF6_WFV_E132.4_N35.8_20200914_L1A1120035552-3_11264_7680.png,val/labels/GF6_WFV_E132.4_N35.8_20200914_L1A1120035552-3_11264_7680.txt,512,512,0,3,0.7373046875,0.4306640625,0.029296875,0.041015625,1.25,15,21,18.75,26.25,18.75,26.25,492.1875,1.4
val,val/images/GF6_WFV_E132.4_N35.8_20200914_L1A1120035552-3_11264_7680.png,val/labels/GF6_WFV_E132.4_N35.8_20200914_L1A1120035552-3_11264_7680.txt,512,512,0,4,0.9638671875,0.76953125,0.029296875,0.0234375,1.25,15,12,18.75,15,15,18.75,281.25,1.25
val,val/images/GF6_WFV_E132.4_N35.8_20200914_L1A1120035552-3_11281_7168.png,val/labels/GF6_WFV_E132.4_N35.8_20200914_L1A1120035552-3_11281_7168.txt,512,512,0,0,0.259765625,0.12109375,0.0234375,0.02734375,1.25,12,14,15,17.5,15,17.5,262.5,1.16666666667
val,val/images/GF6_WFV_E132.4_N35.8_20200914_L1A1120035552-3_12305_12288.png,val/labels/GF6_WFV_E132.4_N35.8_20200914_L1A1120035552-3_12305_12288.txt,512,512,0,0,0.6015625,0.2822265625,0.0234375,0.021484375,1.25,12,11,15,13.75,13.75,15,206.25,1.09090909091
val,val/images/GF6_WFV_E132.4_N35.8_20200914_L1A1120035552-3_12305_12288.png,val/labels/GF6_WFV_E132.4_N35.8_20200914_L1A1120035552-3_12305_12288.txt,512,512,0,1,0.3037109375,0.2998046875,0.021484375,0.025390625,1.25,11,13,13.75,16.25,13.75,16.25,223.4375,1.18181818182
val,val/images/GF6_WFV_E132.4_N35.8_20200914_L1A1120035552-3_12305_12288.png,val/labels/GF6_WFV_E132.4_N35.8_20200914_L1A1120035552-3_12305_12288.txt,512,512,0,2,0.335750853242,0.513471502591,0.0196245733788,0.0259067357513,1.25,10.04778157,13.2642487047,12.5597269625,16.5803108808,12.5597269625,16.5803108808,208.244177616,1.3201171435
val,val/images/GF6_WFV_E132.4_N35.8_20200914_L1A1120035552-3_12305_12288.png,val/labels/GF6_WFV_E132.4_N35.8_20200914_L1A1120035552-3_12305_12288.txt,512,512,0,3,0.377986348123,0.760621761658,0.0273037542662,0.0248704663212,1.25,13.9795221843,12.7336787565,17.4744027304,15.9170984456,15.9170984456,17.4744027304,278.141788537,1.09783845279
val,val/images/GF6_WFV_E132.4_N35.8_20200914_L1A1120035552-3_12305_12800.png,val/labels/GF6_WFV_E132.4_N35.8_20200914_L1A1120035552-3_12305_12800.txt,512,512,0,0,0.353515625,0.501953125,0.03125,0.0390625,1.25,16,20,20,25,20,25,500,1.25
val,val/images/GF6_WFV_E132.5_N26.9_20200530_L1A1120002375-3_7168_10752.png,val/labels/GF6_WFV_E132.5_N26.9_20200530_L1A1120002375-3_7168_10752.txt,512,512,0,0,0.8017578125,0.873046875,0.044921875,0.04296875,1.25,23,22,28.75,27.5,27.5,28.75,790.625,1.04545454545
val,val/images/GF6_WFV_E132.5_N26.9_20200530_L1A1120002375-3_8704_14336.png,val/labels/GF6_WFV_E132.5_N26.9_20200530_L1A1120002375-3_8704_14336.txt,512,512,0,0,0.462890625,0.5166015625,0.03125,0.033203125,1.25,16,17,20,21.25,20,21.25,425,1.0625
val,val/images/GF6_WFV_E133.0_N29.1_20200419_L1A1119988598-2_11776_512.png,val/labels/GF6_WFV_E133.0_N29.1_20200419_L1A1119988598-2_11776_512.txt,512,512,0,0,0.2001953125,0.4833984375,0.048828125,0.052734375,1.25,25,27,31.25,33.75,31.25,33.75,1054.6875,1.08
val,val/images/GF6_WFV_E133.0_N29.1_20200530_L1A1120002372-2_17920_8704.png,val/labels/GF6_WFV_E133.0_N29.1_20200530_L1A1120002372-2_17920_8704.txt,512,512,0,0,0.693359375,0.6923828125,0.0390625,0.037109375,1.25,20,19,25,23.75,23.75,25,593.75,1.05263157895
val,val/images/GF6_WFV_E133.1_N26.9_20200603_L1A1120004043-1_12928_17920.png,val/labels/GF6_WFV_E133.1_N26.9_20200603_L1A1120004043-1_12928_17920.txt,512,512,0,0,0.7109375,0.126953125,0.046875,0.04296875,1.25,24,22,30,27.5,27.5,30,825,1.09090909091
val,val/images/GF6_WFV_E133.1_N26.9_20200603_L1A1120004043-1_12928_17961.png,val/labels/GF6_WFV_E133.1_N26.9_20200603_L1A1120004043-1_12928_17961.txt,512,512,0,0,0.7119140625,0.044921875,0.048828125,0.04296875,1.25,25,22,31.25,27.5,27.5,31.25,859.375,1.13636363636
val,val/images/GF6_WFV_E133.1_N26.9_20200603_L1A1120004043-1_3584_9728.png,val/labels/GF6_WFV_E133.1_N26.9_20200603_L1A1120004043-1_3584_9728.txt,512,512,0,0,0.4033203125,0.9189453125,0.048828125,0.041015625,1.25,25,21,31.25,26.25,26.25,31.25,820.3125,1.19047619048
val,val/images/GF6_WFV_E133.1_N26.9_20200603_L1A1120004043-1_4608_512.png,val/labels/GF6_WFV_E133.1_N26.9_20200603_L1A1120004043-1_4608_512.txt,512,512,0,0,0.91015625,0.3505859375,0.03515625,0.044921875,1.25,18,23,22.5,28.75,22.5,28.75,646.875,1.27777777778
val,val/images/GF6_WFV_E133.1_N26.9_20200603_L1A1120004043-1_6144_0.png,val/labels/GF6_WFV_E133.1_N26.9_20200603_L1A1120004043-1_6144_0.txt,512,512,0,0,0.9150390625,0.1416015625,0.037109375,0.041015625,1.25,19,21,23.75,26.25,23.75,26.25,623.4375,1.10526315789
val,val/images/GF6_WFV_E133.1_N26.9_20200603_L1A1120004043-2_4096_13312.png,val/labels/GF6_WFV_E133.1_N26.9_20200603_L1A1120004043-2_4096_13312.txt,512,512,0,0,0.71875,0.94140625,0.03515625,0.04296875,1.25,18,22,22.5,27.5,22.5,27.5,618.75,1.22222222222
val,val/images/GF6_WFV_E133.1_N26.9_20200603_L1A1120004043-2_4096_15360.png,val/labels/GF6_WFV_E133.1_N26.9_20200603_L1A1120004043-2_4096_15360.txt,512,512,0,0,0.3525390625,0.1220703125,0.037109375,0.041015625,1.25,19,21,23.75,26.25,23.75,26.25,623.4375,1.10526315789
val,val/images/GF6_WFV_E133.6_N33.6_20200305_L1A1119973496-1_1024_7680.png,val/labels/GF6_WFV_E133.6_N33.6_20200305_L1A1119973496-1_1024_7680.txt,512,512,0,0,0.3798828125,0.06640625,0.033203125,0.0234375,1.25,17,12,21.25,15,15,21.25,318.75,1.41666666667
val,val/images/GF6_WFV_E133.6_N33.6_20200305_L1A1119973496-1_10752_8704.png,val/labels/GF6_WFV_E133.6_N33.6_20200305_L1A1119973496-1_10752_8704.txt,512,512,0,0,0.166015625,0.669921875,0.0390625,0.0390625,1.25,20,20,25,25,25,25,625,1
val,val/images/GF6_WFV_E133.6_N33.6_20200305_L1A1119973496-1_10752_8704.png,val/labels/GF6_WFV_E133.6_N33.6_20200305_L1A1119973496-1_10752_8704.txt,512,512,0,1,0.505859375,0.5556640625,0.03125,0.025390625,1.25,16,13,20,16.25,16.25,20,325,1.23076923077
val,val/images/GF6_WFV_E133.6_N33.6_20200305_L1A1119973496-1_10752_8704.png,val/labels/GF6_WFV_E133.6_N33.6_20200305_L1A1119973496-1_10752_8704.txt,512,512,0,2,0.317832764505,0.261658031088,0.0264505119454,0.0238341968912,1.25,13.542662116,12.2031088083,16.9283276451,15.2538860104,15.2538860104,16.9283276451,258.222780244,1.10977147945
val,val/images/GF6_WFV_E133.6_N33.6_20200305_L1A1119973496-1_10752_8704.png,val/labels/GF6_WFV_E133.6_N33.6_20200305_L1A1119973496-1_10752_8704.txt,512,512,0,3,0.444965870307,0.134196891192,0.0230375426621,0.0259067357513,1.25,11.795221843,13.2642487047,14.7440273038,16.5803108808,14.7440273038,16.5803108808,244.460556332,1.12454423335
val,val/images/GF6_WFV_E133.6_N33.6_20200305_L1A1119973496-1_10752_8704.png,val/labels/GF6_WFV_E133.6_N33.6_20200305_L1A1119973496-1_10752_8704.txt,512,512,0,4,0.554607508532,0.210362694301,0.0204778156997,0.020725388601,1.25,10.4846416382,10.6113989637,13.1058020478,13.2642487047,13.1058020478,13.2642487047,173.838617836,1.01208981002
val,val/images/GF6_WFV_E133.6_N33.6_20200305_L1A1119973496-1_11264_8704.png,val/labels/GF6_WFV_E133.6_N33.6_20200305_L1A1119973496-1_11264_8704.txt,512,512,0,0,0.3017578125,0.7958984375,0.025390625,0.025390625,1.25,13,13,16.25,16.25,16.25,16.25,264.0625,1
val,val/images/GF6_WFV_E133.6_N33.6_20200305_L1A1119973496-1_11264_8704.png,val/labels/GF6_WFV_E133.6_N33.6_20200305_L1A1119973496-1_11264_8704.txt,512,512,0,1,0.490234375,0.7998046875,0.0234375,0.021484375,1.25,12,11,15,13.75,13.75,15,206.25,1.09090909091
val,val/images/GF6_WFV_E133.6_N33.6_20200305_L1A1119973496-1_2048_512.png,val/labels/GF6_WFV_E133.6_N33.6_20200305_L1A1119973496-1_2048_512.txt,512,512,0,0,0.3408203125,0.390625,0.044921875,0.03125,1.25,23,16,28.75,20,20,28.75,575,1.4375
val,val/images/GF6_WFV_E133.6_N33.6_20200305_L1A1119973496-1_2048_6144.png,val/labels/GF6_WFV_E133.6_N33.6_20200305_L1A1119973496-1_2048_6144.txt,512,512,0,0,0.6279296875,0.4140625,0.021484375,0.03515625,1.25,11,18,13.75,22.5,13.75,22.5,309.375,1.63636363636
val,val/images/GF6_WFV_E133.6_N33.6_20200305_L1A1119973496-1_3072_8704.png,val/labels/GF6_WFV_E133.6_N33.6_20200305_L1A1119973496-1_3072_8704.txt,512,512,0,0,0.951171875,0.3349609375,0.0390625,0.033203125,1.25,20,17,25,21.25,21.25,25,531.25,1.17647058824
val,val/images/GF6_WFV_E133.6_N33.6_20200305_L1A1119973496-1_3072_8704.png,val/labels/GF6_WFV_E133.6_N33.6_20200305_L1A1119973496-1_3072_8704.txt,512,512,0,1,0.4091796875,0.8876953125,0.044921875,0.033203125,1.25,23,17,28.75,21.25,21.25,28.75,610.9375,1.35294117647
val,val/images/GF6_WFV_E133.6_N33.6_20200305_L1A1119973496-1_512_1536.png,val/labels/GF6_WFV_E133.6_N33.6_20200305_L1A1119973496-1_512_1536.txt,512,512,0,0,0.328125,0.2646484375,0.02734375,0.041015625,1.25,14,21,17.5,26.25,17.5,26.25,459.375,1.5
val,val/images/GF6_WFV_E133.6_N33.6_20200305_L1A1119973496-1_512_2560.png,val/labels/GF6_WFV_E133.6_N33.6_20200305_L1A1119973496-1_512_2560.txt,512,512,0,0,0.763671875,0.0576171875,0.046875,0.029296875,1.25,24,15,30,18.75,18.75,30,562.5,1.6
val,val/images/GF6_WFV_E133.6_N33.6_20200305_L1A1119973496-1_7680_15872.png,val/labels/GF6_WFV_E133.6_N33.6_20200305_L1A1119973496-1_7680_15872.txt,512,512,0,0,0.792662116041,0.0435233160622,0.0221843003413,0.039378238342,1.25,11.3583617747,20.1616580311,14.1979522184,25.2020725389,14.1979522184,25.2020725389,357.817821712,1.77504982065
val,val/images/GF6_WFV_E133.6_N33.6_20200305_L1A1119973496-2_1024_11264.png,val/labels/GF6_WFV_E133.6_N33.6_20200305_L1A1119973496-2_1024_11264.txt,512,512,0,0,0.2158203125,0.16015625,0.025390625,0.03515625,1.25,13,18,16.25,22.5,16.25,22.5,365.625,1.38461538462
val,val/images/GF6_WFV_E133.6_N33.6_20200305_L1A1119973496-2_17408_1024.png,val/labels/GF6_WFV_E133.6_N33.6_20200305_L1A1119973496-2_17408_1024.txt,512,512,0,0,0.8720703125,0.7314453125,0.033203125,0.056640625,1.25,17,29,21.25,36.25,21.25,36.25,770.3125,1.70588235294
val,val/images/GF6_WFV_E133.6_N33.6_20200305_L1A1119973496-2_17920_1024.png,val/labels/GF6_WFV_E133.6_N33.6_20200305_L1A1119973496-2_17920_1024.txt,512,512,0,0,0.8583984375,0.232421875,0.037109375,0.0390625,1.25,19,20,23.75,25,23.75,25,593.75,1.05263157895
val,val/images/GF6_WFV_E133.6_N33.6_20200305_L1A1119973496-2_17920_1024.png,val/labels/GF6_WFV_E133.6_N33.6_20200305_L1A1119973496-2_17920_1024.txt,512,512,0,1,0.36328125,0.8193359375,0.03125,0.041015625,1.25,16,21,20,26.25,20,26.25,525,1.3125
val,val/images/GF6_WFV_E133.6_N33.6_20200305_L1A1119973496-2_4096_7680.png,val/labels/GF6_WFV_E133.6_N33.6_20200305_L1A1119973496-2_4096_7680.txt,512,512,0,0,0.18359375,0.9443359375,0.03125,0.025390625,1.25,16,13,20,16.25,16.25,20,325,1.23076923077
val,val/images/GF6_WFV_E133.6_N33.6_20200305_L1A1119973496-2_4096_7680.png,val/labels/GF6_WFV_E133.6_N33.6_20200305_L1A1119973496-2_4096_7680.txt,512,512,0,1,0.01171875,0.92578125,0.01953125,0.02734375,1.25,10,14,12.5,17.5,12.5,17.5,218.75,1.4
val,val/images/GF6_WFV_E133.6_N33.6_20200305_L1A1119973496-2_4608_7168.png,val/labels/GF6_WFV_E133.6_N33.6_20200305_L1A1119973496-2_4608_7168.txt,512,512,0,0,0.048828125,0.6220703125,0.0234375,0.029296875,1.25,12,15,15,18.75,15,18.75,281.25,1.25
val,val/images/GF6_WFV_E133.6_N33.6_20200305_L1A1119973496-2_4608_7168.png,val/labels/GF6_WFV_E133.6_N33.6_20200305_L1A1119973496-2_4608_7168.txt,512,512,0,1,0.939453125,0.6904296875,0.03515625,0.037109375,1.25,18,19,22.5,23.75,22.5,23.75,534.375,1.05555555556
val,val/images/GF6_WFV_E133.6_N33.6_20200305_L1A1119973496-2_5632_7168.png,val/labels/GF6_WFV_E133.6_N33.6_20200305_L1A1119973496-2_5632_7168.txt,512,512,0,0,0.361328125,0.212890625,0.03125,0.04296875,1.25,16,22,20,27.5,20,27.5,550,1.375
val,val/images/GF6_WFV_E133.6_N33.6_20200305_L1A1119973496-2_5632_7168.png,val/labels/GF6_WFV_E133.6_N33.6_20200305_L1A1119973496-2_5632_7168.txt,512,512,0,1,0.4091796875,0.96484375,0.021484375,0.02734375,1.25,11,14,13.75,17.5,13.75,17.5,240.625,1.27272727273
val,val/images/GF6_WFV_E133.6_N33.6_20200305_L1A1119973496-2_7168_5120.png,val/labels/GF6_WFV_E133.6_N33.6_20200305_L1A1119973496-2_7168_5120.txt,512,512,0,0,0.7431640625,0.9404296875,0.029296875,0.025390625,1.25,15,13,18.75,16.25,16.25,18.75,304.6875,1.15384615385
val,val/images/GF6_WFV_E133.6_N33.6_20200305_L1A1119973496-2_7168_5120.png,val/labels/GF6_WFV_E133.6_N33.6_20200305_L1A1119973496-2_7168_5120.txt,512,512,0,1,0.830078125,0.98828125,0.03125,0.0234375,1.25,16,12,20,15,15,20,300,1.33333333333
val,val/images/GF6_WFV_E133.6_N33.6_20200305_L1A1119973496-2_7680_5632.png,val/labels/GF6_WFV_E133.6_N33.6_20200305_L1A1119973496-2_7680_5632.txt,512,512,0,0,0.09375,0.8095703125,0.03125,0.025390625,1.25,16,13,20,16.25,16.25,20,325,1.23076923077
val,val/images/GF6_WFV_E133.6_N33.6_20200305_L1A1119973496-2_8192_15360.png,val/labels/GF6_WFV_E133.6_N33.6_20200305_L1A1119973496-2_8192_15360.txt,512,512,0,0,0.56640625,0.740234375,0.046875,0.04296875,1.25,24,22,30,27.5,27.5,30,825,1.09090909091
val,val/images/GF6_WFV_E133.6_N33.6_20200305_L1A1119973496-2_8192_15872.png,val/labels/GF6_WFV_E133.6_N33.6_20200305_L1A1119973496-2_8192_15872.txt,512,512,0,0,0.3828125,0.2548828125,0.04296875,0.033203125,1.25,22,17,27.5,21.25,21.25,27.5,584.375,1.29411764706
val,val/images/GF6_WFV_E134.3_N40.2_20200918_L1A1120036758-1_12928_6656.png,val/labels/GF6_WFV_E134.3_N40.2_20200918_L1A1120036758-1_12928_6656.txt,512,512,0,0,0.3828125,0.3037109375,0.0390625,0.044921875,1.25,20,23,25,28.75,25,28.75,718.75,1.15
val,val/images/GF6_WFV_E134.3_N40.2_20200918_L1A1120036758-1_7680_16384.png,val/labels/GF6_WFV_E134.3_N40.2_20200918_L1A1120036758-1_7680_16384.txt,512,512,0,0,0.7841796875,0.8779296875,0.033203125,0.037109375,1.25,17,19,21.25,23.75,21.25,23.75,504.6875,1.11764705882
val,val/images/GF6_WFV_E135.1_N24.7_20200107_L1A1119957266-1_3072_16384.png,val/labels/GF6_WFV_E135.1_N24.7_20200107_L1A1119957266-1_3072_16384.txt,512,512,0,0,0.470703125,0.9287109375,0.0703125,0.044921875,1.25,36,23,45,28.75,28.75,45,1293.75,1.5652173913
val,val/images/GF6_WFV_E135.6_N26.9_20200107_L1A1119957261-2_4608_10752.png,val/labels/GF6_WFV_E135.6_N26.9_20200107_L1A1119957261-2_4608_10752.txt,512,512,0,0,0.822265625,0.484375,0.03125,0.04296875,1.25,16,22,20,27.5,20,27.5,550,1.375
val,val/images/GF6_WFV_E136.0_N26.9_20200913_L1A1120035638-2_8192_5632.png,val/labels/GF6_WFV_E136.0_N26.9_20200913_L1A1120035638-2_8192_5632.txt,512,512,0,0,0.671875,0.91015625,0.0390625,0.0390625,1.25,20,20,25,25,25,25,625,1
val,val/images/GF6_WFV_E136.6_N24.7_20200521_L1A1119999504-1_0_7168.png,val/labels/GF6_WFV_E136.6_N24.7_20200521_L1A1119999504-1_0_7168.txt,512,512,0,0,0.240234375,0.962890625,0.0390625,0.05078125,1.25,20,26,25,32.5,25,32.5,812.5,1.3
val,val/images/GF6_WFV_E136.6_N24.7_20200521_L1A1119999504-2_2560_6144.png,val/labels/GF6_WFV_E136.6_N24.7_20200521_L1A1119999504-2_2560_6144.txt,512,512,0,0,0.404296875,0.2041015625,0.0390625,0.041015625,1.25,20,21,25,26.25,25,26.25,656.25,1.05
val,val/images/GF6_WFV_E136.6_N29.1_20200913_L1A1120035632-1_9216_14848.png,val/labels/GF6_WFV_E136.6_N29.1_20200913_L1A1120035632-1_9216_14848.txt,512,512,0,0,0.7470703125,0.5048828125,0.048828125,0.044921875,1.25,25,23,31.25,28.75,28.75,31.25,898.4375,1.08695652174
val,val/images/GF6_WFV_E136.6_N29.1_20200913_L1A1120035632-2_0_14848.png,val/labels/GF6_WFV_E136.6_N29.1_20200913_L1A1120035632-2_0_14848.txt,512,512,0,0,0.2861328125,0.248046875,0.044921875,0.04296875,1.25,23,22,28.75,27.5,27.5,28.75,790.625,1.04545454545
val,val/images/GF6_WFV_E136.6_N29.1_20200913_L1A1120035632-2_18432_12800.png,val/labels/GF6_WFV_E136.6_N29.1_20200913_L1A1120035632-2_18432_12800.txt,512,512,0,0,0.6513671875,0.2841796875,0.033203125,0.033203125,1.25,17,17,21.25,21.25,21.25,21.25,451.5625,1
val,val/images/GF6_WFV_E136.6_N29.1_20200913_L1A1120035632-2_21904_5120.png,val/labels/GF6_WFV_E136.6_N29.1_20200913_L1A1120035632-2_21904_5120.txt,512,512,0,0,0.8740234375,0.8828125,0.052734375,0.0390625,1.25,27,20,33.75,25,25,33.75,843.75,1.35
val,val/images/GF6_WFV_E136.6_N29.1_20200913_L1A1120035632-2_22016_5120.png,val/labels/GF6_WFV_E136.6_N29.1_20200913_L1A1120035632-2_22016_5120.txt,512,512,0,0,0.6552734375,0.88671875,0.033203125,0.03125,1.25,17,16,21.25,20,20,21.25,425,1.0625
val,val/images/GF6_WFV_E136.6_N29.1_20200913_L1A1120035632-3_1536_2560.png,val/labels/GF6_WFV_E136.6_N29.1_20200913_L1A1120035632-3_1536_2560.txt,512,512,0,0,0.1591796875,0.4443359375,0.041015625,0.048828125,1.25,21,25,26.25,31.25,26.25,31.25,820.3125,1.19047619048
val,val/images/GF6_WFV_E137.2_N26.9_20200521_L1A1119999497-2_20992_6144.png,val/labels/GF6_WFV_E137.2_N26.9_20200521_L1A1119999497-2_20992_6144.txt,512,512,0,0,0.0234375,0.986328125,0.0390625,0.02734375,1.25,20,14,25,17.5,17.5,25,437.5,1.42857142857
val,val/images/GF6_WFV_E137.2_N31.4_20200913_L1A1120035633-1_11264_3584.png,val/labels/GF6_WFV_E137.2_N31.4_20200913_L1A1120035633-1_11264_3584.txt,512,512,0,0,0.3720703125,0.0107421875,0.044921875,0.021484375,1.25,23,11,28.75,13.75,13.75,28.75,395.3125,2.09090909091
val,val/images/GF6_WFV_E137.2_N31.4_20200913_L1A1120035633-2_2048_8704.png,val/labels/GF6_WFV_E137.2_N31.4_20200913_L1A1120035633-2_2048_8704.txt,512,512,0,0,0.09765625,0.7998046875,0.04296875,0.044921875,1.25,22,23,27.5,28.75,27.5,28.75,790.625,1.04545454545
val,val/images/GF6_WFV_E137.2_N31.4_20200913_L1A1120035633-2_21504_15360.png,val/labels/GF6_WFV_E137.2_N31.4_20200913_L1A1120035633-2_21504_15360.txt,512,512,0,0,0.625,0.234375,0.05078125,0.0390625,1.25,26,20,32.5,25,25,32.5,812.5,1.3
val,val/images/GF6_WFV_E137.2_N31.4_20200913_L1A1120035633-2_3584_4608.png,val/labels/GF6_WFV_E137.2_N31.4_20200913_L1A1120035633-2_3584_4608.txt,512,512,0,0,0.1591796875,0.1630859375,0.041015625,0.041015625,1.25,21,21,26.25,26.25,26.25,26.25,689.0625,1
val,val/images/GF6_WFV_E137.2_N31.4_20200913_L1A1120035633-2_7680_8192.png,val/labels/GF6_WFV_E137.2_N31.4_20200913_L1A1120035633-2_7680_8192.txt,512,512,0,0,0.197265625,0.26953125,0.03515625,0.046875,1.25,18,24,22.5,30,22.5,30,675,1.33333333333
val,val/images/GF6_WFV_E137.7_N29.1_20200521_L1A1119999499-2_4096_1536.png,val/labels/GF6_WFV_E137.7_N29.1_20200521_L1A1119999499-2_4096_1536.txt,512,512,0,0,0.236328125,0.615234375,0.046875,0.02734375,1.25,24,14,30,17.5,17.5,30,525,1.71428571429
val,val/images/GF6_WFV_E138.3_N31.4_20200521_L1A1119999493-1_3072_512.png,val/labels/GF6_WFV_E138.3_N31.4_20200521_L1A1119999493-1_3072_512.txt,512,512,0,0,0.4296875,0.6904296875,0.02734375,0.021484375,1.25,14,11,17.5,13.75,13.75,17.5,240.625,1.27272727273
val,val/images/GF6_WFV_E138.3_N31.4_20200521_L1A1119999493-1_3072_512.png,val/labels/GF6_WFV_E138.3_N31.4_20200521_L1A1119999493-1_3072_512.txt,512,512,0,1,0.5595703125,0.779296875,0.037109375,0.03125,1.25,19,16,23.75,20,20,23.75,475,1.1875
val,val/images/GF6_WFV_E138.3_N31.4_20200521_L1A1119999493-1_8192_1536.png,val/labels/GF6_WFV_E138.3_N31.4_20200521_L1A1119999493-1_8192_1536.txt,512,512,0,0,0.783203125,0.01171875,0.0546875,0.0234375,1.25,28,12,35,15,15,35,525,2.33333333333
val,val/images/GF6_WFV_E138.3_N31.4_20200521_L1A1119999493-2_19456_1024.png,val/labels/GF6_WFV_E138.3_N31.4_20200521_L1A1119999493-2_19456_1024.txt,512,512,0,0,0.2021484375,0.2470703125,0.044921875,0.037109375,1.25,23,19,28.75,23.75,23.75,28.75,682.8125,1.21052631579
val,val/images/GF6_WFV_E138.3_N31.4_20200521_L1A1119999493-2_7680_14336.png,val/labels/GF6_WFV_E138.3_N31.4_20200521_L1A1119999493-2_7680_14336.txt,512,512,0,0,0.427734375,0.384765625,0.03125,0.04296875,1.25,16,22,20,27.5,20,27.5,550,1.375
val,val/images/GF6_WFV_E138.3_N31.4_20200521_L1A1119999493-3_4096_15872.png,val/labels/GF6_WFV_E138.3_N31.4_20200521_L1A1119999493-3_4096_15872.txt,512,512,0,0,0.3623046875,0.958984375,0.033203125,0.0390625,1.25,17,20,21.25,25,21.25,25,531.25,1.17647058824
val,val/images/GF6_WFV_E138.4_N26.9_20200529_L1A1120002143-1_8192_13312.png,val/labels/GF6_WFV_E138.4_N26.9_20200529_L1A1120002143-1_8192_13312.txt,512,512,0,0,0.2685546875,0.4287109375,0.056640625,0.041015625,1.25,29,21,36.25,26.25,26.25,36.25,951.5625,1.38095238095
val,val/images/GF6_WFV_E139.0_N29.1_20200529_L1A1120002145-2_9216_1536.png,val/labels/GF6_WFV_E139.0_N29.1_20200529_L1A1120002145-2_9216_1536.txt,512,512,0,0,0.8828125,0.375,0.02734375,0.02734375,1.25,14,14,17.5,17.5,17.5,17.5,306.25,1
test,test/images/fog_dense_fog_0018_GF1_WFV4.png,test/labels/fog_dense_fog_0018_GF1_WFV4.txt,512,512,0,0,0.07421875,0.626953125,0.0546875,0.046875,1.25,28,24,35,30,30,35,1050,1.16666666667
test,test/images/fog_dense_fog_0024_GF1_WFV2.png,test/labels/fog_dense_fog_0024_GF1_WFV2.txt,512,512,0,0,0.685546875,0.1806640625,0.046875,0.048828125,1.25,24,25,30,31.25,30,31.25,937.5,1.04166666667
test,test/images/fog_dense_fog_0024_GF1_WFV2.png,test/labels/fog_dense_fog_0024_GF1_WFV2.txt,512,512,0,1,0.7412109375,0.12109375,0.056640625,0.0546875,1.25,29,28,36.25,35,35,36.25,1268.75,1.03571428571
test,test/images/fog_dense_fog_0024_GF1_WFV2.png,test/labels/fog_dense_fog_0024_GF1_WFV2.txt,512,512,0,2,0.9794921875,0.5126953125,0.041015625,0.072265625,1.25,21,37,26.25,46.25,26.25,46.25,1214.0625,1.7619047619
test,test/images/fog_dense_fog_0031_GF1_WFV4.png,test/labels/fog_dense_fog_0031_GF1_WFV4.txt,512,512,0,0,0.060546875,0.1162109375,0.0625,0.048828125,1.25,32,25,40,31.25,31.25,40,1250,1.28
test,test/images/fog_dense_fog_0042_GF1_WFV3.png,test/labels/fog_dense_fog_0042_GF1_WFV3.txt,512,512,0,0,0.9697265625,0.6796875,0.044921875,0.04296875,1.25,23,22,28.75,27.5,27.5,28.75,790.625,1.04545454545
test,test/images/fog_dense_fog_0063_GF6_WFV_.png,test/labels/fog_dense_fog_0063_GF6_WFV_.txt,512,512,0,0,0.173828125,0.0107421875,0.02734375,0.017578125,1.25,14,9,17.5,11.25,11.25,17.5,196.875,1.55555555556
test,test/images/fog_dense_fog_0063_GF6_WFV_.png,test/labels/fog_dense_fog_0063_GF6_WFV_.txt,512,512,0,1,0.505859375,0.2919921875,0.03515625,0.029296875,1.25,18,15,22.5,18.75,18.75,22.5,421.875,1.2
test,test/images/fog_dense_fog_0063_GF6_WFV_.png,test/labels/fog_dense_fog_0063_GF6_WFV_.txt,512,512,0,2,0.7314453125,0.341796875,0.025390625,0.03125,1.25,13,16,16.25,20,16.25,20,325,1.23076923077
test,test/images/fog_dense_fog_0063_GF6_WFV_.png,test/labels/fog_dense_fog_0063_GF6_WFV_.txt,512,512,0,3,0.7509765625,0.451171875,0.029296875,0.03125,1.25,15,16,18.75,20,18.75,20,375,1.06666666667
test,test/images/fog_dense_fog_0063_GF6_WFV_.png,test/labels/fog_dense_fog_0063_GF6_WFV_.txt,512,512,0,4,0.958984375,0.3642578125,0.0234375,0.021484375,1.25,12,11,15,13.75,13.75,15,206.25,1.09090909091
test,test/images/fog_dense_fog_0063_GF6_WFV_.png,test/labels/fog_dense_fog_0063_GF6_WFV_.txt,512,512,0,5,0.9541015625,0.3837890625,0.033203125,0.017578125,1.25,17,9,21.25,11.25,11.25,21.25,239.0625,1.88888888889
test,test/images/fog_dense_fog_0063_GF6_WFV_.png,test/labels/fog_dense_fog_0063_GF6_WFV_.txt,512,512,0,6,0.013671875,0.13671875,0.01953125,0.02734375,1.25,10,14,12.5,17.5,12.5,17.5,218.75,1.4
test,test/images/fog_dense_fog_0063_GF6_WFV_.png,test/labels/fog_dense_fog_0063_GF6_WFV_.txt,512,512,0,7,0.142578125,0.2978515625,0.02734375,0.029296875,1.25,14,15,17.5,18.75,17.5,18.75,328.125,1.07142857143
test,test/images/fog_dense_fog_0063_GF6_WFV_.png,test/labels/fog_dense_fog_0063_GF6_WFV_.txt,512,512,0,8,0.2509765625,0.4638671875,0.021484375,0.021484375,1.25,11,11,13.75,13.75,13.75,13.75,189.0625,1
test,test/images/fog_dense_fog_0063_GF6_WFV_.png,test/labels/fog_dense_fog_0063_GF6_WFV_.txt,512,512,0,9,0.1650390625,0.685546875,0.017578125,0.02734375,1.25,9,14,11.25,17.5,11.25,17.5,196.875,1.55555555556
test,test/images/fog_dense_fog_0063_GF6_WFV_.png,test/labels/fog_dense_fog_0063_GF6_WFV_.txt,512,512,0,10,0.3095703125,0.7763671875,0.021484375,0.021484375,1.25,11,11,13.75,13.75,13.75,13.75,189.0625,1
test,test/images/fog_dense_fog_0066_GF6_WFV_.png,test/labels/fog_dense_fog_0066_GF6_WFV_.txt,512,512,0,0,0.09375,0.4912109375,0.0625,0.052734375,1.25,32,27,40,33.75,33.75,40,1350,1.18518518519
test,test/images/fog_dense_fog_0077_GF1_WFV1.png,test/labels/fog_dense_fog_0077_GF1_WFV1.txt,512,512,0,0,0.3212890625,0.0478515625,0.037109375,0.025390625,1.25,19,13,23.75,16.25,16.25,23.75,385.9375,1.46153846154
test,test/images/fog_dense_fog_0221_GF1_WFV2.png,test/labels/fog_dense_fog_0221_GF1_WFV2.txt,512,512,0,0,0.373046875,0.0859375,0.05078125,0.04296875,1.25,26,22,32.5,27.5,27.5,32.5,893.75,1.18181818182
test,test/images/fog_dense_fog_0258_GF6_WFV_.png,test/labels/fog_dense_fog_0258_GF6_WFV_.txt,512,512,0,0,0.8623046875,0.625,0.029296875,0.0390625,1.25,15,20,18.75,25,18.75,25,468.75,1.33333333333
test,test/images/fog_dense_fog_0258_GF6_WFV_.png,test/labels/fog_dense_fog_0258_GF6_WFV_.txt,512,512,0,1,0.4658203125,0.806640625,0.025390625,0.0234375,1.25,13,12,16.25,15,15,16.25,243.75,1.08333333333
test,test/images/fog_dense_fog_0259_GF1_WFV4.png,test/labels/fog_dense_fog_0259_GF1_WFV4.txt,512,512,0,0,0.482421875,0.8408203125,0.078125,0.041015625,1.25,40,21,50,26.25,26.25,50,1312.5,1.90476190476
test,test/images/fog_dense_fog_0259_GF1_WFV4.png,test/labels/fog_dense_fog_0259_GF1_WFV4.txt,512,512,0,1,0.546875,0.4326171875,0.05859375,0.033203125,1.25,30,17,37.5,21.25,21.25,37.5,796.875,1.76470588235
test,test/images/fog_light_fog_0071_GF6_WFV_.png,test/labels/fog_light_fog_0071_GF6_WFV_.txt,512,512,0,0,0.0888671875,0.103515625,0.025390625,0.03125,1.25,13,16,16.25,20,16.25,20,325,1.23076923077
test,test/images/fog_light_fog_0073_GF1_WFV2.png,test/labels/fog_light_fog_0073_GF1_WFV2.txt,512,512,0,0,0.78125,0.322265625,0.0546875,0.05078125,1.25,28,26,35,32.5,32.5,35,1137.5,1.07692307692
test,test/images/fog_light_fog_0073_GF1_WFV2.png,test/labels/fog_light_fog_0073_GF1_WFV2.txt,512,512,0,1,0.6806640625,0.51953125,0.056640625,0.05078125,1.25,29,26,36.25,32.5,32.5,36.25,1178.125,1.11538461538
test,test/images/fog_light_fog_0088_GF1_WFV4.png,test/labels/fog_light_fog_0088_GF1_WFV4.txt,512,512,0,0,0.2177734375,0.4794921875,0.033203125,0.033203125,1.25,17,17,21.25,21.25,21.25,21.25,451.5625,1
test,test/images/fog_light_fog_0096_GF6_WFV_.png,test/labels/fog_light_fog_0096_GF6_WFV_.txt,512,512,0,0,0.4208984375,0.25,0.044921875,0.03515625,1.25,23,18,28.75,22.5,22.5,28.75,646.875,1.27777777778
test,test/images/fog_light_fog_0147_GF1_WFV2.png,test/labels/fog_light_fog_0147_GF1_WFV2.txt,512,512,0,0,0.7734375,0.5712890625,0.0234375,0.033203125,1.25,12,17,15,21.25,15,21.25,318.75,1.41666666667
test,test/images/fog_light_fog_0147_GF1_WFV2.png,test/labels/fog_light_fog_0147_GF1_WFV2.txt,512,512,0,1,0.9892578125,0.9560546875,0.021484375,0.025390625,1.25,11,13,13.75,16.25,13.75,16.25,223.4375,1.18181818182
test,test/images/fog_light_fog_0177_GF1_WFV3.png,test/labels/fog_light_fog_0177_GF1_WFV3.txt,512,512,0,0,0.1396484375,0.9033203125,0.037109375,0.033203125,1.25,19,17,23.75,21.25,21.25,23.75,504.6875,1.11764705882
test,test/images/fog_light_fog_0177_GF1_WFV3.png,test/labels/fog_light_fog_0177_GF1_WFV3.txt,512,512,0,1,0.1806640625,0.91796875,0.029296875,0.0390625,1.25,15,20,18.75,25,18.75,25,468.75,1.33333333333
test,test/images/fog_light_fog_0177_GF1_WFV3.png,test/labels/fog_light_fog_0177_GF1_WFV3.txt,512,512,0,2,0.859375,0.607421875,0.05078125,0.02734375,1.25,26,14,32.5,17.5,17.5,32.5,568.75,1.85714285714
test,test/images/fog_light_fog_0177_GF1_WFV3.png,test/labels/fog_light_fog_0177_GF1_WFV3.txt,512,512,0,3,0.8720703125,0.6513671875,0.056640625,0.029296875,1.25,29,15,36.25,18.75,18.75,36.25,679.6875,1.93333333333
test,test/images/fog_light_fog_0192_GF1_WFV4.png,test/labels/fog_light_fog_0192_GF1_WFV4.txt,512,512,0,0,0.7998046875,0.1025390625,0.064453125,0.064453125,1.25,33,33,41.25,41.25,41.25,41.25,1701.5625,1
test,test/images/fog_light_fog_0198_GF1_WFV4.png,test/labels/fog_light_fog_0198_GF1_WFV4.txt,512,512,0,0,0.39453125,0.2685546875,0.046875,0.044921875,1.25,24,23,30,28.75,28.75,30,862.5,1.04347826087
test,test/images/fog_light_fog_0280_GF1_WFV4.png,test/labels/fog_light_fog_0280_GF1_WFV4.txt,512,512,0,0,0.11328125,0.09765625,0.0546875,0.0390625,1.25,28,20,35,25,25,35,875,1.4
test,test/images/fog_patchy_fog_0008_GF1_WFV2.png,test/labels/fog_patchy_fog_0008_GF1_WFV2.txt,512,512,0,0,0.1064453125,0.84375,0.025390625,0.03125,1.25,13,16,16.25,20,16.25,20,325,1.23076923077
test,test/images/fog_patchy_fog_0008_GF1_WFV2.png,test/labels/fog_patchy_fog_0008_GF1_WFV2.txt,512,512,0,1,0.1787109375,0.6640625,0.033203125,0.02734375,1.25,17,14,21.25,17.5,17.5,21.25,371.875,1.21428571429
test,test/images/fog_patchy_fog_0010_GF1_WFV1.png,test/labels/fog_patchy_fog_0010_GF1_WFV1.txt,512,512,0,0,0.77734375,0.1005859375,0.02734375,0.025390625,1.25,14,13,17.5,16.25,16.25,17.5,284.375,1.07692307692
test,test/images/fog_patchy_fog_0016_GF1_WFV1.png,test/labels/fog_patchy_fog_0016_GF1_WFV1.txt,512,512,0,0,0.7783203125,0.8720703125,0.037109375,0.044921875,1.25,19,23,23.75,28.75,23.75,28.75,682.8125,1.21052631579
test,test/images/fog_patchy_fog_0016_GF1_WFV1.png,test/labels/fog_patchy_fog_0016_GF1_WFV1.txt,512,512,0,1,0.142578125,0.2978515625,0.03515625,0.037109375,1.25,18,19,22.5,23.75,22.5,23.75,534.375,1.05555555556
test,test/images/fog_patchy_fog_0038_GF1_WFV2.png,test/labels/fog_patchy_fog_0038_GF1_WFV2.txt,512,512,0,0,0.390625,0.103515625,0.0625,0.078125,1.25,32,40,40,50,40,50,2000,1.25
test,test/images/fog_patchy_fog_0058_GF1_WFV2.png,test/labels/fog_patchy_fog_0058_GF1_WFV2.txt,512,512,0,0,0.529296875,0.220703125,0.0546875,0.0390625,1.25,28,20,35,25,25,35,875,1.4
test,test/images/fog_patchy_fog_0193_GF1_WFV3.png,test/labels/fog_patchy_fog_0193_GF1_WFV3.txt,512,512,0,0,0.509765625,0.904296875,0.04296875,0.05078125,1.25,22,26,27.5,32.5,27.5,32.5,893.75,1.18181818182
test,test/images/fog_patchy_fog_0193_GF1_WFV3.png,test/labels/fog_patchy_fog_0193_GF1_WFV3.txt,512,512,0,1,0.200085324232,0.929015544041,0.0196245733788,0.0362694300518,1.25,10.04778157,18.5699481865,12.5597269625,23.2124352332,12.5597269625,23.2124352332,291.541848662,1.8481640009
test,test/images/fog_patchy_fog_0194_GF1_WFV4.png,test/labels/fog_patchy_fog_0194_GF1_WFV4.txt,512,512,0,0,0.622013651877,0.196373056995,0.037542662116,0.0487046632124,1.25,19.2218430034,24.9367875648,24.0273037543,31.170984456,24.0273037543,31.170984456,748.954711843,1.29731512011
test,test/images/GF1_WFV1_E110.0_N17.9_20200703_L2A0004902374_12872_9728.png,test/labels/GF1_WFV1_E110.0_N17.9_20200703_L2A0004902374_12872_9728.txt,512,512,0,0,0.25390625,0.62890625,0.0390625,0.03515625,1.25,20,18,25,22.5,22.5,25,562.5,1.11111111111
test,test/images/GF1_WFV1_E110.0_N17.9_20200703_L2A0004902374_3072_12288.png,test/labels/GF1_WFV1_E110.0_N17.9_20200703_L2A0004902374_3072_12288.txt,512,512,0,0,0.091796875,0.1806640625,0.0546875,0.041015625,1.25,28,21,35,26.25,26.25,35,918.75,1.33333333333
test,test/images/GF1_WFV1_E110.3_N19.6_20200703_L2A0004902371_12288_2048.png,test/labels/GF1_WFV1_E110.3_N19.6_20200703_L2A0004902371_12288_2048.txt,512,512,0,0,0.6220703125,0.0458984375,0.021484375,0.037109375,1.25,11,19,13.75,23.75,13.75,23.75,326.5625,1.72727272727
test,test/images/GF1_WFV1_E110.3_N19.6_20200703_L2A0004902371_12288_2048.png,test/labels/GF1_WFV1_E110.3_N19.6_20200703_L2A0004902371_12288_2048.txt,512,512,0,1,0.65234375,0.12109375,0.0234375,0.03515625,1.25,12,18,15,22.5,15,22.5,337.5,1.5
test,test/images/GF1_WFV1_E110.3_N19.6_20200703_L2A0004902371_12848_2560.png,test/labels/GF1_WFV1_E110.3_N19.6_20200703_L2A0004902371_12848_2560.txt,512,512,0,0,0.2265625,0.048828125,0.046875,0.0234375,1.25,24,12,30,15,15,30,450,2
test,test/images/GF1_WFV1_E110.3_N19.6_20200703_L2A0004902371_2048_4096.png,test/labels/GF1_WFV1_E110.3_N19.6_20200703_L2A0004902371_2048_4096.txt,512,512,0,0,0.1669921875,0.646484375,0.048828125,0.02734375,1.25,25,14,31.25,17.5,17.5,31.25,546.875,1.78571428571
test,test/images/GF1_WFV1_E110.3_N19.6_20200703_L2A0004902371_2048_4096.png,test/labels/GF1_WFV1_E110.3_N19.6_20200703_L2A0004902371_2048_4096.txt,512,512,0,1,0.21875,0.55859375,0.046875,0.03125,1.25,24,16,30,20,20,30,600,1.5
test,test/images/GF1_WFV1_E110.3_N19.6_20200703_L2A0004902371_2048_4096.png,test/labels/GF1_WFV1_E110.3_N19.6_20200703_L2A0004902371_2048_4096.txt,512,512,0,2,0.376953125,0.5166015625,0.046875,0.029296875,1.25,24,15,30,18.75,18.75,30,562.5,1.6
test,test/images/GF1_WFV1_E110.3_N19.6_20200703_L2A0004902371_6656_3072.png,test/labels/GF1_WFV1_E110.3_N19.6_20200703_L2A0004902371_6656_3072.txt,512,512,0,0,0.017578125,0.927734375,0.03515625,0.03125,1.25,18,16,22.5,20,20,22.5,450,1.125
test,test/images/GF1_WFV1_E110.3_N19.6_20200703_L2A0004902371_7168_3072.png,test/labels/GF1_WFV1_E110.3_N19.6_20200703_L2A0004902371_7168_3072.txt,512,512,0,0,0.1044921875,0.0908203125,0.033203125,0.052734375,1.25,17,27,21.25,33.75,21.25,33.75,717.1875,1.58823529412
test,test/images/GF1_WFV1_E110.3_N19.6_20200703_L2A0004902371_7168_3072.png,test/labels/GF1_WFV1_E110.3_N19.6_20200703_L2A0004902371_7168_3072.txt,512,512,0,1,0.330204778157,0.681347150259,0.0392491467577,0.0300518134715,1.25,20.0955631399,15.3865284974,25.1194539249,19.2331606218,19.2331606218,25.1194539249,483.126492069,1.30604919383
test,test/images/GF1_WFV1_E120.0_N36.3_20200423_L2A0004760887_10752_10752.png,test/labels/GF1_WFV1_E120.0_N36.3_20200423_L2A0004760887_10752_10752.txt,512,512,0,0,0.064453125,0.541015625,0.0390625,0.0234375,1.25,20,12,25,15,15,25,375,1.66666666667
test,test/images/GF1_WFV1_E120.0_N36.3_20200423_L2A0004760887_10752_8192.png,test/labels/GF1_WFV1_E120.0_N36.3_20200423_L2A0004760887_10752_8192.txt,512,512,0,0,0.01171875,0.9345703125,0.0234375,0.029296875,1.25,12,15,15,18.75,15,18.75,281.25,1.25
test,test/images/GF1_WFV1_E120.0_N36.3_20200423_L2A0004760887_10752_9216.png,test/labels/GF1_WFV1_E120.0_N36.3_20200423_L2A0004760887_10752_9216.txt,512,512,0,0,0.365234375,0.986328125,0.07421875,0.02734375,1.25,38,14,47.5,17.5,17.5,47.5,831.25,2.71428571429
test,test/images/GF1_WFV1_E120.0_N36.3_20200423_L2A0004760887_10752_9728.png,test/labels/GF1_WFV1_E120.0_N36.3_20200423_L2A0004760887_10752_9728.txt,512,512,0,0,0.7294921875,0.15234375,0.076171875,0.04296875,1.25,39,22,48.75,27.5,27.5,48.75,1340.625,1.77272727273
test,test/images/GF1_WFV1_E120.0_N36.3_20200423_L2A0004760887_10752_9728.png,test/labels/GF1_WFV1_E120.0_N36.3_20200423_L2A0004760887_10752_9728.txt,512,512,0,1,0.97265625,0.658203125,0.03515625,0.03515625,1.25,18,18,22.5,22.5,22.5,22.5,506.25,1
test,test/images/GF1_WFV1_E120.0_N36.3_20200423_L2A0004760887_10752_9728.png,test/labels/GF1_WFV1_E120.0_N36.3_20200423_L2A0004760887_10752_9728.txt,512,512,0,2,0.939453125,0.73046875,0.03125,0.02734375,1.25,16,14,20,17.5,17.5,20,350,1.14285714286
test,test/images/GF1_WFV1_E120.0_N36.3_20200423_L2A0004760887_10752_9728.png,test/labels/GF1_WFV1_E120.0_N36.3_20200423_L2A0004760887_10752_9728.txt,512,512,0,3,0.919921875,0.5478515625,0.046875,0.033203125,1.25,24,17,30,21.25,21.25,30,637.5,1.41176470588
test,test/images/GF1_WFV1_E120.0_N36.3_20200423_L2A0004760887_10752_9728.png,test/labels/GF1_WFV1_E120.0_N36.3_20200423_L2A0004760887_10752_9728.txt,512,512,0,4,0.5146484375,0.2783203125,0.037109375,0.025390625,1.25,19,13,23.75,16.25,16.25,23.75,385.9375,1.46153846154
test,test/images/GF1_WFV1_E120.0_N36.3_20200423_L2A0004760887_10752_9728.png,test/labels/GF1_WFV1_E120.0_N36.3_20200423_L2A0004760887_10752_9728.txt,512,512,0,5,0.4619140625,0.4111328125,0.021484375,0.041015625,1.25,11,21,13.75,26.25,13.75,26.25,360.9375,1.90909090909
test,test/images/GF1_WFV1_E120.0_N36.3_20200423_L2A0004760887_11776_13824.png,test/labels/GF1_WFV1_E120.0_N36.3_20200423_L2A0004760887_11776_13824.txt,512,512,0,0,0.53515625,0.4970703125,0.0625,0.041015625,1.25,32,21,40,26.25,26.25,40,1050,1.52380952381
test,test/images/GF1_WFV1_E120.0_N36.3_20200423_L2A0004760887_13312_10240.png,test/labels/GF1_WFV1_E120.0_N36.3_20200423_L2A0004760887_13312_10240.txt,512,512,0,0,0.6220703125,0.6640625,0.037109375,0.03515625,1.25,19,18,23.75,22.5,22.5,23.75,534.375,1.05555555556
test,test/images/GF1_WFV1_E120.0_N36.3_20200423_L2A0004760887_13312_10240.png,test/labels/GF1_WFV1_E120.0_N36.3_20200423_L2A0004760887_13312_10240.txt,512,512,0,1,0.826171875,0.69140625,0.0234375,0.03125,1.25,12,16,15,20,15,20,300,1.33333333333
test,test/images/GF1_WFV1_E120.0_N36.3_20200423_L2A0004760887_13312_10240.png,test/labels/GF1_WFV1_E120.0_N36.3_20200423_L2A0004760887_13312_10240.txt,512,512,0,2,0.85546875,0.6640625,0.02734375,0.03515625,1.25,14,18,17.5,22.5,17.5,22.5,393.75,1.28571428571
test,test/images/GF1_WFV1_E120.0_N36.3_20200423_L2A0004760887_13312_10240.png,test/labels/GF1_WFV1_E120.0_N36.3_20200423_L2A0004760887_13312_10240.txt,512,512,0,3,0.9853515625,0.701171875,0.029296875,0.03125,1.25,15,16,18.75,20,18.75,20,375,1.06666666667
test,test/images/GF1_WFV1_E120.0_N36.3_20200423_L2A0004760887_13312_8192.png,test/labels/GF1_WFV1_E120.0_N36.3_20200423_L2A0004760887_13312_8192.txt,512,512,0,0,0.12109375,0.763671875,0.0390625,0.03125,1.25,20,16,25,20,20,25,500,1.25
test,test/images/GF1_WFV1_E120.0_N36.3_20200423_L2A0004760887_13312_8192.png,test/labels/GF1_WFV1_E120.0_N36.3_20200423_L2A0004760887_13312_8192.txt,512,512,0,1,0.6328125,0.78125,0.03125,0.02734375,1.25,16,14,20,17.5,17.5,20,350,1.14285714286
test,test/images/GF1_WFV1_E120.0_N36.3_20200423_L2A0004760887_13312_8192.png,test/labels/GF1_WFV1_E120.0_N36.3_20200423_L2A0004760887_13312_8192.txt,512,512,0,2,0.873046875,0.81640625,0.03125,0.0234375,1.25,16,12,20,15,15,20,300,1.33333333333
test,test/images/GF1_WFV1_E120.0_N36.3_20200423_L2A0004760887_13312_8192.png,test/labels/GF1_WFV1_E120.0_N36.3_20200423_L2A0004760887_13312_8192.txt,512,512,0,3,0.892578125,0.1767578125,0.0390625,0.033203125,1.25,20,17,25,21.25,21.25,25,531.25,1.17647058824
test,test/images/GF1_WFV1_E120.0_N36.3_20200423_L2A0004760887_13312_8192.png,test/labels/GF1_WFV1_E120.0_N36.3_20200423_L2A0004760887_13312_8192.txt,512,512,0,4,0.7119140625,0.447265625,0.033203125,0.03125,1.25,17,16,21.25,20,20,21.25,425,1.0625
test,test/images/GF1_WFV1_E120.0_N36.3_20200423_L2A0004760887_13312_9728.png,test/labels/GF1_WFV1_E120.0_N36.3_20200423_L2A0004760887_13312_9728.txt,512,512,0,0,0.1943359375,0.955078125,0.052734375,0.046875,1.25,27,24,33.75,30,30,33.75,1012.5,1.125
test,test/images/GF1_WFV1_E120.0_N36.3_20200423_L2A0004760887_13312_9728.png,test/labels/GF1_WFV1_E120.0_N36.3_20200423_L2A0004760887_13312_9728.txt,512,512,0,1,0.5029296875,0.7724609375,0.044921875,0.033203125,1.25,23,17,28.75,21.25,21.25,28.75,610.9375,1.35294117647
test,test/images/GF1_WFV1_E120.0_N36.3_20200423_L2A0004760887_14336_6656.png,test/labels/GF1_WFV1_E120.0_N36.3_20200423_L2A0004760887_14336_6656.txt,512,512,0,0,0.6708984375,0.4619140625,0.060546875,0.033203125,1.25,31,17,38.75,21.25,21.25,38.75,823.4375,1.82352941176
test,test/images/GF1_WFV1_E120.0_N36.3_20200423_L2A0004760887_14848_11264.png,test/labels/GF1_WFV1_E120.0_N36.3_20200423_L2A0004760887_14848_11264.txt,512,512,0,0,0.802734375,0.3740234375,0.0546875,0.041015625,1.25,28,21,35,26.25,26.25,35,918.75,1.33333333333
test,test/images/GF1_WFV1_E120.0_N36.3_20200423_L2A0004760887_14848_11264.png,test/labels/GF1_WFV1_E120.0_N36.3_20200423_L2A0004760887_14848_11264.txt,512,512,0,1,0.0595703125,0.4384765625,0.029296875,0.033203125,1.25,15,17,18.75,21.25,18.75,21.25,398.4375,1.13333333333
test,test/images/GF1_WFV1_E120.0_N36.3_20200423_L2A0004760887_14848_11264.png,test/labels/GF1_WFV1_E120.0_N36.3_20200423_L2A0004760887_14848_11264.txt,512,512,0,2,0.78125,0.9306640625,0.08203125,0.029296875,1.25,42,15,52.5,18.75,18.75,52.5,984.375,2.8
test,test/images/GF1_WFV1_E120.0_N36.3_20200423_L2A0004760887_14848_14696.png,test/labels/GF1_WFV1_E120.0_N36.3_20200423_L2A0004760887_14848_14696.txt,512,512,0,0,0.228515625,0.541015625,0.0390625,0.03515625,1.25,20,18,25,22.5,22.5,25,562.5,1.11111111111
test,test/images/GF1_WFV1_E120.0_N36.3_20200423_L2A0004760887_14848_14696.png,test/labels/GF1_WFV1_E120.0_N36.3_20200423_L2A0004760887_14848_14696.txt,512,512,0,1,0.2353515625,0.6962890625,0.037109375,0.029296875,1.25,19,15,23.75,18.75,18.75,23.75,445.3125,1.26666666667
test,test/images/GF1_WFV1_E120.0_N36.3_20200423_L2A0004760887_14973_8192.png,test/labels/GF1_WFV1_E120.0_N36.3_20200423_L2A0004760887_14973_8192.txt,512,512,0,0,0.150390625,0.72265625,0.05859375,0.0390625,1.25,30,20,37.5,25,25,37.5,937.5,1.5
test,test/images/GF1_WFV1_E120.0_N36.3_20200423_L2A0004760887_15360_6656.png,test/labels/GF1_WFV1_E120.0_N36.3_20200423_L2A0004760887_15360_6656.txt,512,512,0,0,0.849609375,0.412109375,0.0546875,0.0390625,1.25,28,20,35,25,25,35,875,1.4
test,test/images/GF1_WFV1_E120.0_N36.3_20200423_L2A0004760887_15360_6656.png,test/labels/GF1_WFV1_E120.0_N36.3_20200423_L2A0004760887_15360_6656.txt,512,512,0,1,0.7724609375,0.5537109375,0.033203125,0.029296875,1.25,17,15,21.25,18.75,18.75,21.25,398.4375,1.13333333333
test,test/images/GF1_WFV1_E120.0_N36.3_20200423_L2A0004760887_15360_6656.png,test/labels/GF1_WFV1_E120.0_N36.3_20200423_L2A0004760887_15360_6656.txt,512,512,0,2,0.1845703125,0.1982421875,0.021484375,0.037109375,1.25,11,19,13.75,23.75,13.75,23.75,326.5625,1.72727272727
test,test/images/GF1_WFV1_E120.0_N36.3_20200423_L2A0004760887_15485_10752.png,test/labels/GF1_WFV1_E120.0_N36.3_20200423_L2A0004760887_15485_10752.txt,512,512,0,0,0.2783203125,0.19921875,0.033203125,0.03125,1.25,17,16,21.25,20,20,21.25,425,1.0625
test,test/images/GF1_WFV1_E120.0_N36.3_20200423_L2A0004760887_15485_10752.png,test/labels/GF1_WFV1_E120.0_N36.3_20200423_L2A0004760887_15485_10752.txt,512,512,0,1,0.3291015625,0.1640625,0.037109375,0.03125,1.25,19,16,23.75,20,20,23.75,475,1.1875
test,test/images/GF1_WFV1_E120.0_N36.3_20200423_L2A0004760887_15485_5632.png,test/labels/GF1_WFV1_E120.0_N36.3_20200423_L2A0004760887_15485_5632.txt,512,512,0,0,0.896484375,0.12109375,0.02734375,0.04296875,1.25,14,22,17.5,27.5,17.5,27.5,481.25,1.57142857143
test,test/images/GF1_WFV1_E120.0_N36.3_20200423_L2A0004760887_15485_7168.png,test/labels/GF1_WFV1_E120.0_N36.3_20200423_L2A0004760887_15485_7168.txt,512,512,0,0,0.97265625,0.3837890625,0.04296875,0.037109375,1.25,22,19,27.5,23.75,23.75,27.5,653.125,1.15789473684
test,test/images/GF1_WFV1_E120.0_N36.3_20200423_L2A0004760887_15485_7168.png,test/labels/GF1_WFV1_E120.0_N36.3_20200423_L2A0004760887_15485_7168.txt,512,512,0,1,0.8994140625,0.28125,0.037109375,0.04296875,1.25,19,22,23.75,27.5,23.75,27.5,653.125,1.15789473684
test,test/images/GF1_WFV1_E120.0_N36.3_20200423_L2A0004760887_15485_8704.png,test/labels/GF1_WFV1_E120.0_N36.3_20200423_L2A0004760887_15485_8704.txt,512,512,0,0,0.845703125,0.171875,0.0546875,0.04296875,1.25,28,22,35,27.5,27.5,35,962.5,1.27272727273
test,test/images/GF1_WFV1_E120.0_N36.3_20200423_L2A0004760887_15872_6144.png,test/labels/GF1_WFV1_E120.0_N36.3_20200423_L2A0004760887_15872_6144.txt,512,512,0,0,0.1416015625,0.0791015625,0.041015625,0.048828125,1.25,21,25,26.25,31.25,26.25,31.25,820.3125,1.19047619048
test,test/images/GF1_WFV1_E120.0_N36.3_20200423_L2A0004760887_15872_6144.png,test/labels/GF1_WFV1_E120.0_N36.3_20200423_L2A0004760887_15872_6144.txt,512,512,0,1,0.9814453125,0.4375,0.017578125,0.03515625,1.25,9,18,11.25,22.5,11.25,22.5,253.125,2
test,test/images/GF1_WFV1_E120.0_N36.3_20200423_L2A0004760887_15872_6656.png,test/labels/GF1_WFV1_E120.0_N36.3_20200423_L2A0004760887_15872_6656.txt,512,512,0,0,0.1416015625,0.3330078125,0.037109375,0.044921875,1.25,19,23,23.75,28.75,23.75,28.75,682.8125,1.21052631579
test,test/images/GF1_WFV1_E120.0_N36.3_20200423_L2A0004760887_15872_6656.png,test/labels/GF1_WFV1_E120.0_N36.3_20200423_L2A0004760887_15872_6656.txt,512,512,0,1,0.0078125,0.85546875,0.015625,0.04296875,1.25,8,22,10,27.5,10,27.5,275,2.75
test,test/images/GF1_WFV1_E120.0_N36.3_20200423_L2A0004760887_15997_7168.png,test/labels/GF1_WFV1_E120.0_N36.3_20200423_L2A0004760887_15997_7168.txt,512,512,0,0,0.203125,0.626953125,0.046875,0.0390625,1.25,24,20,30,25,25,30,750,1.2
test,test/images/GF1_WFV1_E120.0_N36.3_20200423_L2A0004760887_9216_11264.png,test/labels/GF1_WFV1_E120.0_N36.3_20200423_L2A0004760887_9216_11264.txt,512,512,0,0,0.9169921875,0.283203125,0.056640625,0.04296875,1.25,29,22,36.25,27.5,27.5,36.25,996.875,1.31818181818
test,test/images/GF1_WFV1_E120.0_N36.3_20200423_L2A0004760887_9216_11264.png,test/labels/GF1_WFV1_E120.0_N36.3_20200423_L2A0004760887_9216_11264.txt,512,512,0,1,0.85546875,0.3623046875,0.05859375,0.041015625,1.25,30,21,37.5,26.25,26.25,37.5,984.375,1.42857142857
test,test/images/GF1_WFV2_E111.6_N17.5_20200703_L2A0004902588_12389_9216.png,test/labels/GF1_WFV2_E111.6_N17.5_20200703_L2A0004902588_12389_9216.txt,512,512,0,0,0.361328125,0.4208984375,0.03515625,0.048828125,1.25,18,25,22.5,31.25,22.5,31.25,703.125,1.38888888889
test,test/images/GF1_WFV2_E111.6_N17.5_20200703_L2A0004902588_9728_2048.png,test/labels/GF1_WFV2_E111.6_N17.5_20200703_L2A0004902588_9728_2048.txt,512,512,0,0,0.333984375,0.986328125,0.04296875,0.02734375,1.25,22,14,27.5,17.5,17.5,27.5,481.25,1.57142857143
test,test/images/GF1_WFV2_E112.0_N19.2_20200703_L2A0004902375_2560_2048.png,test/labels/GF1_WFV2_E112.0_N19.2_20200703_L2A0004902375_2560_2048.txt,512,512,0,0,0.9208984375,0.787109375,0.052734375,0.03515625,1.25,27,18,33.75,22.5,22.5,33.75,759.375,1.5
test,test/images/GF1_WFV2_E118.9_N24.3_20200710_L2A0004922278_1024_11776.png,test/labels/GF1_WFV2_E118.9_N24.3_20200710_L2A0004922278_1024_11776.txt,512,512,0,0,0.265625,0.390625,0.0546875,0.05078125,1.25,28,26,35,32.5,32.5,35,1137.5,1.07692307692
test,test/images/GF1_WFV2_E118.9_N24.3_20200710_L2A0004922278_1024_11776.png,test/labels/GF1_WFV2_E118.9_N24.3_20200710_L2A0004922278_1024_11776.txt,512,512,0,1,0.1630859375,0.62109375,0.041015625,0.05859375,1.25,21,30,26.25,37.5,26.25,37.5,984.375,1.42857142857
test,test/images/GF1_WFV2_E118.9_N24.3_20200710_L2A0004922278_1024_11776.png,test/labels/GF1_WFV2_E118.9_N24.3_20200710_L2A0004922278_1024_11776.txt,512,512,0,2,0.021484375,0.6142578125,0.04296875,0.080078125,1.25,22,41,27.5,51.25,27.5,51.25,1409.375,1.86363636364
test,test/images/GF1_WFV2_E118.9_N24.3_20200710_L2A0004922278_1024_11776.png,test/labels/GF1_WFV2_E118.9_N24.3_20200710_L2A0004922278_1024_11776.txt,512,512,0,3,0.0145051194539,0.502590673575,0.0255972696246,0.0310880829016,1.25,13.1058020478,15.9170984456,16.3822525597,19.896373057,16.3822525597,19.896373057,325.947408442,1.21450777202
test,test/images/GF1_WFV2_E118.9_N24.3_20200710_L2A0004922278_10752_14629.png,test/labels/GF1_WFV2_E118.9_N24.3_20200710_L2A0004922278_10752_14629.txt,512,512,0,0,0.87890625,0.060546875,0.03125,0.0390625,1.25,16,20,20,25,20,25,500,1.25
test,test/images/GF1_WFV2_E118.9_N24.3_20200710_L2A0004922278_10752_14629.png,test/labels/GF1_WFV2_E118.9_N24.3_20200710_L2A0004922278_10752_14629.txt,512,512,0,1,0.287109375,0.470703125,0.04296875,0.03125,1.25,22,16,27.5,20,20,27.5,550,1.375
test,test/images/GF1_WFV2_E118.9_N24.3_20200710_L2A0004922278_10752_14629.png,test/labels/GF1_WFV2_E118.9_N24.3_20200710_L2A0004922278_10752_14629.txt,512,512,0,2,0.3681640625,0.53515625,0.017578125,0.02734375,1.25,9,14,11.25,17.5,11.25,17.5,196.875,1.55555555556
test,test/images/GF1_WFV2_E118.9_N24.3_20200710_L2A0004922278_11264_4608.png,test/labels/GF1_WFV2_E118.9_N24.3_20200710_L2A0004922278_11264_4608.txt,512,512,0,0,0.375853242321,0.558549222798,0.0332764505119,0.0373056994819,1.25,17.0375426621,19.1005181347,21.2969283276,23.8756476684,21.2969283276,23.8756476684,508.47795717,1.12108409725
test,test/images/GF1_WFV2_E118.9_N24.3_20200710_L2A0004922278_11264_5120.png,test/labels/GF1_WFV2_E118.9_N24.3_20200710_L2A0004922278_11264_5120.txt,512,512,0,0,0.7333984375,0.2099609375,0.048828125,0.041015625,1.25,25,21,31.25,26.25,26.25,31.25,820.3125,1.19047619048
test,test/images/GF1_WFV2_E118.9_N24.3_20200710_L2A0004922278_12288_12800.png,test/labels/GF1_WFV2_E118.9_N24.3_20200710_L2A0004922278_12288_12800.txt,512,512,0,0,0.1171875,0.048828125,0.0625,0.0390625,1.25,32,20,40,25,25,40,1000,1.6
test,test/images/GF1_WFV2_E118.9_N24.3_20200710_L2A0004922278_1536_12288.png,test/labels/GF1_WFV2_E118.9_N24.3_20200710_L2A0004922278_1536_12288.txt,512,512,0,0,0.6806640625,0.5478515625,0.037109375,0.037109375,1.25,19,19,23.75,23.75,23.75,23.75,564.0625,1
test,test/images/GF1_WFV2_E118.9_N24.3_20200710_L2A0004922278_3072_7168.png,test/labels/GF1_WFV2_E118.9_N24.3_20200710_L2A0004922278_3072_7168.txt,512,512,0,0,0.181640625,0.349609375,0.06640625,0.06640625,1.25,34,34,42.5,42.5,42.5,42.5,1806.25,1
test,test/images/GF1_WFV2_E118.9_N24.3_20200710_L2A0004922278_3072_8192.png,test/labels/GF1_WFV2_E118.9_N24.3_20200710_L2A0004922278_3072_8192.txt,512,512,0,0,0.7919921875,0.634765625,0.041015625,0.03515625,1.25,21,18,26.25,22.5,22.5,26.25,590.625,1.16666666667
test,test/images/GF1_WFV2_E118.9_N24.3_20200710_L2A0004922278_3072_8192.png,test/labels/GF1_WFV2_E118.9_N24.3_20200710_L2A0004922278_3072_8192.txt,512,512,0,1,0.8486328125,0.619140625,0.037109375,0.03515625,1.25,19,18,23.75,22.5,22.5,23.75,534.375,1.05555555556
test,test/images/GF1_WFV2_E118.9_N24.3_20200710_L2A0004922278_6144_13312.png,test/labels/GF1_WFV2_E118.9_N24.3_20200710_L2A0004922278_6144_13312.txt,512,512,0,0,0.32421875,0.408203125,0.0390625,0.0390625,1.25,20,20,25,25,25,25,625,1
test,test/images/GF1_WFV2_E118.9_N24.3_20200710_L2A0004922278_6144_13312.png,test/labels/GF1_WFV2_E118.9_N24.3_20200710_L2A0004922278_6144_13312.txt,512,512,0,1,0.5341796875,0.1357421875,0.037109375,0.037109375,1.25,19,19,23.75,23.75,23.75,23.75,564.0625,1
test,test/images/GF1_WFV2_E118.9_N24.3_20200710_L2A0004922278_6144_13312.png,test/labels/GF1_WFV2_E118.9_N24.3_20200710_L2A0004922278_6144_13312.txt,512,512,0,2,0.5322265625,0.1884765625,0.044921875,0.037109375,1.25,23,19,28.75,23.75,23.75,28.75,682.8125,1.21052631579
test,test/images/GF1_WFV2_E118.9_N24.3_20200710_L2A0004922278_9728_10752.png,test/labels/GF1_WFV2_E118.9_N24.3_20200710_L2A0004922278_9728_10752.txt,512,512,0,0,0.2890625,0.0947265625,0.0546875,0.048828125,1.25,28,25,35,31.25,31.25,35,1093.75,1.12
test,test/images/GF1_WFV2_E123.6_N29.3_20190910_L2A0004239231_1536_5120.png,test/labels/GF1_WFV2_E123.6_N29.3_20190910_L2A0004239231_1536_5120.txt,512,512,0,0,0.0478515625,0.220703125,0.052734375,0.046875,1.25,27,24,33.75,30,30,33.75,1012.5,1.125
test,test/images/GF1_WFV2_E123.6_N29.3_20190910_L2A0004239231_1536_5120.png,test/labels/GF1_WFV2_E123.6_N29.3_20190910_L2A0004239231_1536_5120.txt,512,512,0,1,0.01953125,0.5302734375,0.0390625,0.037109375,1.25,20,19,25,23.75,23.75,25,593.75,1.05263157895
test,test/images/GF1_WFV2_E123.6_N29.3_20190910_L2A0004239231_2048_4096.png,test/labels/GF1_WFV2_E123.6_N29.3_20190910_L2A0004239231_2048_4096.txt,512,512,0,0,0.5107421875,0.68359375,0.060546875,0.04296875,1.25,31,22,38.75,27.5,27.5,38.75,1065.625,1.40909090909
test,test/images/GF1_WFV2_E123.6_N29.3_20190910_L2A0004239231_2048_4096.png,test/labels/GF1_WFV2_E123.6_N29.3_20190910_L2A0004239231_2048_4096.txt,512,512,0,1,0.1005859375,0.5517578125,0.056640625,0.052734375,1.25,29,27,36.25,33.75,33.75,36.25,1223.4375,1.07407407407
test,test/images/GF1_WFV2_E123.6_N29.3_20190910_L2A0004239231_2048_4096.png,test/labels/GF1_WFV2_E123.6_N29.3_20190910_L2A0004239231_2048_4096.txt,512,512,0,2,0.2919921875,0.5361328125,0.044921875,0.052734375,1.25,23,27,28.75,33.75,28.75,33.75,970.3125,1.17391304348
test,test/images/GF1_WFV2_E123.6_N29.3_20190910_L2A0004239231_2048_4096.png,test/labels/GF1_WFV2_E123.6_N29.3_20190910_L2A0004239231_2048_4096.txt,512,512,0,3,0.2666015625,0.021484375,0.080078125,0.0390625,1.25,41,20,51.25,25,25,51.25,1281.25,2.05
test,test/images/GF1_WFV2_E123.6_N29.3_20190910_L2A0004239231_2048_4608.png,test/labels/GF1_WFV2_E123.6_N29.3_20190910_L2A0004239231_2048_4608.txt,512,512,0,0,0.91796875,0.3466796875,0.06640625,0.052734375,1.25,34,27,42.5,33.75,33.75,42.5,1434.375,1.25925925926
test,test/images/GF1_WFV2_E123.6_N29.3_20190910_L2A0004239231_2048_4608.png,test/labels/GF1_WFV2_E123.6_N29.3_20190910_L2A0004239231_2048_4608.txt,512,512,0,1,0.861328125,0.2265625,0.0703125,0.0625,1.25,36,32,45,40,40,45,1800,1.125
test,test/images/GF1_WFV2_E123.6_N29.3_20190910_L2A0004239231_2048_4608.png,test/labels/GF1_WFV2_E123.6_N29.3_20190910_L2A0004239231_2048_4608.txt,512,512,0,2,0.875,0.083984375,0.04296875,0.04296875,1.25,22,22,27.5,27.5,27.5,27.5,756.25,1
test,test/images/GF1_WFV2_E123.6_N29.3_20190910_L2A0004239231_2048_4608.png,test/labels/GF1_WFV2_E123.6_N29.3_20190910_L2A0004239231_2048_4608.txt,512,512,0,3,0.224609375,0.216796875,0.05859375,0.04296875,1.25,30,22,37.5,27.5,27.5,37.5,1031.25,1.36363636364
test,test/images/GF1_WFV2_E123.6_N29.3_20190910_L2A0004239231_2048_4608.png,test/labels/GF1_WFV2_E123.6_N29.3_20190910_L2A0004239231_2048_4608.txt,512,512,0,4,0.1396484375,0.5048828125,0.068359375,0.052734375,1.25,35,27,43.75,33.75,33.75,43.75,1476.5625,1.2962962963
test,test/images/GF1_WFV2_E123.6_N29.3_20190910_L2A0004239231_2048_5632.png,test/labels/GF1_WFV2_E123.6_N29.3_20190910_L2A0004239231_2048_5632.txt,512,512,0,0,0.25,0.095703125,0.0625,0.03125,1.25,32,16,40,20,20,40,800,2
test,test/images/GF1_WFV2_E123.6_N29.3_20190910_L2A0004239231_2048_8192.png,test/labels/GF1_WFV2_E123.6_N29.3_20190910_L2A0004239231_2048_8192.txt,512,512,0,0,0.744140625,0.75390625,0.0625,0.046875,1.25,32,24,40,30,30,40,1200,1.33333333333
test,test/images/GF1_WFV2_E123.6_N29.3_20190910_L2A0004239231_2048_9216.png,test/labels/GF1_WFV2_E123.6_N29.3_20190910_L2A0004239231_2048_9216.txt,512,512,0,0,0.9853515625,0.5888671875,0.029296875,0.044921875,1.25,15,23,18.75,28.75,18.75,28.75,539.0625,1.53333333333
test,test/images/GF1_WFV2_E123.6_N29.3_20190910_L2A0004239231_2560_11776.png,test/labels/GF1_WFV2_E123.6_N29.3_20190910_L2A0004239231_2560_11776.txt,512,512,0,0,0.5556640625,0.2939453125,0.021484375,0.025390625,1.25,11,13,13.75,16.25,13.75,16.25,223.4375,1.18181818182
test,test/images/GF1_WFV2_E123.6_N29.3_20190910_L2A0004239231_2560_6144.png,test/labels/GF1_WFV2_E123.6_N29.3_20190910_L2A0004239231_2560_6144.txt,512,512,0,0,0.044921875,0.9775390625,0.05859375,0.044921875,1.25,30,23,37.5,28.75,28.75,37.5,1078.125,1.30434782609
test,test/images/GF1_WFV2_E123.6_N29.3_20190910_L2A0004239231_3072_1536.png,test/labels/GF1_WFV2_E123.6_N29.3_20190910_L2A0004239231_3072_1536.txt,512,512,0,0,0.6552734375,0.76953125,0.048828125,0.04296875,1.25,25,22,31.25,27.5,27.5,31.25,859.375,1.13636363636
test,test/images/GF1_WFV2_E123.6_N29.3_20190910_L2A0004239231_3072_6144.png,test/labels/GF1_WFV2_E123.6_N29.3_20190910_L2A0004239231_3072_6144.txt,512,512,0,0,0.83203125,0.2783203125,0.08203125,0.041015625,1.25,42,21,52.5,26.25,26.25,52.5,1378.125,2
test,test/images/GF1_WFV2_E123.6_N29.3_20190910_L2A0004239231_3584_2560.png,test/labels/GF1_WFV2_E123.6_N29.3_20190910_L2A0004239231_3584_2560.txt,512,512,0,0,0.9111328125,0.3896484375,0.060546875,0.041015625,1.25,31,21,38.75,26.25,26.25,38.75,1017.1875,1.47619047619
test,test/images/GF1_WFV2_E123.6_N29.3_20190910_L2A0004239231_3584_5120.png,test/labels/GF1_WFV2_E123.6_N29.3_20190910_L2A0004239231_3584_5120.txt,512,512,0,0,0.138671875,0.7353515625,0.046875,0.052734375,1.25,24,27,30,33.75,30,33.75,1012.5,1.125
test,test/images/GF1_WFV2_E123.6_N29.3_20190910_L2A0004239231_3584_5120.png,test/labels/GF1_WFV2_E123.6_N29.3_20190910_L2A0004239231_3584_5120.txt,512,512,0,1,0.0998293515358,0.854404145078,0.0170648464164,0.0176165803109,1.25,8.73720136519,9.01968911917,10.9215017065,11.274611399,10.9215017065,11.274611399,123.135687634,1.03233160622
test,test/images/GF1_WFV2_E123.6_N29.3_20190910_L2A0004239231_4096_12800.png,test/labels/GF1_WFV2_E123.6_N29.3_20190910_L2A0004239231_4096_12800.txt,512,512,0,0,0.953125,0.3828125,0.04296875,0.0546875,1.25,22,28,27.5,35,27.5,35,962.5,1.27272727273
test,test/images/GF1_WFV2_E123.6_N29.3_20190910_L2A0004239231_4608_1024.png,test/labels/GF1_WFV2_E123.6_N29.3_20190910_L2A0004239231_4608_1024.txt,512,512,0,0,0.01171875,0.443359375,0.0234375,0.0390625,1.25,12,20,15,25,15,25,375,1.66666666667
test,test/images/GF1_WFV2_E123.6_N29.3_20190910_L2A0004239231_4608_5632.png,test/labels/GF1_WFV2_E123.6_N29.3_20190910_L2A0004239231_4608_5632.txt,512,512,0,0,0.357421875,0.078125,0.05859375,0.03515625,1.25,30,18,37.5,22.5,22.5,37.5,843.75,1.66666666667
test,test/images/GF1_WFV2_E123.6_N29.3_20190910_L2A0004239231_5120_12800.png,test/labels/GF1_WFV2_E123.6_N29.3_20190910_L2A0004239231_5120_12800.txt,512,512,0,0,0.689453125,0.5,0.0390625,0.04296875,1.25,20,22,25,27.5,25,27.5,687.5,1.1
test,test/images/GF1_WFV2_E123.6_N29.3_20190910_L2A0004239231_5120_7168.png,test/labels/GF1_WFV2_E123.6_N29.3_20190910_L2A0004239231_5120_7168.txt,512,512,0,0,0.576171875,0.5078125,0.046875,0.0546875,1.25,24,28,30,35,30,35,1050,1.16666666667
test,test/images/GF1_WFV2_E123.6_N29.3_20190910_L2A0004239231_5120_7168.png,test/labels/GF1_WFV2_E123.6_N29.3_20190910_L2A0004239231_5120_7168.txt,512,512,0,1,0.57421875,0.90234375,0.0546875,0.06640625,1.25,28,34,35,42.5,35,42.5,1487.5,1.21428571429
test,test/images/GF1_WFV2_E123.6_N29.3_20190910_L2A0004239231_512_10240.png,test/labels/GF1_WFV2_E123.6_N29.3_20190910_L2A0004239231_512_10240.txt,512,512,0,0,0.294921875,0.1259765625,0.03515625,0.044921875,1.25,18,23,22.5,28.75,22.5,28.75,646.875,1.27777777778
test,test/images/GF1_WFV2_E123.6_N29.3_20190910_L2A0004239231_6144_2560.png,test/labels/GF1_WFV2_E123.6_N29.3_20190910_L2A0004239231_6144_2560.txt,512,512,0,0,0.2548828125,0.888671875,0.041015625,0.0546875,1.25,21,28,26.25,35,26.25,35,918.75,1.33333333333
test,test/images/GF1_WFV2_E123.6_N29.3_20190910_L2A0004239231_6656_2560.png,test/labels/GF1_WFV2_E123.6_N29.3_20190910_L2A0004239231_6656_2560.txt,512,512,0,0,0.1650390625,0.4384765625,0.052734375,0.041015625,1.25,27,21,33.75,26.25,26.25,33.75,885.9375,1.28571428571
test,test/images/GF1_WFV2_E123.6_N29.3_20190910_L2A0004239231_8704_11776.png,test/labels/GF1_WFV2_E123.6_N29.3_20190910_L2A0004239231_8704_11776.txt,512,512,0,0,0.7734375,0.5712890625,0.0234375,0.033203125,1.25,12,17,15,21.25,15,21.25,318.75,1.41666666667
test,test/images/GF1_WFV2_E123.6_N29.3_20190910_L2A0004239231_8704_11776.png,test/labels/GF1_WFV2_E123.6_N29.3_20190910_L2A0004239231_8704_11776.txt,512,512,0,1,0.9892578125,0.9560546875,0.021484375,0.025390625,1.25,11,13,13.75,16.25,13.75,16.25,223.4375,1.18181818182
test,test/images/GF1_WFV2_E123.6_N29.3_20190910_L2A0004239231_9728_13312.png,test/labels/GF1_WFV2_E123.6_N29.3_20190910_L2A0004239231_9728_13312.txt,512,512,0,0,0.65625,0.7177734375,0.05078125,0.048828125,1.25,26,25,32.5,31.25,31.25,32.5,1015.625,1.04
test,test/images/GF1_WFV2_E129.9_N19.2_20200630_L2A0004898208_10240_4608.png,test/labels/GF1_WFV2_E129.9_N19.2_20200630_L2A0004898208_10240_4608.txt,512,512,0,0,0.2314453125,0.4208984375,0.052734375,0.041015625,1.25,27,21,33.75,26.25,26.25,33.75,885.9375,1.28571428571
test,test/images/GF1_WFV2_E129.9_N19.2_20200630_L2A0004898208_10752_7168.png,test/labels/GF1_WFV2_E129.9_N19.2_20200630_L2A0004898208_10752_7168.txt,512,512,0,0,0.0810546875,0.9462890625,0.052734375,0.052734375,1.25,27,27,33.75,33.75,33.75,33.75,1139.0625,1
test,test/images/GF1_WFV3_E112.3_N21.4_20190806_L2A0004164428_10752_10240.png,test/labels/GF1_WFV3_E112.3_N21.4_20190806_L2A0004164428_10752_10240.txt,512,512,0,0,0.8671875,0.40625,0.06640625,0.04296875,1.25,34,22,42.5,27.5,27.5,42.5,1168.75,1.54545454545
test,test/images/GF1_WFV3_E112.3_N21.4_20190806_L2A0004164428_11264_9216.png,test/labels/GF1_WFV3_E112.3_N21.4_20190806_L2A0004164428_11264_9216.txt,512,512,0,0,0.2138671875,0.7041015625,0.025390625,0.037109375,1.25,13,19,16.25,23.75,16.25,23.75,385.9375,1.46153846154
test,test/images/GF1_WFV3_E112.3_N21.4_20190806_L2A0004164428_11264_9728.png,test/labels/GF1_WFV3_E112.3_N21.4_20190806_L2A0004164428_11264_9728.txt,512,512,0,0,0.1337890625,0.912109375,0.033203125,0.04296875,1.25,17,22,21.25,27.5,21.25,27.5,584.375,1.29411764706
test,test/images/GF1_WFV3_E112.3_N21.4_20190806_L2A0004164428_11264_9728.png,test/labels/GF1_WFV3_E112.3_N21.4_20190806_L2A0004164428_11264_9728.txt,512,512,0,1,0.041015625,0.02734375,0.01953125,0.03515625,1.25,10,18,12.5,22.5,12.5,22.5,281.25,1.8
test,test/images/GF1_WFV3_E112.3_N21.4_20190806_L2A0004164428_11264_9728.png,test/labels/GF1_WFV3_E112.3_N21.4_20190806_L2A0004164428_11264_9728.txt,512,512,0,2,0.076171875,0.0380859375,0.0234375,0.033203125,1.25,12,17,15,21.25,15,21.25,318.75,1.41666666667
test,test/images/GF1_WFV3_E112.3_N21.4_20190806_L2A0004164428_11776_5120.png,test/labels/GF1_WFV3_E112.3_N21.4_20190806_L2A0004164428_11776_5120.txt,512,512,0,0,0.658203125,0.9091796875,0.0703125,0.052734375,1.25,36,27,45,33.75,33.75,45,1518.75,1.33333333333
test,test/images/GF1_WFV3_E112.3_N21.4_20190806_L2A0004164428_11776_5632.png,test/labels/GF1_WFV3_E112.3_N21.4_20190806_L2A0004164428_11776_5632.txt,512,512,0,0,0.416015625,0.0859375,0.05859375,0.05078125,1.25,30,26,37.5,32.5,32.5,37.5,1218.75,1.15384615385
test,test/images/GF1_WFV3_E112.3_N21.4_20190806_L2A0004164428_11776_5632.png,test/labels/GF1_WFV3_E112.3_N21.4_20190806_L2A0004164428_11776_5632.txt,512,512,0,1,0.73046875,0.8173828125,0.04296875,0.041015625,1.25,22,21,27.5,26.25,26.25,27.5,721.875,1.04761904762
test,test/images/GF1_WFV3_E112.3_N21.4_20190806_L2A0004164428_12593_7680.png,test/labels/GF1_WFV3_E112.3_N21.4_20190806_L2A0004164428_12593_7680.txt,512,512,0,0,0.455078125,0.2626953125,0.0546875,0.033203125,1.25,28,17,35,21.25,21.25,35,743.75,1.64705882353
test,test/images/GF1_WFV3_E112.3_N21.4_20190806_L2A0004164428_12593_7680.png,test/labels/GF1_WFV3_E112.3_N21.4_20190806_L2A0004164428_12593_7680.txt,512,512,0,1,0.3740234375,0.626953125,0.029296875,0.04296875,1.25,15,22,18.75,27.5,18.75,27.5,515.625,1.46666666667
test,test/images/GF1_WFV3_E112.3_N21.4_20190806_L2A0004164428_12593_7680.png,test/labels/GF1_WFV3_E112.3_N21.4_20190806_L2A0004164428_12593_7680.txt,512,512,0,2,0.44140625,0.6884765625,0.0390625,0.048828125,1.25,20,25,25,31.25,25,31.25,781.25,1.25
test,test/images/GF1_WFV3_E112.3_N21.4_20190806_L2A0004164428_12800_4608.png,test/labels/GF1_WFV3_E112.3_N21.4_20190806_L2A0004164428_12800_4608.txt,512,512,0,0,0.599609375,0.4267578125,0.06640625,0.044921875,1.25,34,23,42.5,28.75,28.75,42.5,1221.875,1.47826086957
test,test/images/GF1_WFV3_E112.3_N21.4_20190806_L2A0004164428_12800_4608.png,test/labels/GF1_WFV3_E112.3_N21.4_20190806_L2A0004164428_12800_4608.txt,512,512,0,1,0.205631399317,0.190155440415,0.0255972696246,0.0259067357513,1.25,13.1058020478,13.2642487047,16.3822525597,16.5803108808,16.3822525597,16.5803108808,271.622840369,1.01208981002
test,test/images/GF1_WFV3_E112.3_N21.4_20190806_L2A0004164428_4096_7680.png,test/labels/GF1_WFV3_E112.3_N21.4_20190806_L2A0004164428_4096_7680.txt,512,512,0,0,0.1630859375,0.3486328125,0.025390625,0.025390625,1.25,13,13,16.25,16.25,16.25,16.25,264.0625,1
test,test/images/GF1_WFV3_E112.3_N21.4_20190806_L2A0004164428_4608_10752.png,test/labels/GF1_WFV3_E112.3_N21.4_20190806_L2A0004164428_4608_10752.txt,512,512,0,0,0.4990234375,0.5048828125,0.052734375,0.037109375,1.25,27,19,33.75,23.75,23.75,33.75,801.5625,1.42105263158
test,test/images/GF1_WFV3_E112.3_N21.4_20190806_L2A0004164428_6144_11264.png,test/labels/GF1_WFV3_E112.3_N21.4_20190806_L2A0004164428_6144_11264.txt,512,512,0,0,0.4453125,0.7333984375,0.03515625,0.029296875,1.25,18,15,22.5,18.75,18.75,22.5,421.875,1.2
test,test/images/GF1_WFV3_E112.3_N21.4_20190806_L2A0004164428_6144_11264.png,test/labels/GF1_WFV3_E112.3_N21.4_20190806_L2A0004164428_6144_11264.txt,512,512,0,1,0.46484375,0.76953125,0.0390625,0.03515625,1.25,20,18,25,22.5,22.5,25,562.5,1.11111111111
test,test/images/GF1_WFV3_E112.3_N21.4_20190806_L2A0004164428_7168_9216.png,test/labels/GF1_WFV3_E112.3_N21.4_20190806_L2A0004164428_7168_9216.txt,512,512,0,0,0.4482421875,0.45703125,0.044921875,0.0390625,1.25,23,20,28.75,25,25,28.75,718.75,1.15
test,test/images/GF1_WFV3_E112.3_N21.4_20190806_L2A0004164428_8192_9216.png,test/labels/GF1_WFV3_E112.3_N21.4_20190806_L2A0004164428_8192_9216.txt,512,512,0,0,0.716796875,0.5595703125,0.01953125,0.025390625,1.25,10,13,12.5,16.25,12.5,16.25,203.125,1.3
test,test/images/GF1_WFV3_E112.3_N21.4_20190806_L2A0004164428_8704_11776.png,test/labels/GF1_WFV3_E112.3_N21.4_20190806_L2A0004164428_8704_11776.txt,512,512,0,0,0.599609375,0.8701171875,0.0703125,0.048828125,1.25,36,25,45,31.25,31.25,45,1406.25,1.44
test,test/images/GF1_WFV3_E112.3_N21.4_20190806_L2A0004164428_8704_11776.png,test/labels/GF1_WFV3_E112.3_N21.4_20190806_L2A0004164428_8704_11776.txt,512,512,0,1,0.9501953125,0.5478515625,0.044921875,0.037109375,1.25,23,19,28.75,23.75,23.75,28.75,682.8125,1.21052631579
test,test/images/GF1_WFV3_E112.3_N21.4_20190806_L2A0004164428_9216_13824.png,test/labels/GF1_WFV3_E112.3_N21.4_20190806_L2A0004164428_9216_13824.txt,512,512,0,0,0.9697265625,0.6796875,0.044921875,0.04296875,1.25,23,22,28.75,27.5,27.5,28.75,790.625,1.04545454545
test,test/images/GF1_WFV3_E112.3_N21.4_20190806_L2A0004164428_9728_13824.png,test/labels/GF1_WFV3_E112.3_N21.4_20190806_L2A0004164428_9728_13824.txt,512,512,0,0,0.4638671875,0.46484375,0.033203125,0.04296875,1.25,17,22,21.25,27.5,21.25,27.5,584.375,1.29411764706
test,test/images/GF1_WFV3_E112.3_N21.4_20190806_L2A0004164428_9728_6144.png,test/labels/GF1_WFV3_E112.3_N21.4_20190806_L2A0004164428_9728_6144.txt,512,512,0,0,0.642578125,0.8681640625,0.0625,0.033203125,1.25,32,17,40,21.25,21.25,40,850,1.88235294118
test,test/images/GF1_WFV3_E112.5_N22.2_20190806_L2A0004164434_10752_13312.png,test/labels/GF1_WFV3_E112.5_N22.2_20190806_L2A0004164434_10752_13312.txt,512,512,0,0,0.380859375,0.818359375,0.05078125,0.04296875,1.25,26,22,32.5,27.5,27.5,32.5,893.75,1.18181818182
test,test/images/GF1_WFV3_E112.5_N22.2_20190806_L2A0004164434_11264_13312.png,test/labels/GF1_WFV3_E112.5_N22.2_20190806_L2A0004164434_11264_13312.txt,512,512,0,0,0.6416015625,0.6884765625,0.044921875,0.037109375,1.25,23,19,28.75,23.75,23.75,28.75,682.8125,1.21052631579
test,test/images/GF1_WFV3_E112.5_N22.2_20190806_L2A0004164434_2560_12800.png,test/labels/GF1_WFV3_E112.5_N22.2_20190806_L2A0004164434_2560_12800.txt,512,512,0,0,0.412109375,0.30859375,0.03515625,0.03515625,1.25,18,18,22.5,22.5,22.5,22.5,506.25,1
test,test/images/GF1_WFV3_E112.5_N22.2_20190806_L2A0004164434_2560_12800.png,test/labels/GF1_WFV3_E112.5_N22.2_20190806_L2A0004164434_2560_12800.txt,512,512,0,1,0.3662109375,0.0712890625,0.044921875,0.033203125,1.25,23,17,28.75,21.25,21.25,28.75,610.9375,1.35294117647
test,test/images/GF1_WFV3_E112.5_N22.2_20190806_L2A0004164434_5120_12800.png,test/labels/GF1_WFV3_E112.5_N22.2_20190806_L2A0004164434_5120_12800.txt,512,512,0,0,0.4658203125,0.5751953125,0.052734375,0.037109375,1.25,27,19,33.75,23.75,23.75,33.75,801.5625,1.42105263158
test,test/images/GF1_WFV3_E112.5_N22.2_20190806_L2A0004164434_5120_12800.png,test/labels/GF1_WFV3_E112.5_N22.2_20190806_L2A0004164434_5120_12800.txt,512,512,0,1,0.3037109375,0.50390625,0.037109375,0.02734375,1.25,19,14,23.75,17.5,17.5,23.75,415.625,1.35714285714
test,test/images/GF1_WFV3_E112.5_N22.2_20190806_L2A0004164434_7168_13312.png,test/labels/GF1_WFV3_E112.5_N22.2_20190806_L2A0004164434_7168_13312.txt,512,512,0,0,0.431640625,0.248046875,0.05078125,0.0390625,1.25,26,20,32.5,25,25,32.5,812.5,1.3
test,test/images/GF1_WFV3_E113.4_N17.2_20200703_L2A0004902183_11264_4608.png,test/labels/GF1_WFV3_E113.4_N17.2_20200703_L2A0004902183_11264_4608.txt,512,512,0,0,0.080078125,0.841796875,0.05859375,0.05078125,1.25,30,26,37.5,32.5,32.5,37.5,1218.75,1.15384615385
test,test/images/GF1_WFV3_E119.6_N35.6_20200424_L2A0004760840_10240_10752.png,test/labels/GF1_WFV3_E119.6_N35.6_20200424_L2A0004760840_10240_10752.txt,512,512,0,0,0.177734375,0.37109375,0.04296875,0.03515625,1.25,22,18,27.5,22.5,22.5,27.5,618.75,1.22222222222
test,test/images/GF1_WFV3_E119.6_N35.6_20200424_L2A0004760840_10240_11264.png,test/labels/GF1_WFV3_E119.6_N35.6_20200424_L2A0004760840_10240_11264.txt,512,512,0,0,0.4501953125,0.3759765625,0.056640625,0.037109375,1.25,29,19,36.25,23.75,23.75,36.25,860.9375,1.52631578947
test,test/images/GF1_WFV3_E119.6_N35.6_20200424_L2A0004760840_10240_11776.png,test/labels/GF1_WFV3_E119.6_N35.6_20200424_L2A0004760840_10240_11776.txt,512,512,0,0,0.80859375,0.388671875,0.0703125,0.0390625,1.25,36,20,45,25,25,45,1125,1.8
test,test/images/GF1_WFV3_E119.6_N35.6_20200424_L2A0004760840_10240_5120.png,test/labels/GF1_WFV3_E119.6_N35.6_20200424_L2A0004760840_10240_5120.txt,512,512,0,0,0.6533203125,0.677734375,0.041015625,0.0390625,1.25,21,20,26.25,25,25,26.25,656.25,1.05
test,test/images/GF1_WFV3_E119.6_N35.6_20200424_L2A0004760840_10752_12800.png,test/labels/GF1_WFV3_E119.6_N35.6_20200424_L2A0004760840_10752_12800.txt,512,512,0,0,0.650390625,0.568359375,0.046875,0.03515625,1.25,24,18,30,22.5,22.5,30,675,1.33333333333
test,test/images/GF1_WFV3_E119.6_N35.6_20200424_L2A0004760840_11776_4096.png,test/labels/GF1_WFV3_E119.6_N35.6_20200424_L2A0004760840_11776_4096.txt,512,512,0,0,0.0517578125,0.7001953125,0.076171875,0.048828125,1.25,39,25,48.75,31.25,31.25,48.75,1523.4375,1.56
test,test/images/GF1_WFV3_E119.6_N35.6_20200424_L2A0004760840_11776_4096.png,test/labels/GF1_WFV3_E119.6_N35.6_20200424_L2A0004760840_11776_4096.txt,512,512,0,1,0.0546875,0.7666015625,0.0390625,0.021484375,1.25,20,11,25,13.75,13.75,25,343.75,1.81818181818
test,test/images/GF1_WFV3_E119.6_N35.6_20200424_L2A0004760840_11776_4608.png,test/labels/GF1_WFV3_E119.6_N35.6_20200424_L2A0004760840_11776_4608.txt,512,512,0,0,0.935546875,0.2958984375,0.046875,0.044921875,1.25,24,23,30,28.75,28.75,30,862.5,1.04347826087
test,test/images/GF1_WFV3_E119.6_N35.6_20200424_L2A0004760840_11776_4608.png,test/labels/GF1_WFV3_E119.6_N35.6_20200424_L2A0004760840_11776_4608.txt,512,512,0,1,0.7705078125,0.3642578125,0.037109375,0.025390625,1.25,19,13,23.75,16.25,16.25,23.75,385.9375,1.46153846154
test,test/images/GF1_WFV3_E119.6_N35.6_20200424_L2A0004760840_11776_4608.png,test/labels/GF1_WFV3_E119.6_N35.6_20200424_L2A0004760840_11776_4608.txt,512,512,0,2,0.1572265625,0.494140625,0.033203125,0.03125,1.25,17,16,21.25,20,20,21.25,425,1.0625
test,test/images/GF1_WFV3_E119.6_N35.6_20200424_L2A0004760840_11776_4608.png,test/labels/GF1_WFV3_E119.6_N35.6_20200424_L2A0004760840_11776_4608.txt,512,512,0,3,0.208984375,0.423828125,0.03125,0.03515625,1.25,16,18,20,22.5,20,22.5,450,1.125
test,test/images/GF1_WFV3_E119.6_N35.6_20200424_L2A0004760840_11776_4608.png,test/labels/GF1_WFV3_E119.6_N35.6_20200424_L2A0004760840_11776_4608.txt,512,512,0,4,0.2900390625,0.337890625,0.033203125,0.0234375,1.25,17,12,21.25,15,15,21.25,318.75,1.41666666667
test,test/images/GF1_WFV3_E119.6_N35.6_20200424_L2A0004760840_11776_4608.png,test/labels/GF1_WFV3_E119.6_N35.6_20200424_L2A0004760840_11776_4608.txt,512,512,0,5,0.0400390625,0.50390625,0.029296875,0.0234375,1.25,15,12,18.75,15,15,18.75,281.25,1.25
test,test/images/GF1_WFV3_E119.6_N35.6_20200424_L2A0004760840_11776_4608.png,test/labels/GF1_WFV3_E119.6_N35.6_20200424_L2A0004760840_11776_4608.txt,512,512,0,6,0.0859375,0.4228515625,0.02734375,0.029296875,1.25,14,15,17.5,18.75,17.5,18.75,328.125,1.07142857143
test,test/images/GF1_WFV3_E119.6_N35.6_20200424_L2A0004760840_11776_4608.png,test/labels/GF1_WFV3_E119.6_N35.6_20200424_L2A0004760840_11776_4608.txt,512,512,0,7,0.1650390625,0.32421875,0.025390625,0.0234375,1.25,13,12,16.25,15,15,16.25,243.75,1.08333333333
test,test/images/GF1_WFV3_E119.6_N35.6_20200424_L2A0004760840_12288_13312.png,test/labels/GF1_WFV3_E119.6_N35.6_20200424_L2A0004760840_12288_13312.txt,512,512,0,0,0.5009765625,0.6513671875,0.041015625,0.033203125,1.25,21,17,26.25,21.25,21.25,26.25,557.8125,1.23529411765
test,test/images/GF1_WFV3_E119.6_N35.6_20200424_L2A0004760840_12800_15201.png,test/labels/GF1_WFV3_E119.6_N35.6_20200424_L2A0004760840_12800_15201.txt,512,512,0,0,0.2802734375,0.396484375,0.060546875,0.04296875,1.25,31,22,38.75,27.5,27.5,38.75,1065.625,1.40909090909
test,test/images/GF1_WFV3_E119.6_N35.6_20200424_L2A0004760840_12800_15201.png,test/labels/GF1_WFV3_E119.6_N35.6_20200424_L2A0004760840_12800_15201.txt,512,512,0,1,0.6484375,0.0341796875,0.0390625,0.033203125,1.25,20,17,25,21.25,21.25,25,531.25,1.17647058824
test,test/images/GF1_WFV3_E119.6_N35.6_20200424_L2A0004760840_13824_9216.png,test/labels/GF1_WFV3_E119.6_N35.6_20200424_L2A0004760840_13824_9216.txt,512,512,0,0,0.2802734375,0.541015625,0.064453125,0.05859375,1.25,33,30,41.25,37.5,37.5,41.25,1546.875,1.1
test,test/images/GF1_WFV3_E119.6_N35.6_20200424_L2A0004760840_15211_5632.png,test/labels/GF1_WFV3_E119.6_N35.6_20200424_L2A0004760840_15211_5632.txt,512,512,0,0,0.658203125,0.4794921875,0.0625,0.048828125,1.25,32,25,40,31.25,31.25,40,1250,1.28
test,test/images/GF1_WFV3_E119.6_N35.6_20200424_L2A0004760840_8192_7680.png,test/labels/GF1_WFV3_E119.6_N35.6_20200424_L2A0004760840_8192_7680.txt,512,512,0,0,0.748293515358,0.0575129533679,0.0443686006826,0.0445595854922,1.25,22.7167235495,22.814507772,28.3959044369,28.518134715,28.3959044369,28.518134715,809.798228085,1.00430450379
test,test/images/GF1_WFV3_E119.6_N35.6_20200424_L2A0004760840_8704_13312.png,test/labels/GF1_WFV3_E119.6_N35.6_20200424_L2A0004760840_8704_13312.txt,512,512,0,0,0.9580078125,0.1650390625,0.044921875,0.033203125,1.25,23,17,28.75,21.25,21.25,28.75,610.9375,1.35294117647
test,test/images/GF1_WFV3_E119.6_N35.6_20200424_L2A0004760840_8704_13312.png,test/labels/GF1_WFV3_E119.6_N35.6_20200424_L2A0004760840_8704_13312.txt,512,512,0,1,0.7275390625,0.421875,0.041015625,0.03515625,1.25,21,18,26.25,22.5,22.5,26.25,590.625,1.16666666667
test,test/images/GF1_WFV3_E119.6_N35.6_20200424_L2A0004760840_8704_8192.png,test/labels/GF1_WFV3_E119.6_N35.6_20200424_L2A0004760840_8704_8192.txt,512,512,0,0,0.6328125,0.4111328125,0.05078125,0.033203125,1.25,26,17,32.5,21.25,21.25,32.5,690.625,1.52941176471
test,test/images/GF1_WFV3_E119.6_N35.6_20200424_L2A0004760840_8704_8192.png,test/labels/GF1_WFV3_E119.6_N35.6_20200424_L2A0004760840_8704_8192.txt,512,512,0,1,0.892578125,0.42578125,0.046875,0.03125,1.25,24,16,30,20,20,30,600,1.5
test,test/images/GF1_WFV3_E119.6_N35.6_20200424_L2A0004760840_8704_8192.png,test/labels/GF1_WFV3_E119.6_N35.6_20200424_L2A0004760840_8704_8192.txt,512,512,0,2,0.892578125,0.3193359375,0.0390625,0.029296875,1.25,20,15,25,18.75,18.75,25,468.75,1.33333333333
test,test/images/GF1_WFV3_E119.6_N35.6_20200424_L2A0004760840_8704_8192.png,test/labels/GF1_WFV3_E119.6_N35.6_20200424_L2A0004760840_8704_8192.txt,512,512,0,3,0.6689453125,0.3251953125,0.044921875,0.037109375,1.25,23,19,28.75,23.75,23.75,28.75,682.8125,1.21052631579
test,test/images/GF1_WFV3_E119.6_N35.6_20200424_L2A0004760840_9216_13824.png,test/labels/GF1_WFV3_E119.6_N35.6_20200424_L2A0004760840_9216_13824.txt,512,512,0,0,0.3603515625,0.9638671875,0.044921875,0.041015625,1.25,23,21,28.75,26.25,26.25,28.75,754.6875,1.09523809524
test,test/images/GF1_WFV3_E119.6_N35.6_20200424_L2A0004760840_9216_9728.png,test/labels/GF1_WFV3_E119.6_N35.6_20200424_L2A0004760840_9216_9728.txt,512,512,0,0,0.2353515625,0.474609375,0.033203125,0.046875,1.25,17,24,21.25,30,21.25,30,637.5,1.41176470588
test,test/images/GF1_WFV3_E119.6_N35.6_20200424_L2A0004760840_9216_9728.png,test/labels/GF1_WFV3_E119.6_N35.6_20200424_L2A0004760840_9216_9728.txt,512,512,0,1,0.1865234375,0.3369140625,0.041015625,0.037109375,1.25,21,19,26.25,23.75,23.75,26.25,623.4375,1.10526315789
test,test/images/GF1_WFV3_E119.6_N35.6_20200424_L2A0004760840_9216_9728.png,test/labels/GF1_WFV3_E119.6_N35.6_20200424_L2A0004760840_9216_9728.txt,512,512,0,2,0.8173828125,0.650390625,0.041015625,0.02734375,1.25,21,14,26.25,17.5,17.5,26.25,459.375,1.5
test,test/images/GF1_WFV3_E119.6_N35.6_20200424_L2A0004760840_9728_13824.png,test/labels/GF1_WFV3_E119.6_N35.6_20200424_L2A0004760840_9728_13824.txt,512,512,0,0,0.494140625,0.03515625,0.0546875,0.06640625,1.25,28,34,35,42.5,35,42.5,1487.5,1.21428571429
test,test/images/GF1_WFV3_E119.6_N35.6_20200424_L2A0004760840_9728_13824.png,test/labels/GF1_WFV3_E119.6_N35.6_20200424_L2A0004760840_9728_13824.txt,512,512,0,1,0.5458984375,0.4462890625,0.052734375,0.041015625,1.25,27,21,33.75,26.25,26.25,33.75,885.9375,1.28571428571
test,test/images/GF1_WFV3_E120.2_N22.2_20200710_L2A0004922264_11264_10240.png,test/labels/GF1_WFV3_E120.2_N22.2_20200710_L2A0004922264_11264_10240.txt,512,512,0,0,0.0205078125,0.916015625,0.041015625,0.046875,1.25,21,24,26.25,30,26.25,30,787.5,1.14285714286
test,test/images/GF1_WFV3_E120.2_N22.2_20200710_L2A0004922264_3072_0.png,test/labels/GF1_WFV3_E120.2_N22.2_20200710_L2A0004922264_3072_0.txt,512,512,0,0,0.087890625,0.91796875,0.03515625,0.0390625,1.25,18,20,22.5,25,22.5,25,562.5,1.11111111111
test,test/images/GF1_WFV3_E120.2_N22.2_20200710_L2A0004922264_3072_512.png,test/labels/GF1_WFV3_E120.2_N22.2_20200710_L2A0004922264_3072_512.txt,512,512,0,0,0.517578125,0.009765625,0.046875,0.01953125,1.25,24,10,30,12.5,12.5,30,375,2.4
test,test/images/GF1_WFV3_E120.2_N22.2_20200710_L2A0004922264_3072_512.png,test/labels/GF1_WFV3_E120.2_N22.2_20200710_L2A0004922264_3072_512.txt,512,512,0,1,0.21484375,0.2275390625,0.046875,0.044921875,1.25,24,23,30,28.75,28.75,30,862.5,1.04347826087
test,test/images/GF1_WFV3_E120.2_N22.2_20200710_L2A0004922264_3584_5120.png,test/labels/GF1_WFV3_E120.2_N22.2_20200710_L2A0004922264_3584_5120.txt,512,512,0,0,0.556640625,0.6416015625,0.03515625,0.021484375,1.25,18,11,22.5,13.75,13.75,22.5,309.375,1.63636363636
test,test/images/GF1_WFV3_E120.2_N22.2_20200710_L2A0004922264_8192_14336.png,test/labels/GF1_WFV3_E120.2_N22.2_20200710_L2A0004922264_8192_14336.txt,512,512,0,0,0.521484375,0.1220703125,0.0546875,0.044921875,1.25,28,23,35,28.75,28.75,35,1006.25,1.21739130435
test,test/images/GF1_WFV3_E120.2_N22.2_20200710_L2A0004922264_8192_6144.png,test/labels/GF1_WFV3_E120.2_N22.2_20200710_L2A0004922264_8192_6144.txt,512,512,0,0,0.5751953125,0.5546875,0.037109375,0.03515625,1.25,19,18,23.75,22.5,22.5,23.75,534.375,1.05555555556
test,test/images/GF1_WFV3_E120.2_N22.2_20200710_L2A0004922264_8704_11776.png,test/labels/GF1_WFV3_E120.2_N22.2_20200710_L2A0004922264_8704_11776.txt,512,512,0,0,0.021484375,0.9619140625,0.04296875,0.044921875,1.25,22,23,27.5,28.75,27.5,28.75,790.625,1.04545454545
test,test/images/GF1_WFV3_E121.9_N35.6_20190805_L2A0004161897_10240_3072.png,test/labels/GF1_WFV3_E121.9_N35.6_20190805_L2A0004161897_10240_3072.txt,512,512,0,0,0.92662116041,0.89067357513,0.0170648464164,0.0341968911917,1.25,8.73720136519,17.5088082902,10.9215017065,21.8860103627,10.9215017065,21.8860103627,239.028099524,2.00393782383
test,test/images/GF1_WFV3_E121.9_N35.6_20190805_L2A0004161897_11264_10752.png,test/labels/GF1_WFV3_E121.9_N35.6_20190805_L2A0004161897_11264_10752.txt,512,512,0,0,0.3994140625,0.1474609375,0.033203125,0.044921875,1.25,17,23,21.25,28.75,21.25,28.75,610.9375,1.35294117647
test,test/images/GF1_WFV3_E121.9_N35.6_20190805_L2A0004161897_11264_10752.png,test/labels/GF1_WFV3_E121.9_N35.6_20190805_L2A0004161897_11264_10752.txt,512,512,0,1,0.40625,0.0791015625,0.0390625,0.037109375,1.25,20,19,25,23.75,23.75,25,593.75,1.05263157895
test,test/images/GF1_WFV3_E121.9_N35.6_20190805_L2A0004161897_11776_6144.png,test/labels/GF1_WFV3_E121.9_N35.6_20190805_L2A0004161897_11776_6144.txt,512,512,0,0,0.4599609375,0.1552734375,0.044921875,0.083984375,1.25,23,43,28.75,53.75,28.75,53.75,1545.3125,1.86956521739
test,test/images/GF1_WFV3_E121.9_N35.6_20190805_L2A0004161897_11776_6144.png,test/labels/GF1_WFV3_E121.9_N35.6_20190805_L2A0004161897_11776_6144.txt,512,512,0,1,0.595703125,0.15625,0.0390625,0.0703125,1.25,20,36,25,45,25,45,1125,1.8
test,test/images/GF1_WFV3_E121.9_N35.6_20190805_L2A0004161897_11776_6144.png,test/labels/GF1_WFV3_E121.9_N35.6_20190805_L2A0004161897_11776_6144.txt,512,512,0,2,0.6748046875,0.6865234375,0.044921875,0.072265625,1.25,23,37,28.75,46.25,28.75,46.25,1329.6875,1.60869565217
test,test/images/GF1_WFV3_E121.9_N35.6_20190805_L2A0004161897_11776_6144.png,test/labels/GF1_WFV3_E121.9_N35.6_20190805_L2A0004161897_11776_6144.txt,512,512,0,3,0.7802734375,0.7255859375,0.052734375,0.080078125,1.25,27,41,33.75,51.25,33.75,51.25,1729.6875,1.51851851852
test,test/images/GF1_WFV3_E121.9_N35.6_20190805_L2A0004161897_12288_6656.png,test/labels/GF1_WFV3_E121.9_N35.6_20190805_L2A0004161897_12288_6656.txt,512,512,0,0,0.509765625,0.904296875,0.04296875,0.05078125,1.25,22,26,27.5,32.5,27.5,32.5,893.75,1.18181818182
test,test/images/GF1_WFV3_E121.9_N35.6_20190805_L2A0004161897_12288_6656.png,test/labels/GF1_WFV3_E121.9_N35.6_20190805_L2A0004161897_12288_6656.txt,512,512,0,1,0.200085324232,0.929015544041,0.0196245733788,0.0362694300518,1.25,10.04778157,18.5699481865,12.5597269625,23.2124352332,12.5597269625,23.2124352332,291.541848662,1.8481640009
test,test/images/GF1_WFV3_E121.9_N35.6_20190805_L2A0004161897_12288_8192.png,test/labels/GF1_WFV3_E121.9_N35.6_20190805_L2A0004161897_12288_8192.txt,512,512,0,0,0.064453125,0.685546875,0.04296875,0.046875,1.25,22,24,27.5,30,27.5,30,825,1.09090909091
test,test/images/GF1_WFV3_E121.9_N35.6_20190805_L2A0004161897_12288_8192.png,test/labels/GF1_WFV3_E121.9_N35.6_20190805_L2A0004161897_12288_8192.txt,512,512,0,1,0.2900390625,0.0703125,0.044921875,0.05078125,1.25,23,26,28.75,32.5,28.75,32.5,934.375,1.13043478261
test,test/images/GF1_WFV3_E121.9_N35.6_20190805_L2A0004161897_12800_5120.png,test/labels/GF1_WFV3_E121.9_N35.6_20190805_L2A0004161897_12800_5120.txt,512,512,0,0,0.314453125,0.8330078125,0.03515625,0.060546875,1.25,18,31,22.5,38.75,22.5,38.75,871.875,1.72222222222
test,test/images/GF1_WFV3_E121.9_N35.6_20190805_L2A0004161897_12800_5120.png,test/labels/GF1_WFV3_E121.9_N35.6_20190805_L2A0004161897_12800_5120.txt,512,512,0,1,0.700511945392,0.551295336788,0.0273037542662,0.0290155440415,1.25,13.9795221843,14.8559585492,17.4744027304,18.5699481865,17.4744027304,18.5699481865,324.498753294,1.06269430052
test,test/images/GF1_WFV3_E121.9_N35.6_20190805_L2A0004161897_12800_9216.png,test/labels/GF1_WFV3_E121.9_N35.6_20190805_L2A0004161897_12800_9216.txt,512,512,0,0,0.466796875,0.662109375,0.05859375,0.0703125,1.25,30,36,37.5,45,37.5,45,1687.5,1.2
test,test/images/GF1_WFV3_E121.9_N35.6_20190805_L2A0004161897_12929_3584.png,test/labels/GF1_WFV3_E121.9_N35.6_20190805_L2A0004161897_12929_3584.txt,512,512,0,0,0.33203125,0.7412109375,0.046875,0.064453125,1.25,24,33,30,41.25,30,41.25,1237.5,1.375
test,test/images/GF1_WFV3_E121.9_N35.6_20190805_L2A0004161897_12929_3584.png,test/labels/GF1_WFV3_E121.9_N35.6_20190805_L2A0004161897_12929_3584.txt,512,512,0,1,0.955078125,0.4541015625,0.0390625,0.044921875,1.25,20,23,25,28.75,25,28.75,718.75,1.15
test,test/images/GF1_WFV3_E121.9_N35.6_20190805_L2A0004161897_13312_4096.png,test/labels/GF1_WFV3_E121.9_N35.6_20190805_L2A0004161897_13312_4096.txt,512,512,0,0,0.099609375,0.1767578125,0.04296875,0.068359375,1.25,22,35,27.5,43.75,27.5,43.75,1203.125,1.59090909091
test,test/images/GF1_WFV3_E121.9_N35.6_20190805_L2A0004161897_13953_4096.png,test/labels/GF1_WFV3_E121.9_N35.6_20190805_L2A0004161897_13953_4096.txt,512,512,0,0,0.408203125,0.177734375,0.03515625,0.04296875,1.25,18,22,22.5,27.5,22.5,27.5,618.75,1.22222222222
test,test/images/GF1_WFV3_E121.9_N35.6_20190805_L2A0004161897_1536_6656.png,test/labels/GF1_WFV3_E121.9_N35.6_20190805_L2A0004161897_1536_6656.txt,512,512,0,0,0.873046875,0.220703125,0.01953125,0.03515625,1.25,10,18,12.5,22.5,12.5,22.5,281.25,1.8
test,test/images/GF1_WFV3_E121.9_N35.6_20190805_L2A0004161897_1536_7168.png,test/labels/GF1_WFV3_E121.9_N35.6_20190805_L2A0004161897_1536_7168.txt,512,512,0,0,0.40625,0.716796875,0.0234375,0.0390625,1.25,12,20,15,25,15,25,375,1.66666666667
test,test/images/GF1_WFV3_E121.9_N35.6_20190805_L2A0004161897_2048_4096.png,test/labels/GF1_WFV3_E121.9_N35.6_20190805_L2A0004161897_2048_4096.txt,512,512,0,0,0.439453125,0.2705078125,0.06640625,0.041015625,1.25,34,21,42.5,26.25,26.25,42.5,1115.625,1.61904761905
test,test/images/GF1_WFV3_E121.9_N35.6_20190805_L2A0004161897_2048_4096.png,test/labels/GF1_WFV3_E121.9_N35.6_20190805_L2A0004161897_2048_4096.txt,512,512,0,1,0.703125,0.978515625,0.05078125,0.04296875,1.25,26,22,32.5,27.5,27.5,32.5,893.75,1.18181818182
test,test/images/GF1_WFV3_E121.9_N35.6_20190805_L2A0004161897_2048_4096.png,test/labels/GF1_WFV3_E121.9_N35.6_20190805_L2A0004161897_2048_4096.txt,512,512,0,2,0.310580204778,0.839378238342,0.0307167235495,0.039378238342,1.25,15.7269624573,20.1616580311,19.6587030717,25.2020725389,19.6587030717,25.2020725389,495.440060832,1.28198042602
test,test/images/GF1_WFV3_E121.9_N35.6_20190805_L2A0004161897_2048_7168.png,test/labels/GF1_WFV3_E121.9_N35.6_20190805_L2A0004161897_2048_7168.txt,512,512,0,0,0.7978515625,0.3759765625,0.044921875,0.068359375,1.25,23,35,28.75,43.75,28.75,43.75,1257.8125,1.52173913043
test,test/images/GF1_WFV3_E121.9_N35.6_20190805_L2A0004161897_2560_6656.png,test/labels/GF1_WFV3_E121.9_N35.6_20190805_L2A0004161897_2560_6656.txt,512,512,0,0,0.2939453125,0.115234375,0.044921875,0.05859375,1.25,23,30,28.75,37.5,28.75,37.5,1078.125,1.30434782609
test,test/images/GF1_WFV3_E121.9_N35.6_20190805_L2A0004161897_3072_6656.png,test/labels/GF1_WFV3_E121.9_N35.6_20190805_L2A0004161897_3072_6656.txt,512,512,0,0,0.944539249147,0.430569948187,0.0460750853242,0.0507772020725,1.25,23.590443686,25.9979274611,29.4880546075,32.4974093264,29.4880546075,32.4974093264,958.28538082,1.10205334869
test,test/images/GF1_WFV3_E121.9_N35.6_20190805_L2A0004161897_4608_10240.png,test/labels/GF1_WFV3_E121.9_N35.6_20190805_L2A0004161897_4608_10240.txt,512,512,0,0,0.96875,0.576171875,0.04296875,0.046875,1.25,22,24,27.5,30,27.5,30,825,1.09090909091
test,test/images/GF1_WFV3_E122.4_N37.3_20190805_L2A0004161911_10752_14622.png,test/labels/GF1_WFV3_E122.4_N37.3_20190805_L2A0004161911_10752_14622.txt,512,512,0,0,0.2197265625,0.7451171875,0.056640625,0.060546875,1.25,29,31,36.25,38.75,36.25,38.75,1404.6875,1.06896551724
test,test/images/GF1_WFV3_E122.4_N37.3_20190805_L2A0004161911_10752_6144.png,test/labels/GF1_WFV3_E122.4_N37.3_20190805_L2A0004161911_10752_6144.txt,512,512,0,0,0.2900390625,0.6796875,0.025390625,0.0390625,1.25,13,20,16.25,25,16.25,25,406.25,1.53846153846
test,test/images/GF1_WFV3_E122.4_N37.3_20190805_L2A0004161911_12288_6656.png,test/labels/GF1_WFV3_E122.4_N37.3_20190805_L2A0004161911_12288_6656.txt,512,512,0,0,0.11328125,0.6748046875,0.078125,0.123046875,1.25,40,63,50,78.75,50,78.75,3937.5,1.575
test,test/images/GF1_WFV3_E122.4_N37.3_20190805_L2A0004161911_12288_7680.png,test/labels/GF1_WFV3_E122.4_N37.3_20190805_L2A0004161911_12288_7680.txt,512,512,0,0,0.607421875,0.05859375,0.0390625,0.0546875,1.25,20,28,25,35,25,35,875,1.4
test,test/images/GF1_WFV3_E122.4_N37.3_20190805_L2A0004161911_12288_9728.png,test/labels/GF1_WFV3_E122.4_N37.3_20190805_L2A0004161911_12288_9728.txt,512,512,0,0,0.39453125,0.0556640625,0.0390625,0.064453125,1.25,20,33,25,41.25,25,41.25,1031.25,1.65
test,test/images/GF1_WFV3_E122.4_N37.3_20190805_L2A0004161911_12800_10240.png,test/labels/GF1_WFV3_E122.4_N37.3_20190805_L2A0004161911_12800_10240.txt,512,512,0,0,0.04296875,0.7763671875,0.0625,0.052734375,1.25,32,27,40,33.75,33.75,40,1350,1.18518518519
test,test/images/GF1_WFV3_E122.4_N37.3_20190805_L2A0004161911_4096_3584.png,test/labels/GF1_WFV3_E122.4_N37.3_20190805_L2A0004161911_4096_3584.txt,512,512,0,0,0.162109375,0.705078125,0.0390625,0.02734375,1.25,20,14,25,17.5,17.5,25,437.5,1.42857142857
test,test/images/GF1_WFV3_E122.4_N37.3_20190805_L2A0004161911_4096_4096.png,test/labels/GF1_WFV3_E122.4_N37.3_20190805_L2A0004161911_4096_4096.txt,512,512,0,0,0.794921875,0.7236328125,0.0390625,0.037109375,1.25,20,19,25,23.75,23.75,25,593.75,1.05263157895
test,test/images/GF1_WFV3_E122.4_N37.3_20190805_L2A0004161911_4096_512.png,test/labels/GF1_WFV3_E122.4_N37.3_20190805_L2A0004161911_4096_512.txt,512,512,0,0,0.6904296875,0.974609375,0.048828125,0.03515625,1.25,25,18,31.25,22.5,22.5,31.25,703.125,1.38888888889
test,test/images/GF1_WFV3_E122.4_N37.3_20190805_L2A0004161911_5632_4096.png,test/labels/GF1_WFV3_E122.4_N37.3_20190805_L2A0004161911_5632_4096.txt,512,512,0,0,0.0927734375,0.7109375,0.048828125,0.0234375,1.25,25,12,31.25,15,15,31.25,468.75,2.08333333333
test,test/images/GF1_WFV3_E122.4_N37.3_20190805_L2A0004161911_5632_4096.png,test/labels/GF1_WFV3_E122.4_N37.3_20190805_L2A0004161911_5632_4096.txt,512,512,0,1,0.125,0.904296875,0.046875,0.02734375,1.25,24,14,30,17.5,17.5,30,525,1.71428571429
test,test/images/GF1_WFV3_E122.4_N37.3_20190805_L2A0004161911_5632_4096.png,test/labels/GF1_WFV3_E122.4_N37.3_20190805_L2A0004161911_5632_4096.txt,512,512,0,2,0.92662116041,0.483419689119,0.0221843003413,0.0238341968912,1.25,11.3583617747,12.2031088083,14.1979522184,15.2538860104,14.1979522184,15.2538860104,216.573944721,1.07437225986
test,test/images/GF1_WFV3_E122.4_N37.3_20190805_L2A0004161911_6144_3584.png,test/labels/GF1_WFV3_E122.4_N37.3_20190805_L2A0004161911_6144_3584.txt,512,512,0,0,0.21484375,0.9169921875,0.03125,0.064453125,1.25,16,33,20,41.25,20,41.25,825,2.0625
test,test/images/GF1_WFV3_E122.4_N37.3_20190805_L2A0004161911_6144_5632.png,test/labels/GF1_WFV3_E122.4_N37.3_20190805_L2A0004161911_6144_5632.txt,512,512,0,0,0.447098976109,0.80518134715,0.0238907849829,0.0248704663212,1.25,12.2320819113,12.7336787565,15.2901023891,15.9170984456,15.2901023891,15.9170984456,243.37406497,1.04100666173
test,test/images/GF1_WFV3_E122.4_N37.3_20190805_L2A0004161911_6144_5632.png,test/labels/GF1_WFV3_E122.4_N37.3_20190805_L2A0004161911_6144_5632.txt,512,512,0,1,0.20861774744,0.981347150259,0.0162116040956,0.0165803108808,1.25,8.30034129693,8.48911917098,10.3754266212,10.6113989637,10.3754266212,10.6113989637,110.097791296,1.02274338696
test,test/images/GF1_WFV3_E122.4_N37.3_20190805_L2A0004161911_6144_5632.png,test/labels/GF1_WFV3_E122.4_N37.3_20190805_L2A0004161911_6144_5632.txt,512,512,0,2,0.0162116040956,0.910362694301,0.0204778156997,0.019689119171,1.25,10.4846416382,10.0808290155,13.1058020478,12.6010362694,12.6010362694,13.1058020478,165.146686944,1.04005748159
test,test/images/GF1_WFV3_E122.4_N37.3_20190805_L2A0004161911_6144_5632.png,test/labels/GF1_WFV3_E122.4_N37.3_20190805_L2A0004161911_6144_5632.txt,512,512,0,3,0.388651877133,0.984974093264,0.0247440273038,0.019689119171,1.25,12.6689419795,10.0808290155,15.8361774744,12.6010362694,12.6010362694,15.8361774744,199.552246724,1.25673612359
test,test/images/GF1_WFV3_E122.4_N37.3_20190805_L2A0004161911_6144_5632.png,test/labels/GF1_WFV3_E122.4_N37.3_20190805_L2A0004161911_6144_5632.txt,512,512,0,4,0.100255972696,0.492227979275,0.0145051194539,0.0145077720207,1.25,7.42662116041,7.42797927461,9.28327645051,9.28497409326,9.28327645051,9.28497409326,86.1949813436,1.00018287108
test,test/images/GF1_WFV3_E122.4_N37.3_20190805_L2A0004161911_8192_11264.png,test/labels/GF1_WFV3_E122.4_N37.3_20190805_L2A0004161911_8192_11264.txt,512,512,0,0,0.9638671875,0.4326171875,0.037109375,0.037109375,1.25,19,19,23.75,23.75,23.75,23.75,564.0625,1
test,test/images/GF1_WFV3_E122.4_N37.3_20190805_L2A0004161911_8192_11264.png,test/labels/GF1_WFV3_E122.4_N37.3_20190805_L2A0004161911_8192_11264.txt,512,512,0,1,0.4326171875,0.962890625,0.029296875,0.03515625,1.25,15,18,18.75,22.5,18.75,22.5,421.875,1.2
test,test/images/GF1_WFV3_E122.4_N37.3_20190805_L2A0004161911_9216_4608.png,test/labels/GF1_WFV3_E122.4_N37.3_20190805_L2A0004161911_9216_4608.txt,512,512,0,0,0.1572265625,0.189453125,0.060546875,0.04296875,1.25,31,22,38.75,27.5,27.5,38.75,1065.625,1.40909090909
test,test/images/GF1_WFV3_E122.4_N37.3_20190805_L2A0004161911_9216_4608.png,test/labels/GF1_WFV3_E122.4_N37.3_20190805_L2A0004161911_9216_4608.txt,512,512,0,1,0.277730375427,0.761139896373,0.0179180887372,0.0259067357513,1.25,9.17406143345,13.2642487047,11.4675767918,16.5803108808,11.4675767918,16.5803108808,190.135988258,1.44584258574
test,test/images/GF1_WFV3_E122.4_N37.3_20190805_L2A0004161911_9728_10240.png,test/labels/GF1_WFV3_E122.4_N37.3_20190805_L2A0004161911_9728_10240.txt,512,512,0,0,0.8359375,0.28125,0.0234375,0.046875,1.25,12,24,15,30,15,30,450,2
test,test/images/GF1_WFV3_E122.4_N37.3_20190805_L2A0004161911_9728_11264.png,test/labels/GF1_WFV3_E122.4_N37.3_20190805_L2A0004161911_9728_11264.txt,512,512,0,0,0.60546875,0.298828125,0.01953125,0.03515625,1.25,10,18,12.5,22.5,12.5,22.5,281.25,1.8
test,test/images/GF1_WFV3_E122.4_N37.3_20190805_L2A0004161911_9728_12800.png,test/labels/GF1_WFV3_E122.4_N37.3_20190805_L2A0004161911_9728_12800.txt,512,512,0,0,0.05859375,0.72265625,0.03125,0.0625,1.25,16,32,20,40,20,40,800,2
test,test/images/GF1_WFV3_E122.4_N37.3_20190805_L2A0004161911_9728_12800.png,test/labels/GF1_WFV3_E122.4_N37.3_20190805_L2A0004161911_9728_12800.txt,512,512,0,1,0.294921875,0.927734375,0.04296875,0.06640625,1.25,22,34,27.5,42.5,27.5,42.5,1168.75,1.54545454545
test,test/images/GF1_WFV3_E122.4_N37.3_20190805_L2A0004161911_9728_6656.png,test/labels/GF1_WFV3_E122.4_N37.3_20190805_L2A0004161911_9728_6656.txt,512,512,0,0,0.6748046875,0.208984375,0.029296875,0.046875,1.25,15,24,18.75,30,18.75,30,562.5,1.6
test,test/images/GF1_WFV3_E122.4_N37.3_20190805_L2A0004161911_9728_6656.png,test/labels/GF1_WFV3_E122.4_N37.3_20190805_L2A0004161911_9728_6656.txt,512,512,0,1,0.525390625,0.2138671875,0.0234375,0.033203125,1.25,12,17,15,21.25,15,21.25,318.75,1.41666666667
test,test/images/GF1_WFV3_E130.9_N15.5_20200630_L2A0004898205_7680_13312.png,test/labels/GF1_WFV3_E130.9_N15.5_20200630_L2A0004898205_7680_13312.txt,512,512,0,0,0.861328125,0.6923828125,0.046875,0.056640625,1.25,24,29,30,36.25,30,36.25,1087.5,1.20833333333
test,test/images/GF1_WFV3_E131.3_N17.2_20200630_L2A0004898201_6656_11264.png,test/labels/GF1_WFV3_E131.3_N17.2_20200630_L2A0004898201_6656_11264.txt,512,512,0,0,0.873046875,0.982421875,0.03125,0.03515625,1.25,16,18,20,22.5,20,22.5,450,1.125
test,test/images/GF1_WFV3_E131.3_N17.2_20200630_L2A0004898201_7168_1536.png,test/labels/GF1_WFV3_E131.3_N17.2_20200630_L2A0004898201_7168_1536.txt,512,512,0,0,0.498046875,0.3876953125,0.0390625,0.052734375,1.25,20,27,25,33.75,25,33.75,843.75,1.35
test,test/images/GF1_WFV3_E131.3_N17.2_20200630_L2A0004898201_8192_7680.png,test/labels/GF1_WFV3_E131.3_N17.2_20200630_L2A0004898201_8192_7680.txt,512,512,0,0,0.1162109375,0.7373046875,0.068359375,0.041015625,1.25,35,21,43.75,26.25,26.25,43.75,1148.4375,1.66666666667
test,test/images/GF1_WFV4_E109.8_N16.7_20200704_L2A0004904643_4096_12800.png,test/labels/GF1_WFV4_E109.8_N16.7_20200704_L2A0004904643_4096_12800.txt,512,512,0,0,0.2587890625,0.666015625,0.048828125,0.07421875,1.25,25,38,31.25,47.5,31.25,47.5,1484.375,1.52
test,test/images/GF1_WFV4_E110.2_N18.4_20200704_L2A0004904642_14848_3072.png,test/labels/GF1_WFV4_E110.2_N18.4_20200704_L2A0004904642_14848_3072.txt,512,512,0,0,0.9453125,0.8564453125,0.05078125,0.048828125,1.25,26,25,32.5,31.25,31.25,32.5,1015.625,1.04
test,test/images/GF1_WFV4_E110.2_N18.4_20200704_L2A0004904642_17920_14336.png,test/labels/GF1_WFV4_E110.2_N18.4_20200704_L2A0004904642_17920_14336.txt,512,512,0,0,0.0263671875,0.7939453125,0.052734375,0.076171875,1.25,27,39,33.75,48.75,33.75,48.75,1645.3125,1.44444444444
test,test/images/GF1_WFV4_E114.1_N21.0_20190806_L2A0004164437_3584_4608.png,test/labels/GF1_WFV4_E114.1_N21.0_20190806_L2A0004164437_3584_4608.txt,512,512,0,0,0.11328125,0.09765625,0.0546875,0.0390625,1.25,28,20,35,25,25,35,875,1.4
test,test/images/GF1_WFV4_E114.1_N21.0_20190806_L2A0004164437_6656_6144.png,test/labels/GF1_WFV4_E114.1_N21.0_20190806_L2A0004164437_6656_6144.txt,512,512,0,0,0.0361328125,0.5634765625,0.048828125,0.048828125,1.25,25,25,31.25,31.25,31.25,31.25,976.5625,1
test,test/images/GF1_WFV4_E114.1_N21.0_20190806_L2A0004164437_6656_6144.png,test/labels/GF1_WFV4_E114.1_N21.0_20190806_L2A0004164437_6656_6144.txt,512,512,0,1,0.352389078498,0.0787564766839,0.0648464163823,0.0642487046632,1.25,33.2013651877,32.8953367876,41.5017064846,41.1191709845,41.1191709845,41.5017064846,1706.51576509,1.00930309369
test,test/images/GF1_WFV4_E114.1_N21.0_20190806_L2A0004164437_9216_3072.png,test/labels/GF1_WFV4_E114.1_N21.0_20190806_L2A0004164437_9216_3072.txt,512,512,0,0,0.556640625,0.18359375,0.02734375,0.02734375,1.25,14,14,17.5,17.5,17.5,17.5,306.25,1
test,test/images/GF1_WFV4_E114.4_N21.8_20190806_L2A0004164425_13824_3584.png,test/labels/GF1_WFV4_E114.4_N21.8_20190806_L2A0004164425_13824_3584.txt,512,512,0,0,0.6416015625,0.7060546875,0.041015625,0.029296875,1.25,21,15,26.25,18.75,18.75,26.25,492.1875,1.4
test,test/images/GF1_WFV4_E114.4_N21.8_20190806_L2A0004164425_13824_3584.png,test/labels/GF1_WFV4_E114.4_N21.8_20190806_L2A0004164425_13824_3584.txt,512,512,0,1,0.9501953125,0.7822265625,0.033203125,0.037109375,1.25,17,19,21.25,23.75,21.25,23.75,504.6875,1.11764705882
test,test/images/GF1_WFV4_E114.4_N21.8_20190806_L2A0004164425_15360_3072.png,test/labels/GF1_WFV4_E114.4_N21.8_20190806_L2A0004164425_15360_3072.txt,512,512,0,0,0.6474609375,0.216796875,0.044921875,0.03515625,1.25,23,18,28.75,22.5,22.5,28.75,646.875,1.27777777778
test,test/images/GF1_WFV4_E114.4_N21.8_20190806_L2A0004164425_15360_3584.png,test/labels/GF1_WFV4_E114.4_N21.8_20190806_L2A0004164425_15360_3584.txt,512,512,0,0,0.1708984375,0.3330078125,0.037109375,0.029296875,1.25,19,15,23.75,18.75,18.75,23.75,445.3125,1.26666666667
test,test/images/GF1_WFV4_E114.4_N21.8_20190806_L2A0004164425_15872_5120.png,test/labels/GF1_WFV4_E114.4_N21.8_20190806_L2A0004164425_15872_5120.txt,512,512,0,0,0.041015625,0.1669921875,0.05859375,0.033203125,1.25,30,17,37.5,21.25,21.25,37.5,796.875,1.76470588235
test,test/images/GF1_WFV4_E114.4_N21.8_20190806_L2A0004164425_16045_4096.png,test/labels/GF1_WFV4_E114.4_N21.8_20190806_L2A0004164425_16045_4096.txt,512,512,0,0,0.609375,0.6484375,0.05078125,0.02734375,1.25,26,14,32.5,17.5,17.5,32.5,568.75,1.85714285714
test,test/images/GF1_WFV4_E114.4_N21.8_20190806_L2A0004164425_2048_10240.png,test/labels/GF1_WFV4_E114.4_N21.8_20190806_L2A0004164425_2048_10240.txt,512,512,0,0,0.2841796875,0.4228515625,0.048828125,0.037109375,1.25,25,19,31.25,23.75,23.75,31.25,742.1875,1.31578947368
test,test/images/GF1_WFV4_E114.4_N21.8_20190806_L2A0004164425_2048_12288.png,test/labels/GF1_WFV4_E114.4_N21.8_20190806_L2A0004164425_2048_12288.txt,512,512,0,0,0.3134765625,0.15234375,0.048828125,0.04296875,1.25,25,22,31.25,27.5,27.5,31.25,859.375,1.13636363636
test,test/images/GF1_WFV4_E114.4_N21.8_20190806_L2A0004164425_2560_11776.png,test/labels/GF1_WFV4_E114.4_N21.8_20190806_L2A0004164425_2560_11776.txt,512,512,0,0,0.5146484375,0.2724609375,0.044921875,0.037109375,1.25,23,19,28.75,23.75,23.75,28.75,682.8125,1.21052631579
test,test/images/GF1_WFV4_E114.4_N21.8_20190806_L2A0004164425_8192_12800.png,test/labels/GF1_WFV4_E114.4_N21.8_20190806_L2A0004164425_8192_12800.txt,512,512,0,0,0.84385665529,0.921243523316,0.0358361774744,0.0310880829016,1.25,18.3481228669,15.9170984456,22.9351535836,19.896373057,19.896373057,22.9351535836,456.326371819,1.15273037543
test,test/images/GF1_WFV4_E114.4_N21.8_20190806_L2A0004164425_8704_5120.png,test/labels/GF1_WFV4_E114.4_N21.8_20190806_L2A0004164425_8704_5120.txt,512,512,0,0,0.7802734375,0.83203125,0.025390625,0.0546875,1.25,13,28,16.25,35,16.25,35,568.75,2.15384615385
test,test/images/GF1_WFV4_E124.0_N33.5_20131122_L1A0000115971_2048_12800.png,test/labels/GF1_WFV4_E124.0_N33.5_20131122_L1A0000115971_2048_12800.txt,512,512,0,0,0.22909556314,0.925388601036,0.0247440273038,0.0310880829016,1.25,12.6689419795,15.9170984456,15.8361774744,19.896373057,15.8361774744,19.896373057,315.082494827,1.25638735037
test,test/images/GF1_WFV4_E124.0_N33.5_20131122_L1A0000115971_3072_12288.png,test/labels/GF1_WFV4_E124.0_N33.5_20131122_L1A0000115971_3072_12288.txt,512,512,0,0,0.044921875,0.2392578125,0.05078125,0.029296875,1.25,26,15,32.5,18.75,18.75,32.5,609.375,1.73333333333
test,test/images/GF1_WFV4_E124.0_N33.5_20131122_L1A0000115971_5120_1536.png,test/labels/GF1_WFV4_E124.0_N33.5_20131122_L1A0000115971_5120_1536.txt,512,512,0,0,0.342576791809,0.852849740933,0.0230375426621,0.0310880829016,1.25,11.795221843,15.9170984456,14.7440273038,19.896373057,14.7440273038,19.896373057,293.352667598,1.34945308002
test,test/images/GF1_WFV4_E124.0_N33.5_20131122_L1A0000115971_512_2048.png,test/labels/GF1_WFV4_E124.0_N33.5_20131122_L1A0000115971_512_2048.txt,512,512,0,0,0.705078125,0.8515625,0.0625,0.0625,1.25,32,32,40,40,40,40,1600,1
test,test/images/GF1_WFV4_E124.0_N33.5_20131122_L1A0000115971_5632_1024.png,test/labels/GF1_WFV4_E124.0_N33.5_20131122_L1A0000115971_5632_1024.txt,512,512,0,0,0.43359375,0.3671875,0.078125,0.03515625,1.25,40,18,50,22.5,22.5,50,1125,2.22222222222
test,test/images/GF1_WFV4_E124.0_N33.5_20131122_L1A0000115971_6144_11264.png,test/labels/GF1_WFV4_E124.0_N33.5_20131122_L1A0000115971_6144_11264.txt,512,512,0,0,0.908203125,0.9794921875,0.05078125,0.041015625,1.25,26,21,32.5,26.25,26.25,32.5,853.125,1.2380952381
test,test/images/GF1_WFV4_E124.0_N33.5_20131122_L1A0000115971_7680_5120.png,test/labels/GF1_WFV4_E124.0_N33.5_20131122_L1A0000115971_7680_5120.txt,512,512,0,0,0.884765625,0.388671875,0.09375,0.03125,1.25,48,16,60,20,20,60,1200,3
test,test/images/GF1_WFV4_E124.0_N33.5_20131122_L1A0000115971_9728_12288.png,test/labels/GF1_WFV4_E124.0_N33.5_20131122_L1A0000115971_9728_12288.txt,512,512,0,0,0.7578125,0.966796875,0.05859375,0.0546875,1.25,30,28,37.5,35,35,37.5,1312.5,1.07142857143
test,test/images/GF1_WFV4_E124.0_N33.5_20131122_L1A0000115971_9952_12288.png,test/labels/GF1_WFV4_E124.0_N33.5_20131122_L1A0000115971_9952_12288.txt,512,512,0,0,0.3232421875,0.96484375,0.052734375,0.05078125,1.25,27,26,33.75,32.5,32.5,33.75,1096.875,1.03846153846
test,test/images/GF1_WFV4_E124.0_N35.2_20200407_L1A0004724410_0_10240.png,test/labels/GF1_WFV4_E124.0_N35.2_20200407_L1A0004724410_0_10240.txt,512,512,0,0,0.7783203125,0.255859375,0.064453125,0.05859375,1.25,33,30,41.25,37.5,37.5,41.25,1546.875,1.1
test,test/images/GF1_WFV4_E124.0_N35.2_20200407_L1A0004724410_0_9216.png,test/labels/GF1_WFV4_E124.0_N35.2_20200407_L1A0004724410_0_9216.txt,512,512,0,0,0.369140625,0.3291015625,0.05078125,0.052734375,1.25,26,27,32.5,33.75,32.5,33.75,1096.875,1.03846153846
test,test/images/GF1_WFV4_E124.0_N35.2_20200407_L1A0004724410_1024_0.png,test/labels/GF1_WFV4_E124.0_N35.2_20200407_L1A0004724410_1024_0.txt,512,512,0,0,0.306313993174,0.195336787565,0.0290102389078,0.0487046632124,1.25,14.8532423208,24.9367875648,18.566552901,31.170984456,18.566552901,31.170984456,578.737731879,1.67887839073
test,test/images/GF1_WFV4_E124.0_N35.2_20200407_L1A0004724410_1024_11264.png,test/labels/GF1_WFV4_E124.0_N35.2_20200407_L1A0004724410_1024_11264.txt,512,512,0,0,0.798828125,0.0498046875,0.05078125,0.064453125,1.25,26,33,32.5,41.25,32.5,41.25,1340.625,1.26923076923
test,test/images/GF1_WFV4_E124.0_N35.2_20200407_L1A0004724410_1024_11264.png,test/labels/GF1_WFV4_E124.0_N35.2_20200407_L1A0004724410_1024_11264.txt,512,512,0,1,0.9052734375,0.173828125,0.044921875,0.046875,1.25,23,24,28.75,30,28.75,30,862.5,1.04347826087
test,test/images/GF1_WFV4_E124.0_N35.2_20200407_L1A0004724410_1024_11264.png,test/labels/GF1_WFV4_E124.0_N35.2_20200407_L1A0004724410_1024_11264.txt,512,512,0,2,0.9462890625,0.021484375,0.044921875,0.0390625,1.25,23,20,28.75,25,25,28.75,718.75,1.15
test,test/images/GF1_WFV4_E124.0_N35.2_20200407_L1A0004724410_1024_11264.png,test/labels/GF1_WFV4_E124.0_N35.2_20200407_L1A0004724410_1024_11264.txt,512,512,0,3,0.1884765625,0.01171875,0.037109375,0.01953125,1.25,19,10,23.75,12.5,12.5,23.75,296.875,1.9
test,test/images/GF1_WFV4_E124.0_N35.2_20200407_L1A0004724410_1024_11264.png,test/labels/GF1_WFV4_E124.0_N35.2_20200407_L1A0004724410_1024_11264.txt,512,512,0,4,0.545221843003,0.222797927461,0.0238907849829,0.0248704663212,1.25,12.2320819113,12.7336787565,15.2901023891,15.9170984456,15.2901023891,15.9170984456,243.37406497,1.04100666173
test,test/images/GF1_WFV4_E124.0_N35.2_20200407_L1A0004724410_1024_4096.png,test/labels/GF1_WFV4_E124.0_N35.2_20200407_L1A0004724410_1024_4096.txt,512,512,0,0,0.530290102389,0.174611398964,0.0196245733788,0.0238341968912,1.25,10.04778157,12.2031088083,12.5597269625,15.2538860104,12.5597269625,15.2538860104,191.584643407,1.21450777202
test,test/images/GF1_WFV4_E124.0_N35.2_20200407_L1A0004724410_2048_1536.png,test/labels/GF1_WFV4_E124.0_N35.2_20200407_L1A0004724410_2048_1536.txt,512,512,0,0,0.851962457338,0.0264248704663,0.0230375426621,0.0341968911917,1.25,11.795221843,17.5088082902,14.7440273038,21.8860103627,14.7440273038,21.8860103627,322.687934358,1.48439838803
test,test/images/GF1_WFV4_E124.0_N35.2_20200407_L1A0004724410_2560_512.png,test/labels/GF1_WFV4_E124.0_N35.2_20200407_L1A0004724410_2560_512.txt,512,512,0,0,0.5126953125,0.0556640625,0.052734375,0.037109375,1.25,27,19,33.75,23.75,23.75,33.75,801.5625,1.42105263158
test,test/images/GF1_WFV4_E124.0_N35.2_20200407_L1A0004724410_3072_11264.png,test/labels/GF1_WFV4_E124.0_N35.2_20200407_L1A0004724410_3072_11264.txt,512,512,0,0,0.744140625,0.9755859375,0.05859375,0.048828125,1.25,30,25,37.5,31.25,31.25,37.5,1171.875,1.2
test,test/images/GF1_WFV4_E124.0_N35.2_20200407_L1A0004724410_3072_2048.png,test/labels/GF1_WFV4_E124.0_N35.2_20200407_L1A0004724410_3072_2048.txt,512,512,0,0,0.275390625,0.9638671875,0.07421875,0.060546875,1.25,38,31,47.5,38.75,38.75,47.5,1840.625,1.22580645161
test,test/images/GF1_WFV4_E124.0_N35.2_20200407_L1A0004724410_3072_4608.png,test/labels/GF1_WFV4_E124.0_N35.2_20200407_L1A0004724410_3072_4608.txt,512,512,0,0,0.306640625,0.3271484375,0.046875,0.037109375,1.25,24,19,30,23.75,23.75,30,712.5,1.26315789474
test,test/images/GF1_WFV4_E124.0_N35.2_20200407_L1A0004724410_3072_512.png,test/labels/GF1_WFV4_E124.0_N35.2_20200407_L1A0004724410_3072_512.txt,512,512,0,0,0.9287109375,0.2216796875,0.072265625,0.068359375,1.25,37,35,46.25,43.75,43.75,46.25,2023.4375,1.05714285714
test,test/images/GF1_WFV4_E124.0_N35.2_20200407_L1A0004724410_5120_0.png,test/labels/GF1_WFV4_E124.0_N35.2_20200407_L1A0004724410_5120_0.txt,512,512,0,0,0.317832764505,0.530051813472,0.0349829351536,0.0341968911917,1.25,17.9112627986,17.5088082902,22.3890784983,21.8860103627,21.8860103627,22.3890784983,490.007604025,1.02298583101
test,test/images/GF1_WFV4_E124.0_N35.2_20200407_L1A0004724410_5120_0.png,test/labels/GF1_WFV4_E124.0_N35.2_20200407_L1A0004724410_5120_0.txt,512,512,0,1,0.284556313993,0.510880829016,0.0247440273038,0.0248704663212,1.25,12.6689419795,12.7336787565,15.8361774744,15.9170984456,15.8361774744,15.9170984456,252.065995862,1.00510988029
test,test/images/GF1_WFV4_E124.0_N35.2_20200407_L1A0004724410_512_11264.png,test/labels/GF1_WFV4_E124.0_N35.2_20200407_L1A0004724410_512_11264.txt,512,512,0,0,0.251279863481,0.458549222798,0.0264505119454,0.040414507772,1.25,13.542662116,20.6922279793,16.9283276451,25.8652849741,16.9283276451,25.8652849741,437.856018674,1.52792913254
test,test/images/GF1_WFV4_E124.0_N35.2_20200407_L1A0004724410_512_11776.png,test/labels/GF1_WFV4_E124.0_N35.2_20200407_L1A0004724410_512_11776.txt,512,512,0,0,0.1767578125,0.12890625,0.048828125,0.0546875,1.25,25,28,31.25,35,31.25,35,1093.75,1.12
test,test/images/GF1_WFV4_E124.0_N35.2_20200407_L1A0004724410_7168_12800.png,test/labels/GF1_WFV4_E124.0_N35.2_20200407_L1A0004724410_7168_12800.txt,512,512,0,0,0.4140625,0.6416015625,0.078125,0.060546875,1.25,40,31,50,38.75,38.75,50,1937.5,1.29032258065
test,test/images/GF1_WFV4_E124.1_N33.5_20200812_L1A0004986999_0_9728.png,test/labels/GF1_WFV4_E124.1_N33.5_20200812_L1A0004986999_0_9728.txt,512,512,0,0,0.669921875,0.44140625,0.05078125,0.04296875,1.25,26,22,32.5,27.5,27.5,32.5,893.75,1.18181818182
test,test/images/GF1_WFV4_E124.1_N33.5_20200812_L1A0004986999_4608_8192.png,test/labels/GF1_WFV4_E124.1_N33.5_20200812_L1A0004986999_4608_8192.txt,512,512,0,0,0.2978515625,0.8232421875,0.056640625,0.060546875,1.25,29,31,36.25,38.75,36.25,38.75,1404.6875,1.06896551724
test,test/images/GF1_WFV4_E124.1_N33.5_20200812_L1A0004986999_8704_9728.png,test/labels/GF1_WFV4_E124.1_N33.5_20200812_L1A0004986999_8704_9728.txt,512,512,0,0,0.05859375,0.9033203125,0.05078125,0.041015625,1.25,26,21,32.5,26.25,26.25,32.5,853.125,1.2380952381
test,test/images/GF1_WFV4_E124.1_N35.2_20191206_L1A0004447282_4608_5120.png,test/labels/GF1_WFV4_E124.1_N35.2_20191206_L1A0004447282_4608_5120.txt,512,512,0,0,0.9755859375,0.1591796875,0.048828125,0.056640625,1.25,25,29,31.25,36.25,31.25,36.25,1132.8125,1.16
test,test/images/GF1_WFV4_E124.1_N35.2_20191206_L1A0004447282_512_1024.png,test/labels/GF1_WFV4_E124.1_N35.2_20191206_L1A0004447282_512_1024.txt,512,512,0,0,0.933873720137,0.8,0.0366894197952,0.0580310880829,1.25,18.7849829352,29.7119170984,23.4812286689,37.1398963731,23.4812286689,37.1398963731,872.090399477,1.58168454031
test,test/images/GF1_WFV4_E124.3_N33.5_20200926_L1A0005089385_10464_1024.png,test/labels/GF1_WFV4_E124.3_N33.5_20200926_L1A0005089385_10464_1024.txt,512,512,0,0,0.582337883959,0.128497409326,0.0247440273038,0.0269430051813,1.25,12.6689419795,13.7948186528,15.8361774744,17.2435233161,15.8361774744,17.2435233161,273.071495517,1.08886903698
test,test/images/GF1_WFV4_E124.3_N33.5_20200926_L1A0005089385_10976_1024.png,test/labels/GF1_WFV4_E124.3_N33.5_20200926_L1A0005089385_10976_1024.txt,512,512,0,0,0.221416382253,0.447150259067,0.0401023890785,0.0321243523316,1.25,20.5324232082,16.4476683938,25.6655290102,20.5595854922,20.5595854922,25.6655290102,527.672637889,1.24834856325
test,test/images/GF1_WFV4_E124.3_N33.5_20200926_L1A0005089385_10976_1024.png,test/labels/GF1_WFV4_E124.3_N33.5_20200926_L1A0005089385_10976_1024.txt,512,512,0,1,0.519197952218,0.950259067358,0.0469283276451,0.0331606217617,1.25,24.0273037543,16.978238342,30.0341296928,21.2227979275,21.2227979275,30.0341296928,637.408265398,1.41518238055
test,test/images/GF1_WFV4_E124.3_N33.5_20200926_L1A0005089385_512_6144.png,test/labels/GF1_WFV4_E124.3_N33.5_20200926_L1A0005089385_512_6144.txt,512,512,0,0,0.771757679181,0.751295336788,0.0196245733788,0.0290155440415,1.25,10.04778157,14.8559585492,12.5597269625,18.5699481865,12.5597269625,18.5699481865,233.23347893,1.47853120072
test,test/images/GF1_WFV4_E124.3_N33.5_20200926_L1A0005089385_512_6144.png,test/labels/GF1_WFV4_E124.3_N33.5_20200926_L1A0005089385_512_6144.txt,512,512,0,1,0.77133105802,0.824870466321,0.018771331058,0.0269430051813,1.25,9.61092150171,13.7948186528,12.0136518771,17.2435233161,12.0136518771,17.2435233161,207.157686254,1.43532736693
test,test/images/GF1_WFV4_E124.3_N33.5_20200926_L1A0005089385_6144_0.png,test/labels/GF1_WFV4_E124.3_N33.5_20200926_L1A0005089385_6144_0.txt,512,512,0,0,0.427734375,0.2509765625,0.0859375,0.041015625,1.25,44,21,55,26.25,26.25,55,1443.75,2.09523809524
test,test/images/GF1_WFV4_E124.3_N33.5_20200926_L1A0005089385_6144_1024.png,test/labels/GF1_WFV4_E124.3_N33.5_20200926_L1A0005089385_6144_1024.txt,512,512,0,0,0.734375,0.552734375,0.0703125,0.05859375,1.25,36,30,45,37.5,37.5,45,1687.5,1.2
test,test/images/GF1_WFV4_E124.3_N33.5_20200926_L1A0005089385_7168_1024.png,test/labels/GF1_WFV4_E124.3_N33.5_20200926_L1A0005089385_7168_1024.txt,512,512,0,0,0.96875,0.3291015625,0.0625,0.041015625,1.25,32,21,40,26.25,26.25,40,1050,1.52380952381
test,test/images/GF1_WFV4_E124.3_N33.5_20200926_L1A0005089385_7168_1024.png,test/labels/GF1_WFV4_E124.3_N33.5_20200926_L1A0005089385_7168_1024.txt,512,512,0,1,0.4873046875,0.6044921875,0.060546875,0.052734375,1.25,31,27,38.75,33.75,33.75,38.75,1307.8125,1.14814814815
test,test/images/GF1_WFV4_E124.5_N35.2_20200922_L1A0005079948_1024_6144.png,test/labels/GF1_WFV4_E124.5_N35.2_20200922_L1A0005079948_1024_6144.txt,512,512,0,0,0.9384765625,0.5888671875,0.041015625,0.037109375,1.25,21,19,26.25,23.75,23.75,26.25,623.4375,1.10526315789
test,test/images/GF1_WFV4_E124.5_N35.2_20200922_L1A0005079948_10464_3584.png,test/labels/GF1_WFV4_E124.5_N35.2_20200922_L1A0005079948_10464_3584.txt,512,512,0,0,0.5986328125,0.9208984375,0.044921875,0.044921875,1.25,23,23,28.75,28.75,28.75,28.75,826.5625,1
test,test/images/GF1_WFV4_E124.5_N35.2_20200922_L1A0005079948_10976_3072.png,test/labels/GF1_WFV4_E124.5_N35.2_20200922_L1A0005079948_10976_3072.txt,512,512,0,0,0.23046875,0.1669921875,0.0546875,0.044921875,1.25,28,23,35,28.75,28.75,35,1006.25,1.21739130435
test,test/images/GF1_WFV4_E124.5_N35.2_20200922_L1A0005079948_2560_11776.png,test/labels/GF1_WFV4_E124.5_N35.2_20200922_L1A0005079948_2560_11776.txt,512,512,0,0,0.392578125,0.1005859375,0.078125,0.044921875,1.25,40,23,50,28.75,28.75,50,1437.5,1.73913043478
test,test/images/GF1_WFV4_E124.5_N35.2_20200922_L1A0005079948_3072_11264.png,test/labels/GF1_WFV4_E124.5_N35.2_20200922_L1A0005079948_3072_11264.txt,512,512,0,0,0.679607508532,0.980829015544,0.0264505119454,0.0341968911917,1.25,13.542662116,17.5088082902,16.9283276451,21.8860103627,16.9283276451,21.8860103627,370.493554263,1.29286311215
test,test/images/GF1_WFV4_E124.5_N35.2_20200922_L1A0005079948_4096_12800.png,test/labels/GF1_WFV4_E124.5_N35.2_20200922_L1A0005079948_4096_12800.txt,512,512,0,0,0.0507679180887,0.134196891192,0.0315699658703,0.059067357513,1.25,16.1638225256,30.2424870466,20.204778157,37.8031088083,20.204778157,37.8031088083,763.803427116,1.8709984596
test,test/images/GF1_WFV4_E124.5_N35.2_20200922_L1A0005079948_4608_3584.png,test/labels/GF1_WFV4_E124.5_N35.2_20200922_L1A0005079948_4608_3584.txt,512,512,0,0,0.0810580204778,0.227979274611,0.0358361774744,0.0455958549223,1.25,18.3481228669,23.3450777202,22.9351535836,29.1813471503,22.9351535836,29.1813471503,669.278678668,1.27234147545
test,test/images/GF1_WFV4_E124.5_N35.2_20200922_L1A0005079948_4608_4608.png,test/labels/GF1_WFV4_E124.5_N35.2_20200922_L1A0005079948_4608_4608.txt,512,512,0,0,0.0247440273038,0.428497409326,0.0238907849829,0.0362694300518,1.25,12.2320819113,18.5699481865,15.2901023891,23.2124352332,15.2901023891,23.2124352332,354.920511415,1.51813471503
test,test/images/GF1_WFV4_E124.5_N35.2_20200922_L1A0005079948_512_10240.png,test/labels/GF1_WFV4_E124.5_N35.2_20200922_L1A0005079948_512_10240.txt,512,512,0,0,0.2421875,0.236328125,0.0546875,0.046875,1.25,28,24,35,30,30,35,1050,1.16666666667
test,test/images/GF1_WFV4_E124.5_N35.2_20200922_L1A0005079948_6656_2048.png,test/labels/GF1_WFV4_E124.5_N35.2_20200922_L1A0005079948_6656_2048.txt,512,512,0,0,0.31228668942,0.40103626943,0.0341296928328,0.0290155440415,1.25,17.4744027304,14.8559585492,21.843003413,18.5699481865,18.5699481865,21.843003413,405.623441617,1.17625548513
test,test/images/GF1_WFV4_E124.5_N35.2_20200922_L1A0005079948_7168_1536.png,test/labels/GF1_WFV4_E124.5_N35.2_20200922_L1A0005079948_7168_1536.txt,512,512,0,0,0.544368600683,0.712953367876,0.042662116041,0.0497409326425,1.25,21.843003413,25.467357513,27.3037542662,31.8341968912,27.3037542662,31.8341968912,869.193089179,1.16592746114
test,test/images/GF1_WFV4_E124.5_N35.2_20200922_L1A0005079948_7168_6144.png,test/labels/GF1_WFV4_E124.5_N35.2_20200922_L1A0005079948_7168_6144.txt,512,512,0,0,0.939453125,0.6484375,0.04296875,0.03125,1.25,22,16,27.5,20,20,27.5,550,1.375
test,test/images/GF1_WFV4_E124.5_N35.2_20200922_L1A0005079948_7168_6144.png,test/labels/GF1_WFV4_E124.5_N35.2_20200922_L1A0005079948_7168_6144.txt,512,512,0,1,0.5107421875,0.755859375,0.048828125,0.0390625,1.25,25,20,31.25,25,25,31.25,781.25,1.25
test,test/images/GF1_WFV4_E124.5_N35.2_20200922_L1A0005079948_8704_10240.png,test/labels/GF1_WFV4_E124.5_N35.2_20200922_L1A0005079948_8704_10240.txt,512,512,0,0,0.35546875,0.685546875,0.04296875,0.0390625,1.25,22,20,27.5,25,25,27.5,687.5,1.1
test,test/images/GF1_WFV4_E124.5_N35.2_20200922_L1A0005079948_8704_10240.png,test/labels/GF1_WFV4_E124.5_N35.2_20200922_L1A0005079948_8704_10240.txt,512,512,0,1,0.6357421875,0.708984375,0.052734375,0.05078125,1.25,27,26,33.75,32.5,32.5,33.75,1096.875,1.03846153846
test,test/images/GF1_WFV4_E124.5_N35.2_20200922_L1A0005079948_8704_10240.png,test/labels/GF1_WFV4_E124.5_N35.2_20200922_L1A0005079948_8704_10240.txt,512,512,0,2,0.9794921875,0.125,0.041015625,0.04296875,1.25,21,22,26.25,27.5,26.25,27.5,721.875,1.04761904762
test,test/images/GF1_WFV4_E124.5_N35.2_20200922_L1A0005079948_8704_11264.png,test/labels/GF1_WFV4_E124.5_N35.2_20200922_L1A0005079948_8704_11264.txt,512,512,0,0,0.9140625,0.8046875,0.046875,0.046875,1.25,24,24,30,30,30,30,900,1
test,test/images/GF1_WFV4_E124.5_N36.8_20190805_L2A0004161899_11264_3072.png,test/labels/GF1_WFV4_E124.5_N36.8_20190805_L2A0004161899_11264_3072.txt,512,512,0,0,0.140625,0.3046875,0.05859375,0.03125,1.25,30,16,37.5,20,20,37.5,750,1.875
test,test/images/GF1_WFV4_E124.5_N36.8_20190805_L2A0004161899_12288_14848.png,test/labels/GF1_WFV4_E124.5_N36.8_20190805_L2A0004161899_12288_14848.txt,512,512,0,0,0.4814453125,0.376953125,0.064453125,0.05859375,1.25,33,30,41.25,37.5,37.5,41.25,1546.875,1.1
test,test/images/GF1_WFV4_E124.5_N36.8_20190805_L2A0004161899_15360_11776.png,test/labels/GF1_WFV4_E124.5_N36.8_20190805_L2A0004161899_15360_11776.txt,512,512,0,0,0.060546875,0.1162109375,0.0625,0.048828125,1.25,32,25,40,31.25,31.25,40,1250,1.28
test,test/images/GF1_WFV4_E124.5_N36.8_20190805_L2A0004161899_15872_6656.png,test/labels/GF1_WFV4_E124.5_N36.8_20190805_L2A0004161899_15872_6656.txt,512,512,0,0,0.0419921875,0.2646484375,0.064453125,0.033203125,1.25,33,17,41.25,21.25,21.25,41.25,876.5625,1.94117647059
test,test/images/GF1_WFV4_E124.5_N36.8_20190805_L2A0004161899_3584_8704.png,test/labels/GF1_WFV4_E124.5_N36.8_20190805_L2A0004161899_3584_8704.txt,512,512,0,0,0.875,0.5322265625,0.05859375,0.044921875,1.25,30,23,37.5,28.75,28.75,37.5,1078.125,1.30434782609
test,test/images/GF6_WFV_E131.2_N35.8_20200910_L1A1120034678-2_1024_512.png,test/labels/GF6_WFV_E131.2_N35.8_20200910_L1A1120034678-2_1024_512.txt,512,512,0,0,0.150390625,0.615234375,0.05078125,0.0390625,1.25,26,20,32.5,25,25,32.5,812.5,1.3
test,test/images/GF6_WFV_E131.2_N35.8_20200910_L1A1120034678-2_1024_512.png,test/labels/GF6_WFV_E131.2_N35.8_20200910_L1A1120034678-2_1024_512.txt,512,512,0,1,0.2841796875,0.5888671875,0.044921875,0.033203125,1.25,23,17,28.75,21.25,21.25,28.75,610.9375,1.35294117647
test,test/images/GF6_WFV_E131.2_N35.8_20200910_L1A1120034678-2_14336_14848.png,test/labels/GF6_WFV_E131.2_N35.8_20200910_L1A1120034678-2_14336_14848.txt,512,512,0,0,0.352389078498,0.376165803109,0.0324232081911,0.0373056994819,1.25,16.6006825939,19.1005181347,20.7508532423,23.8756476684,20.7508532423,23.8756476684,495.440060832,1.15058631034
test,test/images/GF6_WFV_E131.2_N35.8_20200910_L1A1120034678-2_15360_13312.png,test/labels/GF6_WFV_E131.2_N35.8_20200910_L1A1120034678-2_15360_13312.txt,512,512,0,0,0.7890625,0.978515625,0.0703125,0.04296875,1.25,36,22,45,27.5,27.5,45,1237.5,1.63636363636
test,test/images/GF6_WFV_E131.2_N35.8_20200910_L1A1120034678-2_15872_9216.png,test/labels/GF6_WFV_E131.2_N35.8_20200910_L1A1120034678-2_15872_9216.txt,512,512,0,0,0.4150390625,0.8271484375,0.048828125,0.041015625,1.25,25,21,31.25,26.25,26.25,31.25,820.3125,1.19047619048
test,test/images/GF6_WFV_E131.2_N35.8_20200910_L1A1120034678-2_17920_4608.png,test/labels/GF6_WFV_E131.2_N35.8_20200910_L1A1120034678-2_17920_4608.txt,512,512,0,0,0.523037542662,0.567875647668,0.0409556313993,0.0497409326425,1.25,20.9692832765,25.467357513,26.2116040956,31.8341968912,26.2116040956,31.8341968912,834.425365612,1.21450777202
test,test/images/GF6_WFV_E131.2_N35.8_20200910_L1A1120034678-2_18432_10752.png,test/labels/GF6_WFV_E131.2_N35.8_20200910_L1A1120034678-2_18432_10752.txt,512,512,0,0,0.543515358362,0.10310880829,0.0290102389078,0.0362694300518,1.25,14.8532423208,18.5699481865,18.566552901,23.2124352332,18.566552901,23.2124352332,430.974906718,1.25022858884
test,test/images/GF6_WFV_E131.2_N35.8_20200910_L1A1120034678-2_21904_7168.png,test/labels/GF6_WFV_E131.2_N35.8_20200910_L1A1120034678-2_21904_7168.txt,512,512,0,0,0.430034129693,0.234715025907,0.0324232081911,0.0445595854922,1.25,16.6006825939,22.814507772,20.7508532423,28.518134715,20.7508532423,28.518134715,591.775628216,1.37431142623
test,test/images/GF6_WFV_E131.2_N35.8_20200910_L1A1120034678-2_22016_5632.png,test/labels/GF6_WFV_E131.2_N35.8_20200910_L1A1120034678-2_22016_5632.txt,512,512,0,0,0.2158203125,0.2470703125,0.052734375,0.033203125,1.25,27,17,33.75,21.25,21.25,33.75,717.1875,1.58823529412
test,test/images/GF6_WFV_E131.2_N35.8_20200910_L1A1120034678-2_23440_6144.png,test/labels/GF6_WFV_E131.2_N35.8_20200910_L1A1120034678-2_23440_6144.txt,512,512,0,0,0.982508532423,0.767875647668,0.028156996587,0.0310880829016,1.25,14.4163822526,15.9170984456,18.0204778157,19.896373057,18.0204778157,19.896373057,358.542149286,1.10409797456
test,test/images/GF6_WFV_E131.2_N35.8_20200910_L1A1120034678-2_23440_7168.png,test/labels/GF6_WFV_E131.2_N35.8_20200910_L1A1120034678-2_23440_7168.txt,512,512,0,0,0.310580204778,0.0958549222798,0.0255972696246,0.0341968911917,1.25,13.1058020478,17.5088082902,16.3822525597,21.8860103627,16.3822525597,21.8860103627,358.542149286,1.33595854922
test,test/images/GF6_WFV_E131.2_N35.8_20200910_L1A1120034678-2_2560_6144.png,test/labels/GF6_WFV_E131.2_N35.8_20200910_L1A1120034678-2_2560_6144.txt,512,512,0,0,0.105802047782,0.713471502591,0.0358361774744,0.040414507772,1.25,18.3481228669,20.6922279793,22.9351535836,25.8652849741,22.9351535836,25.8652849741,593.224283365,1.12775721688
test,test/images/GF6_WFV_E131.2_N35.8_20200910_L1A1120034678-2_4096_512.png,test/labels/GF6_WFV_E131.2_N35.8_20200910_L1A1120034678-2_4096_512.txt,512,512,0,0,0.0917235494881,0.864248704663,0.0349829351536,0.0497409326425,1.25,17.9112627986,25.467357513,22.3890784983,31.8341968912,22.3890784983,31.8341968912,712.738333127,1.42186275749
test,test/images/GF6_WFV_E131.2_N35.8_20200910_L1A1120034678-2_4608_512.png,test/labels/GF6_WFV_E131.2_N35.8_20200910_L1A1120034678-2_4608_512.txt,512,512,0,0,0.921075085324,0.187564766839,0.0332764505119,0.0580310880829,1.25,17.0375426621,29.7119170984,21.2969283276,37.1398963731,21.2969283276,37.1398963731,790.965711153,1.74390859572
test,test/images/GF6_WFV_E131.2_N35.8_20200910_L1A1120034678-3_1024_17285.png,test/labels/GF6_WFV_E131.2_N35.8_20200910_L1A1120034678-3_1024_17285.txt,512,512,0,0,0.886945392491,0.59585492228,0.0247440273038,0.0269430051813,1.25,12.6689419795,13.7948186528,15.8361774744,17.2435233161,15.8361774744,17.2435233161,273.071495517,1.08886903698
test,test/images/GF6_WFV_E131.2_N35.8_20200910_L1A1120034678-3_1024_17285.png,test/labels/GF6_WFV_E131.2_N35.8_20200910_L1A1120034678-3_1024_17285.txt,512,512,0,1,0.888225255973,0.844041450777,0.0324232081911,0.0300518134715,1.25,16.6006825939,15.3865284974,20.7508532423,19.2331606218,19.2331606218,20.7508532423,399.104493448,1.0789102036
test,test/images/GF6_WFV_E131.2_N35.8_20200910_L1A1120034678-3_1024_17285.png,test/labels/GF6_WFV_E131.2_N35.8_20200910_L1A1120034678-3_1024_17285.txt,512,512,0,2,0.809726962457,0.982383419689,0.0238907849829,0.0331606217617,1.25,12.2320819113,16.978238342,15.2901023891,21.2227979275,15.2901023891,21.2227979275,324.498753294,1.38800888231
test,test/images/GF6_WFV_E131.2_N35.8_20200910_L1A1120034678-3_1024_4608.png,test/labels/GF6_WFV_E131.2_N35.8_20200910_L1A1120034678-3_1024_4608.txt,512,512,0,0,0.933873720137,0.818652849741,0.0349829351536,0.0310880829016,1.25,17.9112627986,15.9170984456,22.3890784983,19.896373057,19.896373057,22.3890784983,445.461458204,1.12528441411
test,test/images/GF6_WFV_E131.2_N35.8_20200910_L1A1120034678-3_1536_5120.png,test/labels/GF6_WFV_E131.2_N35.8_20200910_L1A1120034678-3_1536_5120.txt,512,512,0,0,0.610921501706,0.337305699482,0.0460750853242,0.040414507772,1.25,23.590443686,20.6922279793,29.4880546075,25.8652849741,25.8652849741,29.4880546075,762.716935755,1.14006300866
test,test/images/GF6_WFV_E131.2_N35.8_20200910_L1A1120034678-3_3584_15872.png,test/labels/GF6_WFV_E131.2_N35.8_20200910_L1A1120034678-3_3584_15872.txt,512,512,0,0,0.355802047782,0.956476683938,0.0238907849829,0.0373056994819,1.25,12.2320819113,19.1005181347,15.2901023891,23.8756476684,15.2901023891,23.8756476684,365.061097455,1.5615099926
test,test/images/GF6_WFV_E131.2_N35.8_20200910_L1A1120034678-3_4096_3584.png,test/labels/GF6_WFV_E131.2_N35.8_20200910_L1A1120034678-3_4096_3584.txt,512,512,0,0,0.436860068259,0.731088082902,0.0290102389078,0.0279792746114,1.25,14.8532423208,14.325388601,18.566552901,17.9067357513,17.9067357513,18.566552901,332.466356611,1.03684742763
test,test/images/GF6_WFV_E131.2_N35.8_20200910_L1A1120034678-3_4096_3584.png,test/labels/GF6_WFV_E131.2_N35.8_20200910_L1A1120034678-3_4096_3584.txt,512,512,0,1,0.316552901024,0.959067357513,0.0341296928328,0.0321243523316,1.25,17.4744027304,16.4476683938,21.843003413,20.5595854922,20.5595854922,21.843003413,449.083096076,1.06242430915
test,test/images/GF6_WFV_E131.2_N35.8_20200910_L1A1120034678-3_5120_3584.png,test/labels/GF6_WFV_E131.2_N35.8_20200910_L1A1120034678-3_5120_3584.txt,512,512,0,0,0.226109215017,0.605699481865,0.0273037542662,0.0321243523316,1.25,13.9795221843,16.4476683938,17.4744027304,20.5595854922,17.4744027304,20.5595854922,359.266476861,1.17655440415
test,test/images/GF6_WFV_E131.2_N35.8_20200910_L1A1120034678-3_5120_3584.png,test/labels/GF6_WFV_E131.2_N35.8_20200910_L1A1120034678-3_5120_3584.txt,512,512,0,1,0.451365187713,0.655958549223,0.0511945392491,0.0414507772021,1.25,26.2116040956,21.2227979275,32.7645051195,26.5284974093,26.5284974093,32.7645051195,869.193089179,1.23506825939
test,test/images/GF6_WFV_E131.2_N35.8_20200910_L1A1120034678-3_512_17285.png,test/labels/GF6_WFV_E131.2_N35.8_20200910_L1A1120034678-3_512_17285.txt,512,512,0,0,0.654296875,0.5498046875,0.08203125,0.044921875,1.25,42,23,52.5,28.75,28.75,52.5,1509.375,1.82608695652
test,test/images/GF6_WFV_E131.2_N35.8_20200910_L1A1120034678-3_512_17285.png,test/labels/GF6_WFV_E131.2_N35.8_20200910_L1A1120034678-3_512_17285.txt,512,512,0,1,0.691126279863,0.647150259067,0.0273037542662,0.0321243523316,1.25,13.9795221843,16.4476683938,17.4744027304,20.5595854922,17.4744027304,20.5595854922,359.266476861,1.17655440415
test,test/images/GF6_WFV_E131.2_N35.8_20200910_L1A1120034678-3_512_17285.png,test/labels/GF6_WFV_E131.2_N35.8_20200910_L1A1120034678-3_512_17285.txt,512,512,0,2,0.34343003413,0.990155440415,0.0332764505119,0.0176165803109,1.25,17.0375426621,9.01968911917,21.2969283276,11.274611399,11.274611399,21.2969283276,240.114590886,1.88892792612
test,test/images/GF6_WFV_E131.4_N24.7_20190412_L1A1119866992-3_10752_15360.png,test/labels/GF6_WFV_E131.4_N24.7_20190412_L1A1119866992-3_10752_15360.txt,512,512,0,0,0.96484375,0.931640625,0.0546875,0.04296875,1.25,28,22,35,27.5,27.5,35,962.5,1.27272727273
test,test/images/GF6_WFV_E131.4_N24.7_20190523_L1A1119882277-1_1024_1536.png,test/labels/GF6_WFV_E131.4_N24.7_20190523_L1A1119882277-1_1024_1536.txt,512,512,0,0,0.041015625,0.626953125,0.03515625,0.03515625,1.25,18,18,22.5,22.5,22.5,22.5,506.25,1
test,test/images/GF6_WFV_E131.4_N24.7_20190523_L1A1119882277-1_1024_1536.png,test/labels/GF6_WFV_E131.4_N24.7_20190523_L1A1119882277-1_1024_1536.txt,512,512,0,1,0.1787109375,0.544921875,0.037109375,0.02734375,1.25,19,14,23.75,17.5,17.5,23.75,415.625,1.35714285714
test,test/images/GF6_WFV_E131.4_N24.7_20190523_L1A1119882277-1_2048_1024.png,test/labels/GF6_WFV_E131.4_N24.7_20190523_L1A1119882277-1_2048_1024.txt,512,512,0,0,0.4248046875,0.5009765625,0.033203125,0.037109375,1.25,17,19,21.25,23.75,21.25,23.75,504.6875,1.11764705882
test,test/images/GF6_WFV_E131.4_N24.7_20190523_L1A1119882277-1_2048_1024.png,test/labels/GF6_WFV_E131.4_N24.7_20190523_L1A1119882277-1_2048_1024.txt,512,512,0,1,0.976535836177,0.444041450777,0.0230375426621,0.0217616580311,1.25,11.795221843,11.1419689119,14.7440273038,13.9274611399,13.9274611399,14.7440273038,205.346867319,1.05862993662
test,test/images/GF6_WFV_E131.4_N24.7_20190523_L1A1119882277-1_2560_0.png,test/labels/GF6_WFV_E131.4_N24.7_20190523_L1A1119882277-1_2560_0.txt,512,512,0,0,0.94921875,0.828125,0.02734375,0.03515625,1.25,14,18,17.5,22.5,17.5,22.5,393.75,1.28571428571
test,test/images/GF6_WFV_E131.4_N24.7_20190523_L1A1119882277-1_3584_1024.png,test/labels/GF6_WFV_E131.4_N24.7_20190523_L1A1119882277-1_3584_1024.txt,512,512,0,0,0.478515625,0.0439453125,0.0390625,0.025390625,1.25,20,13,25,16.25,16.25,25,406.25,1.53846153846
test,test/images/GF6_WFV_E131.4_N24.7_20190523_L1A1119882277-2_19456_12800.png,test/labels/GF6_WFV_E131.4_N24.7_20190523_L1A1119882277-2_19456_12800.txt,512,512,0,0,0.1806640625,0.404296875,0.044921875,0.04296875,1.25,23,22,28.75,27.5,27.5,28.75,790.625,1.04545454545
test,test/images/GF6_WFV_E131.6_N24.7_20191111_L1A1119942463-1_13440_10240.png,test/labels/GF6_WFV_E131.6_N24.7_20191111_L1A1119942463-1_13440_10240.txt,512,512,0,0,0.404296875,0.2861328125,0.04296875,0.044921875,1.25,22,23,27.5,28.75,27.5,28.75,790.625,1.04545454545
test,test/images/GF6_WFV_E131.6_N24.7_20191111_L1A1119942463-2_22416_6144.png,test/labels/GF6_WFV_E131.6_N24.7_20191111_L1A1119942463-2_22416_6144.txt,512,512,0,0,0.5830078125,0.216796875,0.048828125,0.046875,1.25,25,24,31.25,30,30,31.25,937.5,1.04166666667
test,test/images/GF6_WFV_E131.6_N24.7_20191111_L1A1119942463-3_8704_11776.png,test/labels/GF6_WFV_E131.6_N24.7_20191111_L1A1119942463-3_8704_11776.txt,512,512,0,0,0.423828125,0.0283203125,0.05859375,0.052734375,1.25,30,27,37.5,33.75,33.75,37.5,1265.625,1.11111111111
test,test/images/GF6_WFV_E131.6_N24.9_20190302_L1A1119852281-1_4096_0.png,test/labels/GF6_WFV_E131.6_N24.9_20190302_L1A1119852281-1_4096_0.txt,512,512,0,0,0.751953125,0.505859375,0.046875,0.05859375,1.25,24,30,30,37.5,30,37.5,1125,1.25
test,test/images/GF6_WFV_E131.6_N24.9_20190302_L1A1119852281-2_11776_14848.png,test/labels/GF6_WFV_E131.6_N24.9_20190302_L1A1119852281-2_11776_14848.txt,512,512,0,0,0.5078125,0.5751953125,0.04296875,0.056640625,1.25,22,29,27.5,36.25,27.5,36.25,996.875,1.31818181818
test,test/images/GF6_WFV_E131.6_N24.9_20190302_L1A1119852281-2_22928_6144.png,test/labels/GF6_WFV_E131.6_N24.9_20190302_L1A1119852281-2_22928_6144.txt,512,512,0,0,0.017578125,0.384765625,0.03515625,0.0546875,1.25,18,28,22.5,35,22.5,35,787.5,1.55555555556
test,test/images/GF6_WFV_E131.6_N24.9_20190302_L1A1119852281-3_5120_8192.png,test/labels/GF6_WFV_E131.6_N24.9_20190302_L1A1119852281-3_5120_8192.txt,512,512,0,0,0.0859375,0.703125,0.046875,0.0546875,1.25,24,28,30,35,30,35,1050,1.16666666667
test,test/images/GF6_WFV_E131.8_N31.4_20200918_L1A1120036753-2_18944_15360.png,test/labels/GF6_WFV_E131.8_N31.4_20200918_L1A1120036753-2_18944_15360.txt,512,512,0,0,0.826171875,0.013671875,0.03515625,0.0234375,1.25,18,12,22.5,15,15,22.5,337.5,1.5
test,test/images/GF6_WFV_E131.8_N31.4_20200918_L1A1120036753-2_23440_17285.png,test/labels/GF6_WFV_E131.8_N31.4_20200918_L1A1120036753-2_23440_17285.txt,512,512,0,0,0.7001953125,0.4619140625,0.041015625,0.048828125,1.25,21,25,26.25,31.25,26.25,31.25,820.3125,1.19047619048
test,test/images/GF6_WFV_E131.8_N38.0_20200910_L1A1120034675-1_10240_11264.png,test/labels/GF6_WFV_E131.8_N38.0_20200910_L1A1120034675-1_10240_11264.txt,512,512,0,0,0.8740234375,0.8955078125,0.041015625,0.044921875,1.25,21,23,26.25,28.75,26.25,28.75,754.6875,1.09523809524
test,test/images/GF6_WFV_E131.8_N38.0_20200910_L1A1120034675-1_10752_12288.png,test/labels/GF6_WFV_E131.8_N38.0_20200910_L1A1120034675-1_10752_12288.txt,512,512,0,0,0.10546875,0.109375,0.0390625,0.0390625,1.25,20,20,25,25,25,25,625,1
test,test/images/GF6_WFV_E131.8_N38.0_20200910_L1A1120034675-1_10752_12288.png,test/labels/GF6_WFV_E131.8_N38.0_20200910_L1A1120034675-1_10752_12288.txt,512,512,0,1,0.5654296875,0.44140625,0.029296875,0.0234375,1.25,15,12,18.75,15,15,18.75,281.25,1.25
test,test/images/GF6_WFV_E131.8_N38.0_20200910_L1A1120034675-1_10752_12288.png,test/labels/GF6_WFV_E131.8_N38.0_20200910_L1A1120034675-1_10752_12288.txt,512,512,0,2,0.1328125,0.443359375,0.03125,0.03125,1.25,16,16,20,20,20,20,400,1
test,test/images/GF6_WFV_E131.8_N38.0_20200910_L1A1120034675-1_10752_12288.png,test/labels/GF6_WFV_E131.8_N38.0_20200910_L1A1120034675-1_10752_12288.txt,512,512,0,3,0.921875,0.908203125,0.02734375,0.02734375,1.25,14,14,17.5,17.5,17.5,17.5,306.25,1
test,test/images/GF6_WFV_E131.8_N38.0_20200910_L1A1120034675-1_11264_12800.png,test/labels/GF6_WFV_E131.8_N38.0_20200910_L1A1120034675-1_11264_12800.txt,512,512,0,0,0.9443359375,0.361328125,0.029296875,0.03515625,1.25,15,18,18.75,22.5,18.75,22.5,421.875,1.2
test,test/images/GF6_WFV_E131.8_N38.0_20200910_L1A1120034675-1_11264_12800.png,test/labels/GF6_WFV_E131.8_N38.0_20200910_L1A1120034675-1_11264_12800.txt,512,512,0,1,0.633959044369,0.921761658031,0.0307167235495,0.0321243523316,1.25,15.7269624573,16.4476683938,19.6587030717,20.5595854922,19.6587030717,20.5595854922,404.174786468,1.04582613702
test,test/images/GF6_WFV_E131.8_N38.0_20200910_L1A1120034675-1_12416_10752.png,test/labels/GF6_WFV_E131.8_N38.0_20200910_L1A1120034675-1_12416_10752.txt,512,512,0,0,0.0361328125,0.12890625,0.037109375,0.04296875,1.25,19,22,23.75,27.5,23.75,27.5,653.125,1.15789473684
test,test/images/GF6_WFV_E131.8_N38.0_20200910_L1A1120034675-1_12928_14848.png,test/labels/GF6_WFV_E131.8_N38.0_20200910_L1A1120034675-1_12928_14848.txt,512,512,0,0,0.744140625,0.615234375,0.03125,0.02734375,1.25,16,14,20,17.5,17.5,20,350,1.14285714286
test,test/images/GF6_WFV_E131.8_N38.0_20200910_L1A1120034675-1_8704_9728.png,test/labels/GF6_WFV_E131.8_N38.0_20200910_L1A1120034675-1_8704_9728.txt,512,512,0,0,0.76171875,0.220703125,0.03125,0.02734375,1.25,16,14,20,17.5,17.5,20,350,1.14285714286
test,test/images/GF6_WFV_E131.8_N38.0_20200910_L1A1120034675-1_8704_9728.png,test/labels/GF6_WFV_E131.8_N38.0_20200910_L1A1120034675-1_8704_9728.txt,512,512,0,1,0.8349609375,0.931640625,0.029296875,0.01953125,1.25,15,10,18.75,12.5,12.5,18.75,234.375,1.5
test,test/images/GF6_WFV_E131.8_N38.0_20200910_L1A1120034675-1_8704_9728.png,test/labels/GF6_WFV_E131.8_N38.0_20200910_L1A1120034675-1_8704_9728.txt,512,512,0,2,0.5830078125,0.2880859375,0.025390625,0.025390625,1.25,13,13,16.25,16.25,16.25,16.25,264.0625,1
test,test/images/GF6_WFV_E131.8_N38.0_20200910_L1A1120034675-1_9728_10240.png,test/labels/GF6_WFV_E131.8_N38.0_20200910_L1A1120034675-1_9728_10240.txt,512,512,0,0,0.189453125,0.923828125,0.0234375,0.02734375,1.25,12,14,15,17.5,15,17.5,262.5,1.16666666667
test,test/images/GF6_WFV_E131.8_N38.0_20200910_L1A1120034675-2_1024_17285.png,test/labels/GF6_WFV_E131.8_N38.0_20200910_L1A1120034675-2_1024_17285.txt,512,512,0,0,0.2841796875,0.2919921875,0.041015625,0.033203125,1.25,21,17,26.25,21.25,21.25,26.25,557.8125,1.23529411765
test,test/images/GF6_WFV_E131.8_N38.0_20200910_L1A1120034675-2_1024_17285.png,test/labels/GF6_WFV_E131.8_N38.0_20200910_L1A1120034675-2_1024_17285.txt,512,512,0,1,0.1533203125,0.3193359375,0.033203125,0.041015625,1.25,17,21,21.25,26.25,21.25,26.25,557.8125,1.23529411765
test,test/images/GF6_WFV_E131.8_N38.0_20200910_L1A1120034675-2_17408_16384.png,test/labels/GF6_WFV_E131.8_N38.0_20200910_L1A1120034675-2_17408_16384.txt,512,512,0,0,0.533203125,0.013671875,0.046875,0.0234375,1.25,24,12,30,15,15,30,450,2
test,test/images/GF6_WFV_E131.8_N38.0_20200910_L1A1120034675-2_2560_13824.png,test/labels/GF6_WFV_E131.8_N38.0_20200910_L1A1120034675-2_2560_13824.txt,512,512,0,0,0.267578125,0.435546875,0.03515625,0.0234375,1.25,18,12,22.5,15,15,22.5,337.5,1.5
test,test/images/GF6_WFV_E131.8_N38.0_20200910_L1A1120034675-2_2560_13824.png,test/labels/GF6_WFV_E131.8_N38.0_20200910_L1A1120034675-2_2560_13824.txt,512,512,0,1,0.578125,0.4375,0.03125,0.02734375,1.25,16,14,20,17.5,17.5,20,350,1.14285714286
test,test/images/GF6_WFV_E131.8_N38.0_20200910_L1A1120034675-2_2560_13824.png,test/labels/GF6_WFV_E131.8_N38.0_20200910_L1A1120034675-2_2560_13824.txt,512,512,0,2,0.6279296875,0.384765625,0.025390625,0.0234375,1.25,13,12,16.25,15,15,16.25,243.75,1.08333333333
test,test/images/GF6_WFV_E131.8_N38.0_20200910_L1A1120034675-2_2560_13824.png,test/labels/GF6_WFV_E131.8_N38.0_20200910_L1A1120034675-2_2560_13824.txt,512,512,0,3,0.956484641638,0.267357512953,0.0409556313993,0.039378238342,1.25,20.9692832765,20.1616580311,26.2116040956,25.2020725389,25.2020725389,26.2116040956,660.586747776,1.04005748159
test,test/images/GF6_WFV_E131.8_N38.0_20200910_L1A1120034675-2_512_17285.png,test/labels/GF6_WFV_E131.8_N38.0_20200910_L1A1120034675-2_512_17285.txt,512,512,0,0,0.2685546875,0.2119140625,0.029296875,0.025390625,1.25,15,13,18.75,16.25,16.25,18.75,304.6875,1.15384615385
test,test/images/GF6_WFV_E131.8_N38.0_20200910_L1A1120034675-2_512_17285.png,test/labels/GF6_WFV_E131.8_N38.0_20200910_L1A1120034675-2_512_17285.txt,512,512,0,1,0.0390625,0.8857421875,0.02734375,0.017578125,1.25,14,9,17.5,11.25,11.25,17.5,196.875,1.55555555556
test,test/images/GF6_WFV_E131.8_N38.0_20200910_L1A1120034675-2_512_17285.png,test/labels/GF6_WFV_E131.8_N38.0_20200910_L1A1120034675-2_512_17285.txt,512,512,0,2,0.1767578125,0.826171875,0.033203125,0.0234375,1.25,17,12,21.25,15,15,21.25,318.75,1.41666666667
test,test/images/GF6_WFV_E131.8_N38.0_20200910_L1A1120034675-2_6144_10752.png,test/labels/GF6_WFV_E131.8_N38.0_20200910_L1A1120034675-2_6144_10752.txt,512,512,0,0,0.6943359375,0.06640625,0.029296875,0.0390625,1.25,15,20,18.75,25,18.75,25,468.75,1.33333333333
test,test/images/GF6_WFV_E131.8_N38.0_20200910_L1A1120034675-2_6656_2048.png,test/labels/GF6_WFV_E131.8_N38.0_20200910_L1A1120034675-2_6656_2048.txt,512,512,0,0,0.068359375,0.7939453125,0.03125,0.029296875,1.25,16,15,20,18.75,18.75,20,375,1.06666666667
test,test/images/GF6_WFV_E131.8_N38.0_20200910_L1A1120034675-2_8704_7680.png,test/labels/GF6_WFV_E131.8_N38.0_20200910_L1A1120034675-2_8704_7680.txt,512,512,0,0,0.62109375,0.2490234375,0.03515625,0.041015625,1.25,18,21,22.5,26.25,22.5,26.25,590.625,1.16666666667
test,test/images/GF6_WFV_E131.8_N38.0_20200910_L1A1120034675-2_8704_7680.png,test/labels/GF6_WFV_E131.8_N38.0_20200910_L1A1120034675-2_8704_7680.txt,512,512,0,1,0.6337890625,0.30078125,0.029296875,0.0390625,1.25,15,20,18.75,25,18.75,25,468.75,1.33333333333
test,test/images/GF6_WFV_E131.8_N38.0_20200910_L1A1120034675-2_8704_7680.png,test/labels/GF6_WFV_E131.8_N38.0_20200910_L1A1120034675-2_8704_7680.txt,512,512,0,2,0.642578125,0.5126953125,0.0390625,0.048828125,1.25,20,25,25,31.25,25,31.25,781.25,1.25
test,test/images/GF6_WFV_E131.8_N38.0_20200910_L1A1120034675-2_8704_7680.png,test/labels/GF6_WFV_E131.8_N38.0_20200910_L1A1120034675-2_8704_7680.txt,512,512,0,3,0.650390625,0.6064453125,0.03515625,0.044921875,1.25,18,23,22.5,28.75,22.5,28.75,646.875,1.27777777778
test,test/images/GF6_WFV_E131.8_N38.0_20200910_L1A1120034675-3_2560_7168.png,test/labels/GF6_WFV_E131.8_N38.0_20200910_L1A1120034675-3_2560_7168.txt,512,512,0,0,0.1787109375,0.1337890625,0.056640625,0.056640625,1.25,29,29,36.25,36.25,36.25,36.25,1314.0625,1
test,test/images/GF6_WFV_E131.9_N22.4_20190604_L1A1119887740-1_2048_10752.png,test/labels/GF6_WFV_E131.9_N22.4_20190604_L1A1119887740-1_2048_10752.txt,512,512,0,0,0.9404296875,0.9658203125,0.048828125,0.048828125,1.25,25,25,31.25,31.25,31.25,31.25,976.5625,1
test,test/images/GF6_WFV_E131.9_N22.4_20190604_L1A1119887740-1_5120_1536.png,test/labels/GF6_WFV_E131.9_N22.4_20190604_L1A1119887740-1_5120_1536.txt,512,512,0,0,0.853515625,0.44921875,0.04296875,0.03125,1.25,22,16,27.5,20,20,27.5,550,1.375
test,test/images/GF6_WFV_E131.9_N22.4_20190604_L1A1119887740-3_3072_4096.png,test/labels/GF6_WFV_E131.9_N22.4_20190604_L1A1119887740-3_3072_4096.txt,512,512,0,0,0.4228515625,0.1748046875,0.033203125,0.029296875,1.25,17,15,21.25,18.75,18.75,21.25,398.4375,1.13333333333
test,test/images/GF6_WFV_E131.9_N26.9_20190523_L1A1119882283-1_2048_13312.png,test/labels/GF6_WFV_E131.9_N26.9_20190523_L1A1119882283-1_2048_13312.txt,512,512,0,0,0.712890625,0.5966796875,0.03515625,0.041015625,1.25,18,21,22.5,26.25,22.5,26.25,590.625,1.16666666667
test,test/images/GF6_WFV_E131.9_N26.9_20190523_L1A1119882283-1_2048_16384.png,test/labels/GF6_WFV_E131.9_N26.9_20190523_L1A1119882283-1_2048_16384.txt,512,512,0,0,0.8623046875,0.625,0.029296875,0.0390625,1.25,15,20,18.75,25,18.75,25,468.75,1.33333333333
test,test/images/GF6_WFV_E131.9_N26.9_20190523_L1A1119882283-1_2048_16384.png,test/labels/GF6_WFV_E131.9_N26.9_20190523_L1A1119882283-1_2048_16384.txt,512,512,0,1,0.4658203125,0.806640625,0.025390625,0.0234375,1.25,13,12,16.25,15,15,16.25,243.75,1.08333333333
test,test/images/GF6_WFV_E131.9_N26.9_20190523_L1A1119882283-1_3584_13824.png,test/labels/GF6_WFV_E131.9_N26.9_20190523_L1A1119882283-1_3584_13824.txt,512,512,0,0,0.9560546875,0.0166015625,0.041015625,0.033203125,1.25,21,17,26.25,21.25,21.25,26.25,557.8125,1.23529411765
test,test/images/GF6_WFV_E131.9_N26.9_20190523_L1A1119882283-1_6144_3072.png,test/labels/GF6_WFV_E131.9_N26.9_20190523_L1A1119882283-1_6144_3072.txt,512,512,0,0,0.640625,0.5009765625,0.0546875,0.060546875,1.25,28,31,35,38.75,35,38.75,1356.25,1.10714285714
test,test/images/GF6_WFV_E131.9_N26.9_20190523_L1A1119882283-2_15360_13824.png,test/labels/GF6_WFV_E131.9_N26.9_20190523_L1A1119882283-2_15360_13824.txt,512,512,0,0,0.2294921875,0.490234375,0.060546875,0.05078125,1.25,31,26,38.75,32.5,32.5,38.75,1259.375,1.19230769231
test,test/images/GF6_WFV_E131.9_N26.9_20190523_L1A1119882283-2_6144_6656.png,test/labels/GF6_WFV_E131.9_N26.9_20190523_L1A1119882283-2_6144_6656.txt,512,512,0,0,0.09375,0.4912109375,0.0625,0.052734375,1.25,32,27,40,33.75,33.75,40,1350,1.18518518519
test,test/images/GF6_WFV_E131.9_N26.9_20190523_L1A1119882283-3_3072_2048.png,test/labels/GF6_WFV_E131.9_N26.9_20190523_L1A1119882283-3_3072_2048.txt,512,512,0,0,0.90234375,0.7607421875,0.0546875,0.044921875,1.25,28,23,35,28.75,28.75,35,1006.25,1.21739130435
test,test/images/GF6_WFV_E132.0_N24.7_20200530_L1A1120002373-2_9216_16777.png,test/labels/GF6_WFV_E132.0_N24.7_20200530_L1A1120002373-2_9216_16777.txt,512,512,0,0,0.23828125,0.5595703125,0.04296875,0.041015625,1.25,22,21,27.5,26.25,26.25,27.5,721.875,1.04761904762
test,test/images/GF6_WFV_E132.0_N26.9_20190302_L1A1119852268-1_2048_16384.png,test/labels/GF6_WFV_E132.0_N26.9_20190302_L1A1119852268-1_2048_16384.txt,512,512,0,0,0.2548828125,0.3779296875,0.037109375,0.041015625,1.25,19,21,23.75,26.25,23.75,26.25,623.4375,1.10526315789
test,test/images/GF6_WFV_E132.0_N26.9_20190302_L1A1119852268-1_4096_14848.png,test/labels/GF6_WFV_E132.0_N26.9_20190302_L1A1119852268-1_4096_14848.txt,512,512,0,0,0.748046875,0.58984375,0.05078125,0.0546875,1.25,26,28,32.5,35,32.5,35,1137.5,1.07692307692
test,test/images/GF6_WFV_E132.0_N26.9_20190302_L1A1119852268-1_512_13824.png,test/labels/GF6_WFV_E132.0_N26.9_20190302_L1A1119852268-1_512_13824.txt,512,512,0,0,0.7421875,0.5927734375,0.03515625,0.033203125,1.25,18,17,22.5,21.25,21.25,22.5,478.125,1.05882352941
test,test/images/GF6_WFV_E132.0_N26.9_20190302_L1A1119852268-1_512_13824.png,test/labels/GF6_WFV_E132.0_N26.9_20190302_L1A1119852268-1_512_13824.txt,512,512,0,1,0.9150390625,0.7001953125,0.029296875,0.025390625,1.25,15,13,18.75,16.25,16.25,18.75,304.6875,1.15384615385
test,test/images/GF6_WFV_E132.0_N26.9_20190302_L1A1119852268-1_512_13824.png,test/labels/GF6_WFV_E132.0_N26.9_20190302_L1A1119852268-1_512_13824.txt,512,512,0,2,0.6005859375,0.4306640625,0.029296875,0.025390625,1.25,15,13,18.75,16.25,16.25,18.75,304.6875,1.15384615385
test,test/images/GF6_WFV_E132.0_N26.9_20190302_L1A1119852268-1_512_13824.png,test/labels/GF6_WFV_E132.0_N26.9_20190302_L1A1119852268-1_512_13824.txt,512,512,0,3,0.7216796875,0.4521484375,0.025390625,0.021484375,1.25,13,11,16.25,13.75,13.75,16.25,223.4375,1.18181818182
test,test/images/GF6_WFV_E132.0_N26.9_20190302_L1A1119852268-1_512_13824.png,test/labels/GF6_WFV_E132.0_N26.9_20190302_L1A1119852268-1_512_13824.txt,512,512,0,4,0.326171875,0.58203125,0.0234375,0.0234375,1.25,12,12,15,15,15,15,225,1
test,test/images/GF6_WFV_E132.0_N26.9_20190302_L1A1119852268-1_6144_17289.png,test/labels/GF6_WFV_E132.0_N26.9_20190302_L1A1119852268-1_6144_17289.txt,512,512,0,0,0.950511945392,0.159067357513,0.0290102389078,0.0673575129534,1.25,14.8532423208,34.4870466321,18.566552901,43.1088082902,18.566552901,43.1088082902,800.381969619,2.32185309357
test,test/images/GF6_WFV_E132.0_N26.9_20190302_L1A1119852268-2_12288_14848.png,test/labels/GF6_WFV_E132.0_N26.9_20190302_L1A1119852268-2_12288_14848.txt,512,512,0,0,0.43359375,0.8525390625,0.04296875,0.052734375,1.25,22,27,27.5,33.75,27.5,33.75,928.125,1.22727272727
test,test/images/GF6_WFV_E132.0_N26.9_20190302_L1A1119852268-3_3584_1536.png,test/labels/GF6_WFV_E132.0_N26.9_20190302_L1A1119852268-3_3584_1536.txt,512,512,0,0,0.5791015625,0.7998046875,0.037109375,0.041015625,1.25,19,21,23.75,26.25,23.75,26.25,623.4375,1.10526315789
test,test/images/GF6_WFV_E132.0_N26.9_20190703_L1A1119896315-3_11281_4096.png,test/labels/GF6_WFV_E132.0_N26.9_20190703_L1A1119896315-3_11281_4096.txt,512,512,0,0,0.498046875,0.34375,0.03125,0.05078125,1.25,16,26,20,32.5,20,32.5,650,1.625
test,test/images/GF6_WFV_E132.4_N24.7_20190604_L1A1119887742-1_5120_16861.png,test/labels/GF6_WFV_E132.4_N24.7_20190604_L1A1119887742-1_5120_16861.txt,512,512,0,0,0.181640625,0.4541015625,0.04296875,0.048828125,1.25,22,25,27.5,31.25,27.5,31.25,859.375,1.13636363636
test,test/images/GF6_WFV_E132.4_N24.7_20190604_L1A1119887742-1_6656_11776.png,test/labels/GF6_WFV_E132.4_N24.7_20190604_L1A1119887742-1_6656_11776.txt,512,512,0,0,0.3642578125,0.86328125,0.041015625,0.03125,1.25,21,16,26.25,20,20,26.25,525,1.3125
test,test/images/GF6_WFV_E132.4_N24.7_20190604_L1A1119887742-2_4608_2048.png,test/labels/GF6_WFV_E132.4_N24.7_20190604_L1A1119887742-2_4608_2048.txt,512,512,0,0,0.2373046875,0.154296875,0.037109375,0.0390625,1.25,19,20,23.75,25,23.75,25,593.75,1.05263157895
test,test/images/GF6_WFV_E132.4_N24.7_20190604_L1A1119887742-2_512_3072.png,test/labels/GF6_WFV_E132.4_N24.7_20190604_L1A1119887742-2_512_3072.txt,512,512,0,0,0.91015625,0.3984375,0.03125,0.046875,1.25,16,24,20,30,20,30,600,1.5
test,test/images/GF6_WFV_E132.4_N35.8_20200914_L1A1120035552-1_10240_15360.png,test/labels/GF6_WFV_E132.4_N35.8_20200914_L1A1120035552-1_10240_15360.txt,512,512,0,0,0.0751953125,0.44140625,0.048828125,0.03125,1.25,25,16,31.25,20,20,31.25,625,1.5625
test,test/images/GF6_WFV_E132.4_N35.8_20200914_L1A1120035552-1_10240_15360.png,test/labels/GF6_WFV_E132.4_N35.8_20200914_L1A1120035552-1_10240_15360.txt,512,512,0,1,0.6318359375,0.2119140625,0.029296875,0.037109375,1.25,15,19,18.75,23.75,18.75,23.75,445.3125,1.26666666667
test,test/images/GF6_WFV_E132.4_N35.8_20200914_L1A1120035552-1_10240_15360.png,test/labels/GF6_WFV_E132.4_N35.8_20200914_L1A1120035552-1_10240_15360.txt,512,512,0,2,0.845703125,0.7763671875,0.0546875,0.033203125,1.25,28,17,35,21.25,21.25,35,743.75,1.64705882353
test,test/images/GF6_WFV_E132.4_N35.8_20200914_L1A1120035552-1_10240_15360.png,test/labels/GF6_WFV_E132.4_N35.8_20200914_L1A1120035552-1_10240_15360.txt,512,512,0,3,0.4482421875,0.7255859375,0.033203125,0.037109375,1.25,17,19,21.25,23.75,21.25,23.75,504.6875,1.11764705882
test,test/images/GF6_WFV_E132.4_N35.8_20200914_L1A1120035552-1_10240_15360.png,test/labels/GF6_WFV_E132.4_N35.8_20200914_L1A1120035552-1_10240_15360.txt,512,512,0,4,0.9716796875,0.3349609375,0.033203125,0.044921875,1.25,17,23,21.25,28.75,21.25,28.75,610.9375,1.35294117647
test,test/images/GF6_WFV_E132.4_N35.8_20200914_L1A1120035552-1_10240_5120.png,test/labels/GF6_WFV_E132.4_N35.8_20200914_L1A1120035552-1_10240_5120.txt,512,512,0,0,0.0888671875,0.16796875,0.037109375,0.02734375,1.25,19,14,23.75,17.5,17.5,23.75,415.625,1.35714285714
test,test/images/GF6_WFV_E132.4_N35.8_20200914_L1A1120035552-1_10240_5120.png,test/labels/GF6_WFV_E132.4_N35.8_20200914_L1A1120035552-1_10240_5120.txt,512,512,0,1,0.1806640625,0.3701171875,0.033203125,0.021484375,1.25,17,11,21.25,13.75,13.75,21.25,292.1875,1.54545454545
test,test/images/GF6_WFV_E132.4_N35.8_20200914_L1A1120035552-1_10240_5120.png,test/labels/GF6_WFV_E132.4_N35.8_20200914_L1A1120035552-1_10240_5120.txt,512,512,0,2,0.3662109375,0.8642578125,0.033203125,0.029296875,1.25,17,15,21.25,18.75,18.75,21.25,398.4375,1.13333333333
test,test/images/GF6_WFV_E132.4_N35.8_20200914_L1A1120035552-1_10240_8704.png,test/labels/GF6_WFV_E132.4_N35.8_20200914_L1A1120035552-1_10240_8704.txt,512,512,0,0,0.1142578125,0.6875,0.033203125,0.03515625,1.25,17,18,21.25,22.5,21.25,22.5,478.125,1.05882352941
test,test/images/GF6_WFV_E132.4_N35.8_20200914_L1A1120035552-1_10240_8704.png,test/labels/GF6_WFV_E132.4_N35.8_20200914_L1A1120035552-1_10240_8704.txt,512,512,0,1,0.7626953125,0.494140625,0.029296875,0.03125,1.25,15,16,18.75,20,18.75,20,375,1.06666666667
test,test/images/GF6_WFV_E132.4_N35.8_20200914_L1A1120035552-1_10240_8704.png,test/labels/GF6_WFV_E132.4_N35.8_20200914_L1A1120035552-1_10240_8704.txt,512,512,0,2,0.8095703125,0.091796875,0.033203125,0.03515625,1.25,17,18,21.25,22.5,21.25,22.5,478.125,1.05882352941
test,test/images/GF6_WFV_E132.4_N35.8_20200914_L1A1120035552-1_10752_10240.png,test/labels/GF6_WFV_E132.4_N35.8_20200914_L1A1120035552-1_10752_10240.txt,512,512,0,0,0.98046875,0.96875,0.01953125,0.02734375,1.25,10,14,12.5,17.5,12.5,17.5,218.75,1.4
test,test/images/GF6_WFV_E132.4_N35.8_20200914_L1A1120035552-1_10752_10240.png,test/labels/GF6_WFV_E132.4_N35.8_20200914_L1A1120035552-1_10752_10240.txt,512,512,0,1,0.1494140625,0.033203125,0.033203125,0.02734375,1.25,17,14,21.25,17.5,17.5,21.25,371.875,1.21428571429
test,test/images/GF6_WFV_E132.4_N35.8_20200914_L1A1120035552-1_10752_4608.png,test/labels/GF6_WFV_E132.4_N35.8_20200914_L1A1120035552-1_10752_4608.txt,512,512,0,0,0.029296875,0.708984375,0.03515625,0.02734375,1.25,18,14,22.5,17.5,17.5,22.5,393.75,1.28571428571
test,test/images/GF6_WFV_E132.4_N35.8_20200914_L1A1120035552-1_10752_5120.png,test/labels/GF6_WFV_E132.4_N35.8_20200914_L1A1120035552-1_10752_5120.txt,512,512,0,0,0.0146484375,0.0751953125,0.029296875,0.021484375,1.25,15,11,18.75,13.75,13.75,18.75,257.8125,1.36363636364
test,test/images/GF6_WFV_E132.4_N35.8_20200914_L1A1120035552-1_10752_9728.png,test/labels/GF6_WFV_E132.4_N35.8_20200914_L1A1120035552-1_10752_9728.txt,512,512,0,0,0.267578125,0.548828125,0.03515625,0.02734375,1.25,18,14,22.5,17.5,17.5,22.5,393.75,1.28571428571
test,test/images/GF6_WFV_E132.4_N35.8_20200914_L1A1120035552-1_10752_9728.png,test/labels/GF6_WFV_E132.4_N35.8_20200914_L1A1120035552-1_10752_9728.txt,512,512,0,1,0.1298828125,0.435546875,0.037109375,0.03125,1.25,19,16,23.75,20,20,23.75,475,1.1875
test,test/images/GF6_WFV_E132.4_N35.8_20200914_L1A1120035552-1_10752_9728.png,test/labels/GF6_WFV_E132.4_N35.8_20200914_L1A1120035552-1_10752_9728.txt,512,512,0,2,0.7138671875,0.4599609375,0.037109375,0.025390625,1.25,19,13,23.75,16.25,16.25,23.75,385.9375,1.46153846154
test,test/images/GF6_WFV_E132.4_N35.8_20200914_L1A1120035552-1_11264_14336.png,test/labels/GF6_WFV_E132.4_N35.8_20200914_L1A1120035552-1_11264_14336.txt,512,512,0,0,0.251953125,0.89453125,0.05078125,0.03515625,1.25,26,18,32.5,22.5,22.5,32.5,731.25,1.44444444444
test,test/images/GF6_WFV_E132.4_N35.8_20200914_L1A1120035552-1_11264_512.png,test/labels/GF6_WFV_E132.4_N35.8_20200914_L1A1120035552-1_11264_512.txt,512,512,0,0,0.025390625,0.5478515625,0.03125,0.041015625,1.25,16,21,20,26.25,20,26.25,525,1.3125
test,test/images/GF6_WFV_E132.4_N35.8_20200914_L1A1120035552-1_11264_6144.png,test/labels/GF6_WFV_E132.4_N35.8_20200914_L1A1120035552-1_11264_6144.txt,512,512,0,0,0.3857421875,0.5458984375,0.044921875,0.029296875,1.25,23,15,28.75,18.75,18.75,28.75,539.0625,1.53333333333
test,test/images/GF6_WFV_E132.4_N35.8_20200914_L1A1120035552-1_11264_6144.png,test/labels/GF6_WFV_E132.4_N35.8_20200914_L1A1120035552-1_11264_6144.txt,512,512,0,1,0.974609375,0.1611328125,0.03125,0.033203125,1.25,16,17,20,21.25,20,21.25,425,1.0625
test,test/images/GF6_WFV_E132.4_N35.8_20200914_L1A1120035552-1_11776_13824.png,test/labels/GF6_WFV_E132.4_N35.8_20200914_L1A1120035552-1_11776_13824.txt,512,512,0,0,0.609375,0.029296875,0.06640625,0.05859375,1.25,34,30,42.5,37.5,37.5,42.5,1593.75,1.13333333333
test,test/images/GF6_WFV_E132.4_N35.8_20200914_L1A1120035552-1_11776_2048.png,test/labels/GF6_WFV_E132.4_N35.8_20200914_L1A1120035552-1_11776_2048.txt,512,512,0,0,0.427734375,0.400390625,0.03125,0.02734375,1.25,16,14,20,17.5,17.5,20,350,1.14285714286
test,test/images/GF6_WFV_E132.4_N35.8_20200914_L1A1120035552-1_11776_2048.png,test/labels/GF6_WFV_E132.4_N35.8_20200914_L1A1120035552-1_11776_2048.txt,512,512,0,1,0.60546875,0.2197265625,0.02734375,0.029296875,1.25,14,15,17.5,18.75,17.5,18.75,328.125,1.07142857143
test,test/images/GF6_WFV_E132.4_N35.8_20200914_L1A1120035552-1_11776_2048.png,test/labels/GF6_WFV_E132.4_N35.8_20200914_L1A1120035552-1_11776_2048.txt,512,512,0,2,0.96484375,0.080078125,0.03125,0.03125,1.25,16,16,20,20,20,20,400,1
test,test/images/GF6_WFV_E132.4_N35.8_20200914_L1A1120035552-1_11904_15872.png,test/labels/GF6_WFV_E132.4_N35.8_20200914_L1A1120035552-1_11904_15872.txt,512,512,0,0,0.3134765625,0.2880859375,0.041015625,0.033203125,1.25,21,17,26.25,21.25,21.25,26.25,557.8125,1.23529411765
test,test/images/GF6_WFV_E132.4_N35.8_20200914_L1A1120035552-1_12416_13312.png,test/labels/GF6_WFV_E132.4_N35.8_20200914_L1A1120035552-1_12416_13312.txt,512,512,0,0,0.31640625,0.8115234375,0.02734375,0.025390625,1.25,14,13,17.5,16.25,16.25,17.5,284.375,1.07692307692
test,test/images/GF6_WFV_E132.4_N35.8_20200914_L1A1120035552-1_13440_13824.png,test/labels/GF6_WFV_E132.4_N35.8_20200914_L1A1120035552-1_13440_13824.txt,512,512,0,0,0.4541015625,0.857421875,0.056640625,0.046875,1.25,29,24,36.25,30,30,36.25,1087.5,1.20833333333
test,test/images/GF6_WFV_E132.4_N35.8_20200914_L1A1120035552-1_13440_13824.png,test/labels/GF6_WFV_E132.4_N35.8_20200914_L1A1120035552-1_13440_13824.txt,512,512,0,1,0.28515625,0.6982421875,0.0234375,0.025390625,1.25,12,13,15,16.25,15,16.25,243.75,1.08333333333
test,test/images/GF6_WFV_E132.4_N35.8_20200914_L1A1120035552-1_13440_13824.png,test/labels/GF6_WFV_E132.4_N35.8_20200914_L1A1120035552-1_13440_13824.txt,512,512,0,2,0.2900390625,0.857421875,0.025390625,0.0234375,1.25,13,12,16.25,15,15,16.25,243.75,1.08333333333
test,test/images/GF6_WFV_E132.4_N35.8_20200914_L1A1120035552-1_6144_16773.png,test/labels/GF6_WFV_E132.4_N35.8_20200914_L1A1120035552-1_6144_16773.txt,512,512,0,0,0.8671875,0.80859375,0.0546875,0.0390625,1.25,28,20,35,25,25,35,875,1.4
test,test/images/GF6_WFV_E132.4_N35.8_20200914_L1A1120035552-1_6144_16773.png,test/labels/GF6_WFV_E132.4_N35.8_20200914_L1A1120035552-1_6144_16773.txt,512,512,0,1,0.6767578125,0.873046875,0.048828125,0.05078125,1.25,25,26,31.25,32.5,31.25,32.5,1015.625,1.04
test,test/images/GF6_WFV_E132.4_N35.8_20200914_L1A1120035552-1_6656_1536.png,test/labels/GF6_WFV_E132.4_N35.8_20200914_L1A1120035552-1_6656_1536.txt,512,512,0,0,0.408203125,0.18359375,0.03515625,0.04296875,1.25,18,22,22.5,27.5,22.5,27.5,618.75,1.22222222222
test,test/images/GF6_WFV_E132.4_N35.8_20200914_L1A1120035552-1_6656_1536.png,test/labels/GF6_WFV_E132.4_N35.8_20200914_L1A1120035552-1_6656_1536.txt,512,512,0,1,0.98828125,0.1181640625,0.0234375,0.041015625,1.25,12,21,15,26.25,15,26.25,393.75,1.75
test,test/images/GF6_WFV_E132.4_N35.8_20200914_L1A1120035552-1_7680_1024.png,test/labels/GF6_WFV_E132.4_N35.8_20200914_L1A1120035552-1_7680_1024.txt,512,512,0,0,0.6142578125,0.234375,0.021484375,0.03125,1.25,11,16,13.75,20,13.75,20,275,1.45454545455
test,test/images/GF6_WFV_E132.4_N35.8_20200914_L1A1120035552-1_7680_3584.png,test/labels/GF6_WFV_E132.4_N35.8_20200914_L1A1120035552-1_7680_3584.txt,512,512,0,0,0.8974609375,0.9443359375,0.033203125,0.037109375,1.25,17,19,21.25,23.75,21.25,23.75,504.6875,1.11764705882
test,test/images/GF6_WFV_E132.4_N35.8_20200914_L1A1120035552-1_8192_16896.png,test/labels/GF6_WFV_E132.4_N35.8_20200914_L1A1120035552-1_8192_16896.txt,512,512,0,0,0.9140625,0.4287109375,0.0390625,0.044921875,1.25,20,23,25,28.75,25,28.75,718.75,1.15
test,test/images/GF6_WFV_E132.4_N35.8_20200914_L1A1120035552-1_8192_16896.png,test/labels/GF6_WFV_E132.4_N35.8_20200914_L1A1120035552-1_8192_16896.txt,512,512,0,1,0.857421875,0.2900390625,0.03515625,0.033203125,1.25,18,17,22.5,21.25,21.25,22.5,478.125,1.05882352941
test,test/images/GF6_WFV_E132.4_N35.8_20200914_L1A1120035552-1_8192_16896.png,test/labels/GF6_WFV_E132.4_N35.8_20200914_L1A1120035552-1_8192_16896.txt,512,512,0,2,0.1171875,0.3212890625,0.0234375,0.029296875,1.25,12,15,15,18.75,15,18.75,281.25,1.25
test,test/images/GF6_WFV_E132.4_N35.8_20200914_L1A1120035552-1_8192_16896.png,test/labels/GF6_WFV_E132.4_N35.8_20200914_L1A1120035552-1_8192_16896.txt,512,512,0,3,0.258532423208,0.278756476684,0.0221843003413,0.0227979274611,1.25,11.3583617747,11.6725388601,14.1979522184,14.5906735751,14.1979522184,14.5906735751,207.157686254,1.02766042248
test,test/images/GF6_WFV_E132.4_N35.8_20200914_L1A1120035552-1_8192_2048.png,test/labels/GF6_WFV_E132.4_N35.8_20200914_L1A1120035552-1_8192_2048.txt,512,512,0,0,0.6728515625,0.9677734375,0.037109375,0.029296875,1.25,19,15,23.75,18.75,18.75,23.75,445.3125,1.26666666667
test,test/images/GF6_WFV_E132.4_N35.8_20200914_L1A1120035552-1_8704_16384.png,test/labels/GF6_WFV_E132.4_N35.8_20200914_L1A1120035552-1_8704_16384.txt,512,512,0,0,0.1279296875,0.193359375,0.033203125,0.01953125,1.25,17,10,21.25,12.5,12.5,21.25,265.625,1.7
test,test/images/GF6_WFV_E132.4_N35.8_20200914_L1A1120035552-1_8704_16384.png,test/labels/GF6_WFV_E132.4_N35.8_20200914_L1A1120035552-1_8704_16384.txt,512,512,0,1,0.1943359375,0.30078125,0.033203125,0.0234375,1.25,17,12,21.25,15,15,21.25,318.75,1.41666666667
test,test/images/GF6_WFV_E132.4_N35.8_20200914_L1A1120035552-1_8704_16384.png,test/labels/GF6_WFV_E132.4_N35.8_20200914_L1A1120035552-1_8704_16384.txt,512,512,0,2,0.515625,0.240234375,0.03125,0.02734375,1.25,16,14,20,17.5,17.5,20,350,1.14285714286
test,test/images/GF6_WFV_E132.4_N35.8_20200914_L1A1120035552-1_8704_16384.png,test/labels/GF6_WFV_E132.4_N35.8_20200914_L1A1120035552-1_8704_16384.txt,512,512,0,3,0.94921875,0.337890625,0.03125,0.03515625,1.25,16,18,20,22.5,20,22.5,450,1.125
test,test/images/GF6_WFV_E132.4_N35.8_20200914_L1A1120035552-1_8704_5632.png,test/labels/GF6_WFV_E132.4_N35.8_20200914_L1A1120035552-1_8704_5632.txt,512,512,0,0,0.095703125,0.552734375,0.03125,0.03515625,1.25,16,18,20,22.5,20,22.5,450,1.125
test,test/images/GF6_WFV_E132.4_N35.8_20200914_L1A1120035552-1_8704_5632.png,test/labels/GF6_WFV_E132.4_N35.8_20200914_L1A1120035552-1_8704_5632.txt,512,512,0,1,0.10546875,0.2255859375,0.03515625,0.041015625,1.25,18,21,22.5,26.25,22.5,26.25,590.625,1.16666666667
test,test/images/GF6_WFV_E132.4_N35.8_20200914_L1A1120035552-1_8704_7168.png,test/labels/GF6_WFV_E132.4_N35.8_20200914_L1A1120035552-1_8704_7168.txt,512,512,0,0,0.1357421875,0.58984375,0.029296875,0.0390625,1.25,15,20,18.75,25,18.75,25,468.75,1.33333333333
test,test/images/GF6_WFV_E132.4_N35.8_20200914_L1A1120035552-1_9216_17285.png,test/labels/GF6_WFV_E132.4_N35.8_20200914_L1A1120035552-1_9216_17285.txt,512,512,0,0,0.126953125,0.783203125,0.0390625,0.046875,1.25,20,24,25,30,25,30,750,1.2
test,test/images/GF6_WFV_E132.4_N35.8_20200914_L1A1120035552-1_9216_17285.png,test/labels/GF6_WFV_E132.4_N35.8_20200914_L1A1120035552-1_9216_17285.txt,512,512,0,1,0.521484375,0.7080078125,0.03125,0.029296875,1.25,16,15,20,18.75,18.75,20,375,1.06666666667
test,test/images/GF6_WFV_E132.4_N35.8_20200914_L1A1120035552-1_9216_7680.png,test/labels/GF6_WFV_E132.4_N35.8_20200914_L1A1120035552-1_9216_7680.txt,512,512,0,0,0.3505859375,0.5986328125,0.044921875,0.048828125,1.25,23,25,28.75,31.25,28.75,31.25,898.4375,1.08695652174
test,test/images/GF6_WFV_E132.4_N35.8_20200914_L1A1120035552-1_9216_7680.png,test/labels/GF6_WFV_E132.4_N35.8_20200914_L1A1120035552-1_9216_7680.txt,512,512,0,1,0.6259765625,0.4296875,0.029296875,0.03515625,1.25,15,18,18.75,22.5,18.75,22.5,421.875,1.2
test,test/images/GF6_WFV_E132.4_N35.8_20200914_L1A1120035552-1_9728_12288.png,test/labels/GF6_WFV_E132.4_N35.8_20200914_L1A1120035552-1_9728_12288.txt,512,512,0,0,0.533203125,0.6796875,0.02734375,0.03125,1.25,14,16,17.5,20,17.5,20,350,1.14285714286
test,test/images/GF6_WFV_E132.4_N35.8_20200914_L1A1120035552-1_9728_17285.png,test/labels/GF6_WFV_E132.4_N35.8_20200914_L1A1120035552-1_9728_17285.txt,512,512,0,0,0.2294921875,0.4033203125,0.029296875,0.037109375,1.25,15,19,18.75,23.75,18.75,23.75,445.3125,1.26666666667
test,test/images/GF6_WFV_E132.4_N35.8_20200914_L1A1120035552-1_9728_7168.png,test/labels/GF6_WFV_E132.4_N35.8_20200914_L1A1120035552-1_9728_7168.txt,512,512,0,0,0.453125,0.4990234375,0.03515625,0.044921875,1.25,18,23,22.5,28.75,22.5,28.75,646.875,1.27777777778
test,test/images/GF6_WFV_E132.4_N35.8_20200914_L1A1120035552-1_9728_7168.png,test/labels/GF6_WFV_E132.4_N35.8_20200914_L1A1120035552-1_9728_7168.txt,512,512,0,1,0.220703125,0.251953125,0.0234375,0.03125,1.25,12,16,15,20,15,20,300,1.33333333333
test,test/images/GF6_WFV_E132.4_N35.8_20200914_L1A1120035552-2_15872_8704.png,test/labels/GF6_WFV_E132.4_N35.8_20200914_L1A1120035552-2_15872_8704.txt,512,512,0,0,0.484375,0.154296875,0.0390625,0.03515625,1.25,20,18,25,22.5,22.5,25,562.5,1.11111111111
test,test/images/GF6_WFV_E132.4_N35.8_20200914_L1A1120035552-2_3072_2048.png,test/labels/GF6_WFV_E132.4_N35.8_20200914_L1A1120035552-2_3072_2048.txt,512,512,0,0,0.3056640625,0.7646484375,0.033203125,0.056640625,1.25,17,29,21.25,36.25,21.25,36.25,770.3125,1.70588235294
test,test/images/GF6_WFV_E132.4_N35.8_20200914_L1A1120035552-2_4608_13824.png,test/labels/GF6_WFV_E132.4_N35.8_20200914_L1A1120035552-2_4608_13824.txt,512,512,0,0,0.3251953125,0.1240234375,0.033203125,0.033203125,1.25,17,17,21.25,21.25,21.25,21.25,451.5625,1
test,test/images/GF6_WFV_E132.4_N35.8_20200914_L1A1120035552-2_512_13824.png,test/labels/GF6_WFV_E132.4_N35.8_20200914_L1A1120035552-2_512_13824.txt,512,512,0,0,0.642578125,0.1513671875,0.0546875,0.033203125,1.25,28,17,35,21.25,21.25,35,743.75,1.64705882353
test,test/images/GF6_WFV_E132.4_N35.8_20200914_L1A1120035552-3_10752_14336.png,test/labels/GF6_WFV_E132.4_N35.8_20200914_L1A1120035552-3_10752_14336.txt,512,512,0,0,0.1259765625,0.220703125,0.025390625,0.0234375,1.25,13,12,16.25,15,15,16.25,243.75,1.08333333333
test,test/images/GF6_WFV_E132.4_N35.8_20200914_L1A1120035552-3_10752_15360.png,test/labels/GF6_WFV_E132.4_N35.8_20200914_L1A1120035552-3_10752_15360.txt,512,512,0,0,0.59765625,0.6953125,0.02734375,0.03125,1.25,14,16,17.5,20,17.5,20,350,1.14285714286
test,test/images/GF6_WFV_E132.4_N35.8_20200914_L1A1120035552-3_10769_8192.png,test/labels/GF6_WFV_E132.4_N35.8_20200914_L1A1120035552-3_10769_8192.txt,512,512,0,0,0.3681640625,0.4375,0.029296875,0.02734375,1.25,15,14,18.75,17.5,17.5,18.75,328.125,1.07142857143
test,test/images/GF6_WFV_E132.4_N35.8_20200914_L1A1120035552-3_10769_8192.png,test/labels/GF6_WFV_E132.4_N35.8_20200914_L1A1120035552-3_10769_8192.txt,512,512,0,1,0.5634765625,0.287109375,0.037109375,0.0234375,1.25,19,12,23.75,15,15,23.75,356.25,1.58333333333
test,test/images/GF6_WFV_E132.4_N35.8_20200914_L1A1120035552-3_10769_8192.png,test/labels/GF6_WFV_E132.4_N35.8_20200914_L1A1120035552-3_10769_8192.txt,512,512,0,2,0.96484375,0.97265625,0.02734375,0.0234375,1.25,14,12,17.5,15,15,17.5,262.5,1.16666666667
test,test/images/GF6_WFV_E132.4_N35.8_20200914_L1A1120035552-3_11281_12800.png,test/labels/GF6_WFV_E132.4_N35.8_20200914_L1A1120035552-3_11281_12800.txt,512,512,0,0,0.990234375,0.748046875,0.01953125,0.03125,1.25,10,16,12.5,20,12.5,20,250,1.6
test,test/images/GF6_WFV_E132.4_N35.8_20200914_L1A1120035552-3_11281_14336.png,test/labels/GF6_WFV_E132.4_N35.8_20200914_L1A1120035552-3_11281_14336.txt,512,512,0,0,0.98046875,0.5078125,0.02734375,0.0390625,1.25,14,20,17.5,25,17.5,25,437.5,1.42857142857
test,test/images/GF6_WFV_E132.4_N35.8_20200914_L1A1120035552-3_12305_14336.png,test/labels/GF6_WFV_E132.4_N35.8_20200914_L1A1120035552-3_12305_14336.txt,512,512,0,0,0.8701171875,0.10546875,0.025390625,0.02734375,1.25,13,14,16.25,17.5,16.25,17.5,284.375,1.07692307692
test,test/images/GF6_WFV_E132.4_N35.8_20200914_L1A1120035552-3_12305_7680.png,test/labels/GF6_WFV_E132.4_N35.8_20200914_L1A1120035552-3_12305_7680.txt,512,512,0,0,0.416015625,0.515625,0.0234375,0.02734375,1.25,12,14,15,17.5,15,17.5,262.5,1.16666666667
test,test/images/GF6_WFV_E132.4_N35.8_20200914_L1A1120035552-3_12305_7680.png,test/labels/GF6_WFV_E132.4_N35.8_20200914_L1A1120035552-3_12305_7680.txt,512,512,0,1,0.16796875,0.18359375,0.02734375,0.02734375,1.25,14,14,17.5,17.5,17.5,17.5,306.25,1
test,test/images/GF6_WFV_E132.4_N35.8_20200914_L1A1120035552-3_12305_7680.png,test/labels/GF6_WFV_E132.4_N35.8_20200914_L1A1120035552-3_12305_7680.txt,512,512,0,2,0.2529296875,0.1455078125,0.029296875,0.029296875,1.25,15,15,18.75,18.75,18.75,18.75,351.5625,1
test,test/images/GF6_WFV_E132.4_N35.8_20200914_L1A1120035552-3_12305_7680.png,test/labels/GF6_WFV_E132.4_N35.8_20200914_L1A1120035552-3_12305_7680.txt,512,512,0,3,0.5537109375,0.2705078125,0.017578125,0.025390625,1.25,9,13,11.25,16.25,11.25,16.25,182.8125,1.44444444444
test,test/images/GF6_WFV_E132.4_N35.8_20200914_L1A1120035552-3_12305_7680.png,test/labels/GF6_WFV_E132.4_N35.8_20200914_L1A1120035552-3_12305_7680.txt,512,512,0,4,0.865234375,0.37890625,0.0234375,0.03125,1.25,12,16,15,20,15,20,300,1.33333333333
test,test/images/GF6_WFV_E132.4_N35.8_20200914_L1A1120035552-3_12305_7680.png,test/labels/GF6_WFV_E132.4_N35.8_20200914_L1A1120035552-3_12305_7680.txt,512,512,0,5,0.6904296875,0.2021484375,0.021484375,0.029296875,1.25,11,15,13.75,18.75,13.75,18.75,257.8125,1.36363636364
test,test/images/GF6_WFV_E132.4_N35.8_20200914_L1A1120035552-3_12305_7680.png,test/labels/GF6_WFV_E132.4_N35.8_20200914_L1A1120035552-3_12305_7680.txt,512,512,0,6,0.178754266212,0.278756476684,0.0196245733788,0.0248704663212,1.25,10.04778157,12.7336787565,12.5597269625,15.9170984456,12.5597269625,15.9170984456,199.914410511,1.26731245776
test,test/images/GF6_WFV_E132.4_N35.8_20200914_L1A1120035552-3_12305_8192.png,test/labels/GF6_WFV_E132.4_N35.8_20200914_L1A1120035552-3_12305_8192.txt,512,512,0,0,0.4794921875,0.8505859375,0.025390625,0.029296875,1.25,13,15,16.25,18.75,16.25,18.75,304.6875,1.15384615385
test,test/images/GF6_WFV_E132.4_N35.8_20200914_L1A1120035552-3_12305_8192.png,test/labels/GF6_WFV_E132.4_N35.8_20200914_L1A1120035552-3_12305_8192.txt,512,512,0,1,0.9296875,0.71875,0.0234375,0.02734375,1.25,12,14,15,17.5,15,17.5,262.5,1.16666666667
test,test/images/GF6_WFV_E132.4_N35.8_20200914_L1A1120035552-3_12305_8192.png,test/labels/GF6_WFV_E132.4_N35.8_20200914_L1A1120035552-3_12305_8192.txt,512,512,0,2,0.9619140625,0.671875,0.025390625,0.02734375,1.25,13,14,16.25,17.5,16.25,17.5,284.375,1.07692307692
test,test/images/GF6_WFV_E132.4_N35.8_20200914_L1A1120035552-3_12305_8192.png,test/labels/GF6_WFV_E132.4_N35.8_20200914_L1A1120035552-3_12305_8192.txt,512,512,0,3,0.3515625,0.30859375,0.03125,0.0234375,1.25,16,12,20,15,15,20,300,1.33333333333
test,test/images/GF6_WFV_E132.4_N35.8_20200914_L1A1120035552-3_12305_8192.png,test/labels/GF6_WFV_E132.4_N35.8_20200914_L1A1120035552-3_12305_8192.txt,512,512,0,4,0.6005859375,0.392578125,0.025390625,0.01953125,1.25,13,10,16.25,12.5,12.5,16.25,203.125,1.3
test,test/images/GF6_WFV_E133.0_N29.1_20200419_L1A1119988598-3_12305_16896.png,test/labels/GF6_WFV_E133.0_N29.1_20200419_L1A1119988598-3_12305_16896.txt,512,512,0,0,0.7265625,0.220703125,0.046875,0.04296875,1.25,24,22,30,27.5,27.5,30,825,1.09090909091
test,test/images/GF6_WFV_E133.0_N29.1_20200530_L1A1120002372-2_16384_7168.png,test/labels/GF6_WFV_E133.0_N29.1_20200530_L1A1120002372-2_16384_7168.txt,512,512,0,0,0.0537109375,0.216796875,0.041015625,0.04296875,1.25,21,22,26.25,27.5,26.25,27.5,721.875,1.04761904762
test,test/images/GF6_WFV_E133.0_N29.1_20200530_L1A1120002372-2_19968_15360.png,test/labels/GF6_WFV_E133.0_N29.1_20200530_L1A1120002372-2_19968_15360.txt,512,512,0,0,0.4033203125,0.255859375,0.029296875,0.04296875,1.25,15,22,18.75,27.5,18.75,27.5,515.625,1.46666666667
test,test/images/GF6_WFV_E133.0_N29.1_20200530_L1A1120002372-2_6656_6656.png,test/labels/GF6_WFV_E133.0_N29.1_20200530_L1A1120002372-2_6656_6656.txt,512,512,0,0,0.3408203125,0.7939453125,0.060546875,0.041015625,1.25,31,21,38.75,26.25,26.25,38.75,1017.1875,1.47619047619
test,test/images/GF6_WFV_E133.0_N38.0_20200914_L1A1120035551-1_7680_17289.png,test/labels/GF6_WFV_E133.0_N38.0_20200914_L1A1120035551-1_7680_17289.txt,512,512,0,0,0.616040955631,0.19170984456,0.0341296928328,0.0435233160622,1.25,17.4744027304,22.2839378238,21.843003413,27.8549222798,21.843003413,27.8549222798,608.435162426,1.27523316062
test,test/images/GF6_WFV_E133.1_N26.9_20200603_L1A1120004043-2_6144_17408.png,test/labels/GF6_WFV_E133.1_N26.9_20200603_L1A1120004043-2_6144_17408.txt,512,512,0,0,0.115234375,0.29296875,0.0390625,0.0546875,1.25,20,28,25,35,25,35,875,1.4
test,test/images/GF6_WFV_E133.6_N33.6_20200305_L1A1119973496-1_0_3584.png,test/labels/GF6_WFV_E133.6_N33.6_20200305_L1A1119973496-1_0_3584.txt,512,512,0,0,0.4072265625,0.1494140625,0.048828125,0.025390625,1.25,25,13,31.25,16.25,16.25,31.25,507.8125,1.92307692308
test,test/images/GF6_WFV_E133.6_N33.6_20200305_L1A1119973496-1_0_512.png,test/labels/GF6_WFV_E133.6_N33.6_20200305_L1A1119973496-1_0_512.txt,512,512,0,0,0.052734375,0.3525390625,0.03515625,0.021484375,1.25,18,11,22.5,13.75,13.75,22.5,309.375,1.63636363636
test,test/images/GF6_WFV_E133.6_N33.6_20200305_L1A1119973496-1_0_512.png,test/labels/GF6_WFV_E133.6_N33.6_20200305_L1A1119973496-1_0_512.txt,512,512,0,1,0.1787109375,0.353515625,0.025390625,0.03125,1.25,13,16,16.25,20,16.25,20,325,1.23076923077
test,test/images/GF6_WFV_E133.6_N33.6_20200305_L1A1119973496-1_0_512.png,test/labels/GF6_WFV_E133.6_N33.6_20200305_L1A1119973496-1_0_512.txt,512,512,0,2,0.759765625,0.2626953125,0.0390625,0.033203125,1.25,20,17,25,21.25,21.25,25,531.25,1.17647058824
test,test/images/GF6_WFV_E133.6_N33.6_20200305_L1A1119973496-1_0_512.png,test/labels/GF6_WFV_E133.6_N33.6_20200305_L1A1119973496-1_0_512.txt,512,512,0,3,0.58984375,0.01171875,0.0390625,0.0234375,1.25,20,12,25,15,15,25,375,1.66666666667
test,test/images/GF6_WFV_E133.6_N33.6_20200305_L1A1119973496-1_1024_3072.png,test/labels/GF6_WFV_E133.6_N33.6_20200305_L1A1119973496-1_1024_3072.txt,512,512,0,0,0.810546875,0.65234375,0.03515625,0.03515625,1.25,18,18,22.5,22.5,22.5,22.5,506.25,1
test,test/images/GF6_WFV_E133.6_N33.6_20200305_L1A1119973496-1_3072_10752.png,test/labels/GF6_WFV_E133.6_N33.6_20200305_L1A1119973496-1_3072_10752.txt,512,512,0,0,0.71875,0.787109375,0.01953125,0.03125,1.25,10,16,12.5,20,12.5,20,250,1.6
test,test/images/GF6_WFV_E133.6_N33.6_20200305_L1A1119973496-1_3072_10752.png,test/labels/GF6_WFV_E133.6_N33.6_20200305_L1A1119973496-1_3072_10752.txt,512,512,0,1,0.212890625,0.185546875,0.0234375,0.02734375,1.25,12,14,15,17.5,15,17.5,262.5,1.16666666667
test,test/images/GF6_WFV_E133.6_N33.6_20200305_L1A1119973496-1_3072_15872.png,test/labels/GF6_WFV_E133.6_N33.6_20200305_L1A1119973496-1_3072_15872.txt,512,512,0,0,0.35546875,0.9853515625,0.0390625,0.025390625,1.25,20,13,25,16.25,16.25,25,406.25,1.53846153846
test,test/images/GF6_WFV_E133.6_N33.6_20200305_L1A1119973496-1_3072_6144.png,test/labels/GF6_WFV_E133.6_N33.6_20200305_L1A1119973496-1_3072_6144.txt,512,512,0,0,0.564453125,0.93359375,0.03515625,0.04296875,1.25,18,22,22.5,27.5,22.5,27.5,618.75,1.22222222222
test,test/images/GF6_WFV_E133.6_N33.6_20200305_L1A1119973496-1_3072_6144.png,test/labels/GF6_WFV_E133.6_N33.6_20200305_L1A1119973496-1_3072_6144.txt,512,512,0,1,0.6259765625,0.0810546875,0.044921875,0.048828125,1.25,23,25,28.75,31.25,28.75,31.25,898.4375,1.08695652174
test,test/images/GF6_WFV_E133.6_N33.6_20200305_L1A1119973496-1_3072_8192.png,test/labels/GF6_WFV_E133.6_N33.6_20200305_L1A1119973496-1_3072_8192.txt,512,512,0,0,0.2705078125,0.9482421875,0.037109375,0.033203125,1.25,19,17,23.75,21.25,21.25,23.75,504.6875,1.11764705882
test,test/images/GF6_WFV_E133.6_N33.6_20200305_L1A1119973496-1_3584_15360.png,test/labels/GF6_WFV_E133.6_N33.6_20200305_L1A1119973496-1_3584_15360.txt,512,512,0,0,0.271484375,0.078125,0.02734375,0.03125,1.25,14,16,17.5,20,17.5,20,350,1.14285714286
test,test/images/GF6_WFV_E133.6_N33.6_20200305_L1A1119973496-1_6656_11264.png,test/labels/GF6_WFV_E133.6_N33.6_20200305_L1A1119973496-1_6656_11264.txt,512,512,0,0,0.615234375,0.201171875,0.03515625,0.0234375,1.25,18,12,22.5,15,15,22.5,337.5,1.5
test,test/images/GF6_WFV_E133.6_N33.6_20200305_L1A1119973496-1_7168_14336.png,test/labels/GF6_WFV_E133.6_N33.6_20200305_L1A1119973496-1_7168_14336.txt,512,512,0,0,0.8447265625,0.9833984375,0.025390625,0.025390625,1.25,13,13,16.25,16.25,16.25,16.25,264.0625,1
test,test/images/GF6_WFV_E133.6_N33.6_20200305_L1A1119973496-1_7168_14336.png,test/labels/GF6_WFV_E133.6_N33.6_20200305_L1A1119973496-1_7168_14336.txt,512,512,0,1,0.919921875,0.87890625,0.02734375,0.03515625,1.25,14,18,17.5,22.5,17.5,22.5,393.75,1.28571428571
test,test/images/GF6_WFV_E133.6_N33.6_20200305_L1A1119973496-1_7168_14336.png,test/labels/GF6_WFV_E133.6_N33.6_20200305_L1A1119973496-1_7168_14336.txt,512,512,0,2,0.6962890625,0.6552734375,0.017578125,0.025390625,1.25,9,13,11.25,16.25,11.25,16.25,182.8125,1.44444444444
test,test/images/GF6_WFV_E133.6_N33.6_20200305_L1A1119973496-1_7168_14336.png,test/labels/GF6_WFV_E133.6_N33.6_20200305_L1A1119973496-1_7168_14336.txt,512,512,0,3,0.7607421875,0.4716796875,0.052734375,0.029296875,1.25,27,15,33.75,18.75,18.75,33.75,632.8125,1.8
test,test/images/GF6_WFV_E133.6_N33.6_20200305_L1A1119973496-1_7680_8704.png,test/labels/GF6_WFV_E133.6_N33.6_20200305_L1A1119973496-1_7680_8704.txt,512,512,0,0,0.0234375,0.0830078125,0.0390625,0.037109375,1.25,20,19,25,23.75,23.75,25,593.75,1.05263157895
test,test/images/GF6_WFV_E133.6_N33.6_20200305_L1A1119973496-1_8704_17285.png,test/labels/GF6_WFV_E133.6_N33.6_20200305_L1A1119973496-1_8704_17285.txt,512,512,0,0,0.7607421875,0.2529296875,0.048828125,0.029296875,1.25,25,15,31.25,18.75,18.75,31.25,585.9375,1.66666666667
test,test/images/GF6_WFV_E133.6_N33.6_20200305_L1A1119973496-2_1024_10240.png,test/labels/GF6_WFV_E133.6_N33.6_20200305_L1A1119973496-2_1024_10240.txt,512,512,0,0,0.9560546875,0.3525390625,0.048828125,0.048828125,1.25,25,25,31.25,31.25,31.25,31.25,976.5625,1
test,test/images/GF6_WFV_E133.6_N33.6_20200305_L1A1119973496-2_2560_9216.png,test/labels/GF6_WFV_E133.6_N33.6_20200305_L1A1119973496-2_2560_9216.txt,512,512,0,0,0.869140625,0.8291015625,0.04296875,0.037109375,1.25,22,19,27.5,23.75,23.75,27.5,653.125,1.15789473684
test,test/images/GF6_WFV_E133.6_N33.6_20200305_L1A1119973496-2_2560_9216.png,test/labels/GF6_WFV_E133.6_N33.6_20200305_L1A1119973496-2_2560_9216.txt,512,512,0,1,0.233788395904,0.263730569948,0.0341296928328,0.0300518134715,1.25,17.4744027304,15.3865284974,21.843003413,19.2331606218,19.2331606218,21.843003413,420.109993103,1.13569495116
test,test/images/GF6_WFV_E133.6_N33.6_20200305_L1A1119973496-2_7168_5632.png,test/labels/GF6_WFV_E133.6_N33.6_20200305_L1A1119973496-2_7168_5632.txt,512,512,0,0,0.4365234375,0.1787109375,0.033203125,0.021484375,1.25,17,11,21.25,13.75,13.75,21.25,292.1875,1.54545454545
test,test/images/GF6_WFV_E133.6_N33.6_20200305_L1A1119973496-2_7168_5632.png,test/labels/GF6_WFV_E133.6_N33.6_20200305_L1A1119973496-2_7168_5632.txt,512,512,0,1,0.7431640625,0.0751953125,0.029296875,0.033203125,1.25,15,17,18.75,21.25,18.75,21.25,398.4375,1.13333333333
test,test/images/GF6_WFV_E133.6_N33.6_20200305_L1A1119973496-2_7168_5632.png,test/labels/GF6_WFV_E133.6_N33.6_20200305_L1A1119973496-2_7168_5632.txt,512,512,0,2,0.5283203125,0.5185546875,0.025390625,0.025390625,1.25,13,13,16.25,16.25,16.25,16.25,264.0625,1
test,test/images/GF6_WFV_E133.6_N33.6_20200305_L1A1119973496-2_7168_5632.png,test/labels/GF6_WFV_E133.6_N33.6_20200305_L1A1119973496-2_7168_5632.txt,512,512,0,3,0.1640625,0.1650390625,0.02734375,0.029296875,1.25,14,15,17.5,18.75,17.5,18.75,328.125,1.07142857143
test,test/images/GF6_WFV_E133.6_N33.6_20200305_L1A1119973496-2_9216_4608.png,test/labels/GF6_WFV_E133.6_N33.6_20200305_L1A1119973496-2_9216_4608.txt,512,512,0,0,0.6982421875,0.4189453125,0.029296875,0.029296875,1.25,15,15,18.75,18.75,18.75,18.75,351.5625,1
test,test/images/GF6_WFV_E133.6_N33.6_20200305_L1A1119973496-2_9216_4608.png,test/labels/GF6_WFV_E133.6_N33.6_20200305_L1A1119973496-2_9216_4608.txt,512,512,0,1,0.853515625,0.013671875,0.03125,0.02734375,1.25,16,14,20,17.5,17.5,20,350,1.14285714286
test,test/images/GF6_WFV_E134.3_N40.2_20200918_L1A1120036758-1_6144_10240.png,test/labels/GF6_WFV_E134.3_N40.2_20200918_L1A1120036758-1_6144_10240.txt,512,512,0,0,0.4404296875,0.689453125,0.033203125,0.03125,1.25,17,16,21.25,20,20,21.25,425,1.0625
test,test/images/GF6_WFV_E134.3_N40.2_20200918_L1A1120036758-1_6656_8704.png,test/labels/GF6_WFV_E134.3_N40.2_20200918_L1A1120036758-1_6656_8704.txt,512,512,0,0,0.7021484375,0.0234375,0.029296875,0.0234375,1.25,15,12,18.75,15,15,18.75,281.25,1.25
test,test/images/GF6_WFV_E134.3_N40.2_20200918_L1A1120036758-1_6656_8704.png,test/labels/GF6_WFV_E134.3_N40.2_20200918_L1A1120036758-1_6656_8704.txt,512,512,0,1,0.7587890625,0.0322265625,0.029296875,0.021484375,1.25,15,11,18.75,13.75,13.75,18.75,257.8125,1.36363636364
test,test/images/GF6_WFV_E134.3_N40.2_20200918_L1A1120036758-1_7680_8192.png,test/labels/GF6_WFV_E134.3_N40.2_20200918_L1A1120036758-1_7680_8192.txt,512,512,0,0,0.650390625,0.748046875,0.02734375,0.04296875,1.25,14,22,17.5,27.5,17.5,27.5,481.25,1.57142857143
test,test/images/GF6_WFV_E135.6_N26.9_20200107_L1A1119957261-2_2048_7680.png,test/labels/GF6_WFV_E135.6_N26.9_20200107_L1A1119957261-2_2048_7680.txt,512,512,0,0,0.3935546875,0.189453125,0.041015625,0.04296875,1.25,21,22,26.25,27.5,26.25,27.5,721.875,1.04761904762
test,test/images/GF6_WFV_E136.0_N26.9_20200913_L1A1120035638-1_1024_13824.png,test/labels/GF6_WFV_E136.0_N26.9_20200913_L1A1120035638-1_1024_13824.txt,512,512,0,0,0.5341796875,0.7392578125,0.041015625,0.052734375,1.25,21,27,26.25,33.75,26.25,33.75,885.9375,1.28571428571
test,test/images/GF6_WFV_E136.0_N26.9_20200913_L1A1120035638-2_6656_16317.png,test/labels/GF6_WFV_E136.0_N26.9_20200913_L1A1120035638-2_6656_16317.txt,512,512,0,0,0.5107421875,0.2900390625,0.037109375,0.044921875,1.25,19,23,23.75,28.75,23.75,28.75,682.8125,1.21052631579
test,test/images/GF6_WFV_E136.6_N24.7_20200521_L1A1119999504-3_11264_512.png,test/labels/GF6_WFV_E136.6_N24.7_20200521_L1A1119999504-3_11264_512.txt,512,512,0,0,0.5537109375,0.5341796875,0.041015625,0.056640625,1.25,21,29,26.25,36.25,26.25,36.25,951.5625,1.38095238095
test,test/images/GF6_WFV_E136.6_N29.1_20200913_L1A1120035632-1_7168_13824.png,test/labels/GF6_WFV_E136.6_N29.1_20200913_L1A1120035632-1_7168_13824.txt,512,512,0,0,0.8525390625,0.4990234375,0.060546875,0.041015625,1.25,31,21,38.75,26.25,26.25,38.75,1017.1875,1.47619047619
test,test/images/GF6_WFV_E137.2_N31.4_20200913_L1A1120035633-1_7680_1024.png,test/labels/GF6_WFV_E137.2_N31.4_20200913_L1A1120035633-1_7680_1024.txt,512,512,0,0,0.142578125,0.93359375,0.04296875,0.03125,1.25,22,16,27.5,20,20,27.5,550,1.375
test,test/images/GF6_WFV_E137.2_N31.4_20200913_L1A1120035633-2_3072_13312.png,test/labels/GF6_WFV_E137.2_N31.4_20200913_L1A1120035633-2_3072_13312.txt,512,512,0,0,0.720703125,0.4521484375,0.05078125,0.033203125,1.25,26,17,32.5,21.25,21.25,32.5,690.625,1.52941176471
test,test/images/GF6_WFV_E137.7_N29.1_20200521_L1A1119999499-2_21904_7168.png,test/labels/GF6_WFV_E137.7_N29.1_20200521_L1A1119999499-2_21904_7168.txt,512,512,0,0,0.9912109375,0.5859375,0.017578125,0.04296875,1.25,9,22,11.25,27.5,11.25,27.5,309.375,2.44444444444
test,test/images/GF6_WFV_E138.3_N31.4_20200521_L1A1119999493-1_9216_1024.png,test/labels/GF6_WFV_E138.3_N31.4_20200521_L1A1119999493-1_9216_1024.txt,512,512,0,0,0.9296875,0.087890625,0.04296875,0.046875,1.25,22,24,27.5,30,27.5,30,825,1.09090909091
test,test/images/GF6_WFV_E138.3_N31.4_20200521_L1A1119999493-2_16384_16896.png,test/labels/GF6_WFV_E138.3_N31.4_20200521_L1A1119999493-2_16384_16896.txt,512,512,0,0,0.4404296875,0.744140625,0.060546875,0.03515625,1.25,31,18,38.75,22.5,22.5,38.75,871.875,1.72222222222
test,test/images/GF6_WFV_E139.0_N29.1_20200529_L1A1120002145-1_12416_17289.png,test/labels/GF6_WFV_E139.0_N29.1_20200529_L1A1120002145-1_12416_17289.txt,512,512,0,0,0.8544921875,0.25390625,0.033203125,0.03125,1.25,17,16,21.25,20,20,21.25,425,1.0625
test,test/images/GF6_WFV_E139.0_N29.1_20200529_L1A1120002145-2_21904_4608.png,test/labels/GF6_WFV_E139.0_N29.1_20200529_L1A1120002145-2_21904_4608.txt,512,512,0,0,0.4482421875,0.048828125,0.056640625,0.0390625,1.25,29,20,36.25,25,25,36.25,906.25,1.45
test,test/images/GF6_WFV_E139.0_N29.1_20200529_L1A1120002145-3_1024_5120.png,test/labels/GF6_WFV_E139.0_N29.1_20200529_L1A1120002145-3_1024_5120.txt,512,512,0,0,0.90234375,0.3076171875,0.05859375,0.037109375,1.25,30,19,37.5,23.75,23.75,37.5,890.625,1.57894736842
